id,hip,hd,hr,gl,main_id,full_name,proper,ra,dec,rarad,decrad,dist,x,y,z,vx,vy,vz,pmra,pmdec,pmrarad,pmdecrad,spect,lum_class,mag,absmag,ci,radius,mass,temp,type,lifespan,comp,comp_primary,sibling,compdist,dist_au,inner_ohz,outer_ohz,inner_chz,outer_chz,bayer,flam,con,gaia,2mass,tyc,ccdm,wds,ads,tic,nltt,plx,fk5,iras,gcrv,web,old_bgs_id,rv,mag_V,mag_B,mag_J,mag_H,mag_K,primary_band,lum,base,comp_numeric,bf,STDT_Mismatch_FullName,STDT_Mismatch_Class,STDT_Mismatch_Magnitude,STDT_Mismatch_Mass,STDT_Mismatch_Radius,STDT_Mismatch_Temperature,STDT_Mismatch_Distance,STDT_Mismatch_InnerHZ,STDT_Mismatch_OuterHZ,Planets(ISIZ),Moons,FloraCount,FaunaCount,UniqueResourceCount,MinLevel,MaxLevel,SystemSize,SurveyDifficultyIndex,SurveyRank,Etymology
0,,,,,Sol,Sol,Sol,0.0,0.0,0.0,0.0,0.0,0.0,0.0,0.0,0.0,0.0,0.0,0.0,0.0,0.0,0.0,G2V,V,-26.74,4.83,0.63,1.0,1.0,5772.0,Main sequence,10.0,1,0,,,5e-05,0.84,2.4,0.95,1.67,,,,,,,,,,,,,,,,,0.0,,-26.74,-26.12,-27.47,-27.96,-28.25,V,1.0,Sol,1,,,,4.85 <-> 4.83,,1.00 <-> 1.00,5830 <-> 5772,,0.75 <-> 0.84,1.76 <-> 2.40,9,21,0,0,21,1,10,30,40,D,Linguistic; Latin 'sun'; cradle of humanity
3814,3821,4614A,219.0,34 A,* eta Cas A,Eta Cassiopeiae,Achird,12.2762,57.8152,0.21426059,1.0090652,5.923,3.0828,0.6708,5.0129,6362.29391694,32378.32969042,-8235.52465546,1078.609,-551.133,5.23e-06,-2.67e-06,F9V,V,1.99,3.127,0.58,1.996,1.48,6046.973231761683,Main sequence,3.752486184359976,1,3814,118021,,1221714.8506031432,1.840026189619492,5.257217684627118,3.6581473055530367,2.080982000164901,eta,,Cas,425040000951479424,J00490622+5748545,3663-2669-1,J00491+5749A,J00491+5749A,671 A,445258206.0,2690.0,155,,00461+5732,447.0,675.0,,8.404,3.440000057220459,4.019999980926514,2.369999885559082,2.0199999809265137,1.9900000095367432,K,4.8875,Eta Cassiopeiae,1,eta  Cas,Eta Cassiopeia <-> Eta Cassiopeiae,G0 <-> F9,4.59 <-> 3.13,0.97 <-> 1.48,1.04 <-> 2.00,5970 <-> 6047,5.95 <-> 5.92,0.84 <-> 1.84,1.96 <-> 5.26,4,5,11,10,17,20,30,9,37,D,Linguistic; Arabic 'hen's breast'
3820,3829,,,35,Wolf 28,Van Maanen's Star,vMA 2,12.2912,5.3886,0.21452266,0.09404898,4.3144,4.1969,0.9144,0.4052,-16.28674166,25772.41760222,-55194.84881248,1231.399,-2711.883,5.97e-06,-1.315e-05,DZ7.5,V,11.498,13.323,0.546,0.017,0.14,6187.357211382538,White dwarf,1328.4493003030398,1,3820,,,889916.3258262145,0.0168113774296044,0.048032506941727,0.0334226194136184,0.0190128673311002,,,Psc,2552928187080872960,J00490996+0523173,17-1272-1,,,,257219223.0,2724.0,160.00,,,453.0,681.0,,263.0,12.37399959564209,12.920000076293944,11.687999725341797,11.571999549865724,11.498000144958496,K,0.0002,Van Maanen's Star,1,Psc,,,14.22 <-> 13.32,0.7 <-> 0.14,0.01 <-> 0.02,6130 <-> 6187,4.26 <-> 4.31,0.01 <-> 0.02,0.02 <-> 0.05,1,0,0,0,2,10,20,1,1,E,Astronomer; mastered precision star mapping
5325,5336,6582,321.0,53 A,* mu. Cas A,Alpha Andraste,,17.0679,54.9202,0.29789156,0.95853755,7.6753,4.2169,1.2947,6.2811,7451.0255785,134292.13126178,-32801.12825022,3468.251,-1564.844,1.681e-05,-7.59e-06,G5Vb,Vb,5.17,5.78,0.695,0.789,0.74,5306.0,Main sequence,20.94438734608807,1,5325,119221,,1583143.863484079,0.95,2.36,0.96,1.66,mu,,Cas,411413822074322432,J01081597+5455148,3673-1929-1,J01080+5455A,J01083+5455A,,252191219.0,3721.0,219,1030.0,01051+5439,646.0,1137.0,,-97.09,5.170000076293945,5.860000133514404,4.03000020980835,3.5999999046325684,,H,1.6834,Alpha Andraste,1,mu  Cas,,,5.78 <-> 5.78,0.93 <-> 0.74,0.93 <-> 0.79,5575 <-> 5306,7.55 <-> 7.68,0.50 <-> 0.95,1.17 <-> 2.36,6,1,9,11,18,30,40,7,47,C,Mythic; Celtic war goddess
8087,8102,10700,509.0,71,* tau Cet,Tau Ceti,,26.017,-15.9375,0.45408254,-0.2781615,3.6522,3.1559,1.5404,-1.0028,16713.28391242,-25011.81313176,14237.579898,-1721.728,854.963,-8.35e-06,4.14e-06,G8V,V,1.68,3.867,0.72,1.695,1.25,5534.19739547371,Main sequence,5.745277678152845,1,8087,,,753314.458910696,1.308670965450639,3.73905990128754,2.6017625146459133,1.4800445442596513,tau,,Cet,2452378776434276864,J01440402-1556141,5855-2292-1,J01441-1557A,J01441-1556A,,419015728.0,5787.0,365.00,59.0,01416-1611,979.0,1733.0,,-16.597,3.5,4.21999979019165,2.140000104904175,1.7200000286102295,1.6799999475479126,K,2.5183,Tau Ceti,1,tau  Cet,,,5.68 <-> 3.87,0.78 <-> 1.25,0.79 <-> 1.70,5320 <-> 5534,3.65 <-> 3.65,0.53 <-> 1.31,1.26 <-> 3.74,9,9,9,11,26,10,20,18,54,C,Linguistic; Latin 'Cetus'; whale
15471,15510,20794,1008.0,139,* 82 Eri,Eridani,,49.9819,-43.0698,0.87234835,-0.7517095,6.0414,2.8379,3.38,-4.1256,-57383.56332135,66829.82296547,15149.18837847,3035.017,726.964,1.471e-05,3.52e-06,G6V,V,2.636,3.73,0.71,1.783,1.29,5567.728608655219,Main sequence,5.309783962537795,1,15471,,,1246130.8135003825,1.3938556662836012,3.982444760810289,2.771117812730493,1.576384384487406,,82.0,Eri,4847957293277762560,J03195563-4304112,7567-1183-1,,,,301051051.0,10637.0,703.00,119.0,F03180-4315,1851.0,2978.0,,87.882,4.269999980926514,4.980000019073486,3.032000064849853,2.7090001106262207,2.635999917984009,K,2.8568,Eridani,1,82.0 Eri,,G8 <-> G6,5.35 <-> 3.73,0.7 <-> 1.29,0.92 <-> 1.78,5400 <-> 5568,6.04 <-> 6.04,0.61 <-> 1.39,1.46 <-> 3.98,9,14,15,16,27,20,30,23,67,B,Mythic; genitive of legendary river Eridanus
24129,24186,33793,,191,V* VZ Pic,Kapteyn's Star,Kapteyn's,77.9191,-45.0184,1.35994527,-0.78571989,3.9339,0.582,2.7192,-2.7826,-134095.57861121,-48128.89293667,-75426.52127263,6491.223,-5708.614,3.147e-05,-2.768e-05,M1VIp,VI,5.049,7.075,1.58,0.876,0.6,3677.0147363402025,Main sequence,36.40964039017858,1,24129,,,811431.715202208,0.2987488033944886,0.8535680096985391,0.5939410734152335,0.3378706705056717,,,Pic,4810594479417465856,J05114046-4501051,8078-1749-1,,,,200385493.0,14668.0,1181.00,,05100-4502,3085.0,4691.0,,245.234,8.852999687194824,10.43299961090088,5.821000099182129,5.315999984741211,5.048999786376953,K,0.1683,Kapteyn's Star,1,Pic,,M0 <-> M1,10.90 <-> 7.08,0.28 <-> 0.6,0.29 <-> 0.88,3570 <-> 3677,3.91 <-> 3.93,0.05 <-> 0.30,0.13 <-> 0.85,2,0,0,0,8,10,20,2,20,E,Astronomer; charted stellar drift and parallax
32263,32349,48915,2491.0,244 A,* alf CMa A,Sirius,Sirius,101.2872,-16.7161,1.76779435,-0.29175126,2.6371,-0.4943,2.4768,-0.7585,7555.38374279,-2981.86799543,-14641.79693288,-546.01,-1223.07,-2.65e-06,-5.93e-06,A0mA1Va,V,-1.35,1.544,0.0,1.476,2.13,10125.237191650856,Main sequence,1.5086889894287236,1,32263,119224,,543932.9289839404,3.814165288016611,10.897615108618888,7.582923846413976,4.31363931382831,alf,,CMa,,J06450887-1642566,5949-2777-1,J06451-1643A,J06451-1643A,5423 A,322899250.0,16953.0,1577,257.0,S06430-1639,4392.0,6525.0,,-5.5,-1.4600000381469729,-1.4600000381469729,-1.3600000143051147,-1.3300000429153442,-1.350000023841858,V,24.7879,Sirius,1,alf  CMa,,A1 <-> A0,1.45 <-> 1.54,2.06 <-> 2.13,1.71 <-> 1.48,9940 <-> 10125,2.64 <-> 2.64,3.97 <-> 3.81,9.28 <-> 10.90,3,3,0,0,16,5,15,6,27,D,Linguistic; Greek 'scorching'
36107,36208,,,273,BD+05 1668,Luyten's Star,Luyten's star,111.8521,5.2258,1.95218705,0.09120723,3.7861,-1.4034,3.4994,0.3448,-11768.54507047,1801.79881882,-65976.64063889,571.232,-3691.487,2.77e-06,-1.79e-05,M3.5V,V,4.857,6.966,1.571,0.915,0.61,3689.747923732747,Main sequence,34.199185372383006,1,36107,,,780930.7041425923,0.3140990891982856,0.8974259691379591,0.6244589035251632,0.3552311127837754,,,CMi,3139847906304421888,J07272450+0513329,173-3208-1,,J07274+0514A,,318686860.0,17881.0,1755.00,,07247+0520,4954.0,7213.0,,18.36,9.871999740600586,11.442999839782717,5.714000225067139,5.218999862670898,4.85699987411499,K,0.2948,Luyten's Star,1,CMi,,M1 <-> M3,11.94 <-> 6.97,0.26 <-> 0.61,0.35 <-> 0.92,3150 <-> 3690,3.80 <-> 3.79,0.03 <-> 0.31,0.08 <-> 0.90,1,0,0,0,8,5,15,1,17,E,Astronomer; uncovered faint binary systems
37173,37279,61421,2943.0,280 A,* alf CMi A,Procyon A,Procyon A,114.8255,5.225,2.004083,0.09119324,3.5142,-1.4693,3.1762,0.32,10145.736932,6421.58306765,-17200.63769817,-714.59,-1036.8,-3.46e-06,-5.03e-06,F5IV-V,IV,-0.65,1.621,0.42,3.181,2.09,6775.501733074217,Subgiant,1.5765847492091212,1,37173,118493,,724855.2361540624,3.682183513001276,10.52052432286079,7.3205315079906335,4.1643742111323965,alf,,CMi,,J07391805+0513298,187-2184-1,J07393+0514A,J07393+0514A,,471011543.0,18229.0,1805,291.0,07366+0520,5099.0,7381.0,,-4.50528,0.3700000047683716,0.7900000214576721,-0.3899999856948852,-0.5600000023841858,-0.6499999761581421,K,25.5654,Procyon A,1,alf  CMi,,,2.67 <-> 1.62,1.5 <-> 2.09,2.05 <-> 3.18,6530 <-> 6776,,1.94 <-> 3.68,4.49 <-> 10.52,6,9,5,10,22,10,20,15,47,C,Linguistic; Greek 'before dog'
54712,54872,97603,4357.0,419,* del Leo,Zosma,Zosma,168.5271,20.5237,2.94135259,0.35820646,17.9147,-16.4424,3.3371,6.2808,-6193.22336321,-11171.18411888,-10337.18222693,143.42,-129.88,7e-07,-6.3e-07,A5IV(n),IV,2.24,0.974,0.15,2.678,2.43,8571.321109412325,Subgiant,1.0863938353471612,1,54712,,,3695177.463274812,4.960088803530784,14.17168229580224,9.86112893082906,5.609624242088387,del,,Leo,3990320597065900032,J11140651+2031258,1439-2479-1,J11141+2032A,J11141+2031A,,159523958.0,26691.0,2614.00,422.0,,6892.0,9902.0,,-20.9,2.5299999713897705,2.680000066757202,2.3299999237060547,2.2799999713897705,2.240000009536743,K,46.3896,Zosma,1,del  Leo,,A4 <-> A5,1.29 <-> 0.97,2.2 <-> 2.43,2.14 <-> 2.68,8900 <-> 8571,17.91 <-> 17.91,3.65 <-> 4.96,8.41 <-> 14.17,5,8,4,6,16,50,255,13,67,B,Linguistic; Greek 'girdle'
55476,55642,99028,4399.0,9359 A,* iot Leo,Leonis,,170.9811,10.5295,2.98418237,0.18377455,23.6101,-22.9255,3.6388,4.3145,-4240.09933305,-16258.38468202,-8882.45714529,149.407,-80.702,7.2e-07,-3.9e-07,F1IV,IV,2.79,0.925,0.4,4.252,2.46,6880.243849975384,Subgiant,1.0559133594813344,1,55476,,,4869927.517070085,5.0743060591873,14.498017311963713,10.088203712908085,5.73879851931897,iot,,Leo,3915612630249290752,J11235546+1031459,858-1221-1,J11239+1032A,J11239+1032A,8148 A,396915247.0,27257.0,2640.00,,11213+1048,6956.0,9999.0,,-11.8,4.010000228881836,4.409999847412109,3.0820000171661377,2.8399999141693115,2.789999961853028,K,48.5506,Leonis,1,iot  Leo,,F2 <-> F1,2.13 <-> 0.93,1.54 <-> 2.46,2.10 <-> 4.25,7170 <-> 6880,23.67 <-> 23.61,2.43 <-> 5.07,5.56 <-> 14.50,9,8,13,16,23,65,255,17,95,A,Linguistic; Latin 'lion' genitive
55539,55705,99211,4405.0,,* gam Crt,Katydid,,171.2205,-17.684,2.98836173,-0.30864423,26.5206,-24.9714,3.8566,-8.0561,1719.39418072,12049.85400534,437.01893738,-96.811,3.65,-4.7e-07,2e-08,A7V(n),V,3.546,1.428,0.19,2.35,2.19,8241.214124831342,Main sequence,1.4109781179795131,1,55539,,,5470271.862941403,4.024047172761305,11.49727763646087,8.000189022037356,4.551005731099095,gam,,Crt,3546521385853638656,J11245298-1741025,6088-2155-1,J11249-1741A,J11249-1741A,8153 A,334849779.0,,2644.00,431.0,F11223-1724,6963.0,10012.0,,0.58,4.059999942779541,4.25,3.6480000019073486,3.5230000019073486,3.5460000038146973,H,21.5758,Katydid,1,gam  Crt,,A9 <-> A7,2.05 <-> 1.43,1.78 <-> 2.19,1.38 <-> 2.35,7525 <-> 8241,25.24 <-> 26.52,2.49 <-> 4.02,5.73 <-> 11.50,3,2,4,4,17,75,255,5,56,C,Insect; onomatopoeic chirp sound
56075,56242,100180,4437.0,3669,*  88 Leo,Charybdis,,172.9373,14.3645,3.01832471,0.25070787,23.4447,-22.5394,2.7925,5.8164,-684.55350509,37026.81487108,-20449.33072513,-329.873,-189.925,-1.6e-06,-9.2e-07,F9.5V,V,4.904,3.054,0.276,1.301,1.51,7617.88126966791,Main sequence,3.5970341930947205,1,56075,,,4835812.358159687,1.903371810963004,5.438205174180012,3.7840844337002575,2.1526228814462547,,88.0,Leo,3966121303915627008,J11314496+1421525,862-1208-1,J11317+1422A,"J11317+1422Aa,Ab",8196 A,219030951.0,27657.0,2665,,,7016.0,10105.0,,-4.81,,6.769999980926514,5.179999828338623,4.958000183105469,4.90399980545044,K,5.2298,Charybdis,1,88.0 Leo,,G0 <-> F9,4.43 <-> 3.05,1.1 <-> 1.51,1.05 <-> 1.30,6000 <-> 7618,23.33 <-> 23.44,0.98 <-> 1.90,2.48 <-> 5.44,9,10,13,19,30,65,255,19,98,S,Mythic; Greek sea monster whirlpool
56828,56997,101501,4496.0,434,*  61 UMa,Kumasi,,175.2626,34.2016,3.05890886,0.59693112,9.5762,-7.8931,0.6541,5.3829,-9642.65150618,1369.50830025,-14315.02700135,-12.522,-381.196,-6e-08,-1.85e-06,G8V,V,3.588,3.682,0.74,1.89,1.3,5468.409762103408,Main sequence,5.164242880126961,1,56828,,,1975239.7505582944,1.4251939120325452,4.071982605807272,2.8334212298742267,1.611826448132045,,61.0,UMa,4025850731201819648,J11410301+3412064,2525-2445-1,J11411+3412A,J11411+3412A,,101641846.0,28222.0,2699.00,1300.0,,7092.0,10258.0,,-5.18,5.340000152587891,6.079999923706055,4.010000228881836,3.609999895095825,3.588000059127808,K,2.9867,Kumasi,1,61.0 UMa,,,5.40 <-> 3.68,0.84 <-> 1.3,0.88 <-> 1.89,5320 <-> 5468,9.61 <-> 9.58,0.60 <-> 1.43,1.43 <-> 4.07,9,19,15,23,30,25,35,28,70,B,Historical; Ghanaian city; Ashanti capital
57270,57443,102365A,4523.0,442 A,*  66 Cen A,Alpha Tirna,,176.6295,-40.5004,3.08276579,-0.70686458,9.3195,-7.0743,0.4166,-6.0525,-7587.39664004,68200.21633139,13536.81292925,-1530.971,403.287,-7.42e-06,1.96e-06,G2V,V,3.31,3.463,0.67,1.92,1.37,5706.318634763023,Main sequence,4.552623967808132,1,57270,118771,,1922275.7925265413,1.5764124702316653,4.5040356292333295,3.134058125341525,1.7828474365715263,,66.0,Cen,5381537023379295232,J11463107-4030013,7745-1381-1,J11465-4030A,J11467-4029A,,454082369.0,28512.0,2725,,11440-4013,7133.0,10319.0,,16.947,4.880000114440918,5.550000190734863,3.740000009536743,3.369999885559082,3.309999942779541,K,3.6541,Alpha Tirna,1,66.0 Cen,,G3 <-> G2,5.07 <-> 3.46,0.98 <-> 1.37,0.98 <-> 1.92,5745 <-> 5706,9.22 <-> 9.32,0.68 <-> 1.58,1.60 <-> 4.50,10,21,11,13,30,35,45,31,66,B,Mythic; Irish 'land of youth'
57459,57632,102647,4534.0,448,* bet Leo,Denebola,Denebola,177.2649,14.5721,3.09385632,0.25433039,10.9999,-10.6339,0.508,2.7675,-264.14941491,25993.56431474,-5787.13087219,-497.68,-114.67,-2.41e-06,-5.6e-07,A3Va,V,1.9,1.693,0.09,1.696,2.06,9125.459334985157,Main sequence,1.643480540600868,1,57459,,,2268890.177098229,3.561784446094564,10.17652698884161,7.081166696402288,4.028208599749804,bet,,Leo,,J11490366+1434197,870-988-1,J11490+1433A,J11491+1434A,8314 A,14725877.0,28642.0,2738.00,444.0,11464+1451,7151.0,10349.0,,-0.2,2.130000114440918,2.220000028610229,1.850000023841858,1.924999952316284,1.899999976158142,J,17.3291,Denebola,1,bet  Leo,,,1.93 <-> 1.69,1.78 <-> 2.06,1.73 <-> 1.70,8500 <-> 9125,,2.80 <-> 3.56,6.50 <-> 10.18,3,5,3,5,14,30,40,8,38,D,Linguistic; Arabic 'lion's tail'
57584,57757,102870,4540.0,449,* bet Vir,Lantana,Zavijava,177.6738,1.7647,3.10099328,0.03080022,11.0018,-10.9875,0.4463,0.3388,-2007.2484687,-38582.84983633,-14122.96349854,740.746,-270.927,3.59e-06,-1.31e-06,F9V,V,2.33,2.123,0.55,3.044,1.87,6170.478867816242,Main sequence,2.1046117326990794,1,57584,,,2269277.0849721385,2.9224137080572574,8.349753451592164,5.810036776732881,3.3051107412552314,bet,,Vir,3796442680947600896,J11504173+0145528,273-924-1,J11507+0146A,J11507+0146A,,366661076.0,28736.0,2739.00,445.0,11481+0202,7160.0,10364.0,,4.455,3.5999999046325684,4.150000095367432,2.630000114440918,2.36299991607666,2.3299999237060547,K,12.3289,Lantana,1,bet  Vir,,F8 <-> F9,3.40 <-> 2.12,1.18 <-> 1.87,1.11 <-> 3.04,6130 <-> 6170,10.93 <-> 11.00,1.43 <-> 2.92,3.35 <-> 8.35,9,12,12,12,27,30,40,21,66,B,Linguistic; Arabic 'corner'
57767,57939,103095,4550.0,451,V* CF Uma,Groombridge,,178.2449,37.7187,3.11095975,0.65831519,9.1718,-7.2517,0.2222,5.6112,-159931.53208739,-169211.39423053,-200150.00638923,4002.655,-5817.8,1.941e-05,-2.821e-05,K1V_Fe-1.5,V,4.373,4.561,0.75,1.276,1.06,5436.136574148009,Main sequence,8.564076927309666,1,57767,,,1891823.92671348,0.950899980057084,2.7168570858773826,1.8904797222563448,1.0754225964931303,,,UMa,4034171629042489344,J11525880+3743060,3014-574-1,,,,309599261.0,28839.0,2745.00,1307.0,,7170.0,10381.0,,-98.008,6.449999809265137,7.199999809265137,4.936999797821045,4.5,4.373000144958496,K,1.3922,Groombridge,1,UMa,,G8 <-> K1,6.63 <-> 4.56,0.66 <-> 1.06,0.68 <-> 1.28,4760 <-> 5436,9.09 <-> 9.17,0.32 <-> 0.95,0.76 <-> 2.72,8,18,12,6,26,25,35,26,57,C,Astronomer; mapped stars near celestial pole
58401,58576,104304,4587.0,454,*  24 Vir,Nirvana,,180.1853,-10.4461,3.14482589,-0.18231936,12.7655,-12.5539,-0.0406,-2.3145,5304.64771075,-5053.57980774,-28685.03483613,83.793,-482.006,4.1e-07,-2.34e-06,G8IV,IV,3.87,3.34,0.77,2.292,1.41,5372.7941961698025,Subgiant,4.2408315102885785,1,58401,,,2633081.4607351166,1.6684702664172524,4.767057904049293,3.3170777915676326,1.886960420352845,,24.0,Vir,3575733210781078016,J12004444-1026452,5521-1366-1,,J12007-1028A,,152738837.0,29280.0,2767.00,,11581-1009,7221.0,10453.0,,0.28,5.550000190734863,6.320000171661377,4.28000020980835,3.910000085830689,3.869999885559082,K,5.249,Nirvana,1,24.0 Vir,,K0 <-> G8,5.01 <-> 3.34,0.78 <-> 1.41,0.85 <-> 2.29,5200 <-> 5373,12.76 <-> 12.77,0.72 <-> 1.67,1.73 <-> 4.77,4,3,4,8,18,40,50,7,41,C,Linguistic; Sanskrit 'extinction'
59020,59199,105452,4623.0,9389,* alf Crv,Alchiba,Alchiba,182.1034,-24.7289,3.178304,-0.4316003,14.9769,-13.5943,-0.4993,-6.2652,1438.04291207,-6836.87272007,-2582.12594051,96.976,-40.023,4.7e-07,-1.9e-07,F1V,V,3.307,2.43,0.32,1.869,1.74,7337.081124302865,Main sequence,2.511732867152166,1,59020,,,3089202.361553761,2.5368835199412088,7.248238628403453,5.0435660455974025,2.8690944570763666,alf,,Crv,3489338019475637760,J12082481-2443440,6672-995-1,,,,421189312.0,,2796.00,,C12058-2426,7276.0,10532.0,,2.8,4.010000228881836,4.329999923706055,3.525000095367432,3.364000082015991,3.306999921798706,K,9.2906,Alchiba,1,alf  Crv,,F0 <-> F1,3.15 <-> 2.43,1.39 <-> 1.74,1.30 <-> 1.87,7040 <-> 7337,14.94 <-> 14.98,1.70 <-> 2.54,4.06 <-> 7.25,10,18,0,0,26,50,255,28,79,B,Linguistic; Arabic 'the tent'
59092,,105590A,,9390 A,** STF 1604A,Zelazny,,182.3689,-11.8571,3.1829375,-0.20694494,24.7923,-24.2426,-1.0029,-5.0941,5543.97380878,-36691.16274734,-19169.55070572,313.876,-166.66,1.52e-06,-8.1e-07,G4,V,5.271,3.299,0.75,2.281,1.42,5436.136574148009,Main sequence,4.143371740068609,1,59092,,,5113779.462552467,1.6997935086430864,4.8565528818373895,3.379351380278517,1.9223855157273,,,Crv,3574377616021489152,J12092849-1151251,5522-1685-1,J12095-1151A,J12095-1151A,,152854208.0,29769.0,,,,,,,1.94,6.840000152587891,7.590000152587891,5.645999908447266,5.379000186920166,5.270999908447266,K,4.2485,Zelazny,1,Crv,,G0 <-> G4,5.08 <-> 3.30,1.1 <-> 1.42,1.05 <-> 2.28,6000 <-> 5436,22.22 <-> 24.79,0.67 <-> 1.70,1.56 <-> 4.86,8,10,17,22,26,60,255,18,98,S,Author; The Chronicles of Amber
60776,60965,108767,4757.0,,* del Crv,Algorab,Algorab,187.4661,-16.5154,3.27190004,-0.28824865,26.2743,-24.9767,-3.2732,-7.4691,1486.12389559,26483.49156708,-16624.45704197,-209.276,-139.184,-1.01e-06,-6.7e-07,A0IV(n)kB9,IV,3.05,0.952,-0.05,1.705,2.44,10795.073234438129,Subgiant,1.0729660190187336,1,60776,,,5419464.161849711,5.0096860679234085,14.313388765495452,9.959733015990585,5.66571638634195,del,,Crv,3520586071216143360,J12295187-1630552,6103-2395-1,J12299-1631A,J12299-1631A,8572 A,297075865.0,30918.0,2880.00,465.0,F12272-1614,7515.0,10850.0,,13.9,2.940000057220459,2.890000104904175,3.0199999809265137,3.049999952316284,3.049999952316284,B,54.8356,Algorab,1,del  Crv,,B9 <-> A0,0.81 <-> 0.95,2.74 <-> 2.44,2.60 <-> 1.71,10500 <-> 10795,26.63 <-> 26.27,10.01 <-> 5.01,24.98 <-> 14.31,3,5,7,10,13,70,255,8,63,B,Linguistic; Arabic 'crow's crop'
60805,,108799A,,9409 A,** BU 28A,Marduk,,187.5199,-13.3932,3.27283955,-0.23375526,24.2957,-23.4317,-3.0931,-5.6277,-2769.75881102,30503.91445389,-5238.87388907,-265.722,-46.756,-1.29e-06,-2.3e-07,G0.1V,V,6.49,4.562,0.61,1.072,1.06,5928.662279892813,Main sequence,8.57210645379982,1,60805,,,5011353.5392801175,0.9501873438257872,2.714820982359392,1.8890629335584104,1.0746166388505929,,,Crv,3528362362908431360,,5533-1791-1,J12301-1324A,J12301-1324A,8573 A,,,,,,,,,1.26,6.489999771118164,7.099999904632568,,,,V,1.3154,Marduk,1,Crv,,G1 <-> G0,4.41 <-> 4.56,1.05 <-> 1.06,1.03 <-> 1.07,5915 <-> 5929,24.65 <-> 24.30,0.91 <-> 0.95,2.14 <-> 2.71,9,9,12,10,24,70,255,18,87,A,Mythic; Babylonian chief god
61748,61941,110379,4825.0,482 A,* gam Vir,Porrima,Porrima,190.4151,-1.4494,3.32337075,-0.02529687,12.0202,-11.8183,-2.1723,-0.304,-6335.93236172,33896.77621482,4882.28889836,-605.176,85.701,-2.93e-06,4.2e-07,F1-F2V,V,1.88,1.48,0.36,3.09,2.16,7100.6683644758405,Main sequence,1.454158490695079,1,61748,,,2479338.0011659563,3.928166533597174,11.223332953134785,7.809569179889619,4.442569293949185,gam,,Vir,3683687763520080384,J12413962-0126580,4949-1120-1,J12417-0127A,J12417-0127A,8630 A,51735845.0,31564.0,2924,,12390-0110,7623.0,11013.0,,-19.8,2.740000009536743,3.0999999046325684,2.0899999141693115,1.9299999475479128,1.8799999952316284,K,22.2752,Porrima,1,gam  Vir,,F0 <-> F1,2.40 <-> 1.48,1.56 <-> 2.16,1.40 <-> 3.09,7500 <-> 7101,11.68 <-> 12.02,2.12 <-> 3.93,4.87 <-> 11.22,6,15,12,14,24,30,40,21,62,B,Mythic; Roman goddess of prophecy
62328,62523,111395,4864.0,486.1,V* LW Com,Ixyll,,192.196,24.8402,3.3544536,0.43354376,17.0982,-15.1661,-3.2779,7.1828,-9238.43941612,25775.46787382,-7765.01809991,-334.908,-105.517,-1.62e-06,-5.1e-07,G5V,V,4.645,3.48,0.478,1.473,1.36,6490.378456787176,Main sequence,4.597937236809142,1,62328,,,3526750.1855151174,1.5639715733297892,4.468490209513684,3.109324437453272,1.7687773745991664,,,Com,3957887649746830848,J12484706+2450250,1990-3779-1,,,,160010717.0,31976.0,2945.00,3021.0,12462+2506,7674.0,11098.0,,-8.965,,6.980000019073486,5.123000144958496,4.704999923706055,4.644999980926514,K,3.5967,Ixyll,1,Com,,G7 <-> G5,5.15 <-> 3.48,0.87 <-> 1.36,0.90 <-> 1.47,5405 <-> 6490,16.93 <-> 17.10,0.67 <-> 1.56,1.59 <-> 4.47,9,17,16,16,28,40,50,26,73,B,Speculative; Ixion; 'cycle of exile'
63947,64150,114174,,9429,** CRJ 5,Verne,,197.2126,5.2072,3.44200912,0.09088349,26.4077,-25.1209,-7.7823,2.3967,-4237.87417147,-12522.35089847,-84812.71247787,85.533,-680.324,4.1e-07,-3.3e-06,G3IV,IV,5.202,3.093,0.411,1.593,1.49,6822.204625888648,Subgiant,3.679901508691073,1,63947,,,5446985.319942854,1.8690044266812875,5.340012647660822,3.715758800663989,2.113755006365742,,,Vir,3729017810434416128,J13085103+0512259,304-969-1,,J13088+0513AB,,381726125.0,33022.0,3002.00,3047.0,,7820.0,11339.0,,24.195,,7.46999979019165,5.61299991607666,5.311999797821045,5.202000141143799,K,6.5866,Verne,1,Vir,,G5 <-> G3,4.69 <-> 3.09,0.93 <-> 1.49,0.93 <-> 1.59,5575 <-> 6822,26.13 <-> 26.41,0.82 <-> 1.87,1.93 <-> 5.34,7,10,5,7,27,70,255,17,79,B,Author; From the Earth to the Moon
64587,64792,115383,5011.0,504,* 59 Vir,Rutherford,,199.1938,9.4242,3.47658787,0.16448254,17.5878,-16.3859,-5.7042,2.8799,-6707.28419456,27281.21440985,15708.26321548,-335.473,191.038,-1.63e-06,9.3e-07,G0IV,IV,4.033,2.807,0.357,1.669,1.59,7117.8228682923445,Subgiant,3.1205892473146872,1,64587,,,3627737.421668481,2.13250471415288,6.092870611865371,4.239622467422988,2.411761283863376,,59.0,Vir,3732539683617411072,J13164653+0925269,891-624-1,J13168+0925A,J13168+0925A,,397587084.0,33523.0,3034.00,,13142+0941,7894.0,11451.0,,-27.0,,5.809999942779541,4.389999866485596,4.10699987411499,4.0329999923706055,K,8.5747,Rutherford,1,59.0 Vir,,,3.97 <-> 2.81,1.1 <-> 1.59,1.05 <-> 1.67,6000 <-> 7118,17.56 <-> 17.59,1.11 <-> 2.13,2.60 <-> 6.09,6,15,7,7,24,45,55,21,59,C,Physicist; atomic nucleus discoverer
64720,64924,115617,5019.0,506,*  61 Vir,Volii,,199.6013,-18.3112,3.48370002,-0.31959062,8.5344,-7.6327,-2.7181,-2.6813,-1779.39761893,45327.10282465,-40858.46154456,-1070.202,-1063.849,-5.19e-06,-5.16e-06,G6.5V,V,2.956,3.3,0.7,2.148,1.42,5601.696866011756,Main sequence,4.145077032331714,1,64720,,,1760350.1671892577,1.6992340471002574,4.854954420286449,3.378239117449321,1.9217527913633865,,61.0,Vir,3507879565090229760,J13182443-1818387,6116-1517-1,J13185-1818A,J13184-1819A,,422478973.0,33614.0,3039.00,1345.0,13157-1802,7907.0,11474.0,,-7.824,4.739999771118164,5.440000057220459,3.3340001106262207,2.9739999771118164,2.9560000896453857,K,4.2457,Volii,1,61.0 Vir,,G5 <-> G6,5.08 <-> 3.30,0.93 <-> 1.42,0.93 <-> 2.15,5575 <-> 5602,8.55 <-> 8.53,0.68 <-> 1.70,1.62 <-> 4.85,6,5,0,2,13,5,15,11,30,D,Linguistic; Latin 'I fly'
65147,65352,116442,,3781,BD+06 2697,Al-Battani,,200.9131,2.7233,3.50659581,0.04753102,16.5888,-15.4785,-5.9147,0.7882,1018.93702696,-660.16587024,15655.6242487,12.467,199.291,6e-08,9.7e-07,G9V,V,5.097,3.998,0.512,1.218,1.21,6334.960560016023,Main sequence,6.194152516999783,1,65147,,,3421681.969818369,1.2322356529631426,3.5206732941804075,2.4498018338672,1.3935998456130778,,,Vir,3712538708114516992,J13233916+0243239,303-1283-1,J13237+0243A,J13237+0243A,8883 A,393713800.0,33954.0,,,,64077.0,,,28.492,,7.829999923706055,5.609000205993652,5.21999979019165,5.0970001220703125,K,2.2327,Al-Battani,1,Vir,,G5 <-> G9,6.12 <-> 4.00,0.93 <-> 1.21,0.93 <-> 1.22,5575 <-> 6335,15.45 <-> 16.59,0.42 <-> 1.23,1.00 <-> 3.52,8,12,3,7,19,35,45,20,53,C,Astronomer; refined solar year and trig tables
65150,65355,116443,,3782,BD-04 3519,Khayyam,,200.9202,2.7253,3.50671882,0.04756501,16.5793,-15.4689,-5.9132,0.7883,836.05829928,-157.22654913,15804.9688289,5.667,201.308,3e-08,9.8e-07,K2V,V,5.231,4.133,0.537,1.185,1.17,6225.703823104601,Main sequence,6.695631631018082,1,65150,,,3419730.4865533416,1.157833321824138,3.308095205211823,2.30188291362656,1.3094543520630133,,,Vir,3712538811193759744,J13234086+0243309,303-1282-1,J13237+0243B,J13237+0243B,8883 B,393713801.0,33956.0,,,,64078.0,,,27.496,,8.180000305175781,5.76800012588501,5.355999946594238,5.230999946594238,K,2.0641,Khayyam,1,Vir,,G4 <-> K2,6.31 <-> 4.13,0.95 <-> 1.17,0.95 <-> 1.19,5660 <-> 6226,16.14 <-> 16.58,0.39 <-> 1.16,0.91 <-> 3.31,6,12,5,9,26,40,50,18,50,C,Historical; Persian astronomer-poet
65515,65721,117176,5072.0,9446,*  70 Vir,Bara,,202.1075,13.7788,3.52744194,0.24048522,18.0992,-16.286,-6.6155,4.3108,-18527.96205341,14324.50115012,-47994.06273777,-235.951,-575.969,-1.14e-06,-2.79e-06,G4Va,V,3.24,1.952,0.71,4.045,1.94,5567.728608655219,Main sequence,1.9073314216163744,1,65515,,,3733225.329450455,3.161828831452791,9.033796661293689,6.286016843483525,3.5758778450954183,,70.0,Vir,3740176925743650816,J13282584+1346447,898-1042-1,J13285+1346A,J13284+1347A,,95473936.0,34214.0,3076.00,1349.0,13259+1402,7991.0,11632.0,,5.017,4.96999979019165,5.679999828338623,3.799999952316284,3.4570000171661377,3.240000009536743,K,14.7,Bara,1,70.0 Vir,,G5 <-> G4,3.69 <-> 1.95,0.93 <-> 1.94,0.93 <-> 4.04,5575 <-> 5568,17.99 <-> 18.10,1.29 <-> 3.16,3.06 <-> 9.03,7,10,3,9,22,45,55,17,53,C,Historical; Japan; early astronomical hub
67063,67275,120136,5185.0,527 A,* tau Boo,Shoza,,206.8156,17.4569,3.60961274,0.30468023,15.6135,-13.2927,-6.7192,4.6839,-14385.93063957,31617.86501423,4476.51843089,-468.923,63.469,-2.27e-06,3.1e-07,F7IV-V,IV,3.36,2.392,0.49,2.472,1.75,6434.591499248499,Subgiant,2.4582353730028723,1,67063,,,3220522.522522523,2.5809554908295875,7.374158545227393,5.131185321054061,2.918937757485843,tau,,Boo,1244571953471006720,J13471581+1727249,1460-132-1,J13473+1727A,J13473+1727A,9025 A,72506701.0,35234.0,3144,507.0,13448+1742,8140.0,11837.0,,-16.03,4.489999771118164,4.980000019073486,3.619999885559082,3.549999952316284,3.359999895095825,K,12.5604,Shoza,1,tau  Boo,,,3.53 <-> 2.39,1.22 <-> 1.75,1.14 <-> 2.47,6360 <-> 6435,15.62 <-> 15.61,1.33 <-> 2.58,3.01 <-> 7.37,9,11,22,22,26,35,45,20,82,A,Speculative; Fist of the North Star character
67711,67927,121370,5235.0,534 B,* eta Boo,Muphrid,Muphrid,208.6712,18.3977,3.64199883,0.3211008,11.396,-9.4877,-5.1881,3.5967,-6914.50374375,-28.24953117,-18262.06192655,-60.95,-356.29,-3e-07,-1.73e-06,G0IV,IV,1.485,1.201,0.57,4.781,2.31,6087.54723457096,Subgiant,1.238251634706047,1,67711,,,2350596.07977208,4.467166688109916,12.763333394599757,8.881152820408998,5.05215280202907,eta,,Boo,1244946371540224000,J13544106+1823514,1470-1157-1,J13547+1824A,J13547+1824A,,367758676.0,35643.0,3175.00,513.0,13522+1838,8204.0,11935.0,,5.77111,2.680000066757202,3.25,1.6699999570846558,1.534000039100647,1.4850000143051147,K,37.6275,Muphrid,1,eta  Boo,,,2.40 <-> 1.20,1.1 <-> 2.31,1.05 <-> 4.78,6100 <-> 6088,,2.28 <-> 4.47,5.32 <-> 12.76,8,21,8,11,28,15,25,29,62,B,Linguistic; Arabic 'solitary'
68415,68634,122676,,3824,BD+15 2658,Pyraas,,210.7369,14.9753,3.67805343,0.26136909,26.6456,-22.1246,-13.1559,6.8853,-3608.16654795,6273.32464084,358.16517679,-57.288,2.954,-2.8e-07,1e-08,G7V,V,5.253,3.125,0.72,2.385,1.48,5534.195806821752,Main sequence,3.747303007791485,1,68415,,,5496041.961433212,1.842061971018914,5.263034202911182,3.662194632859031,2.0832843719856764,,,Boo,1231250992143084800,J14025689+1458314,907-128-1,,,,72601126.0,,,,,,,,-8.86,7.139999866485596,7.860000133514404,5.7179999351501465,5.353000164031982,5.252999782562256,K,4.9894,Pyraas,1,Boo,,G5 <-> G7,4.98 <-> 3.12,0.93 <-> 1.48,0.93 <-> 2.38,5575 <-> 5534,26.83 <-> 26.65,0.71 <-> 1.84,1.68 <-> 5.26,8,13,10,11,24,70,255,21,90,A,Linguistic; Greek 'fire'
68463,68682,122742,5273.0,538,BD+11 2625,Moloch,,210.8848,10.7868,3.6806333,0.18826451,15.1179,-12.7449,-7.6231,2.8294,-308.91006551,-7554.08859611,-21789.60092888,88.248,-309.491,4.3e-07,-1.5e-06,G6V,V,4.459,3.562,0.758,2.041,1.34,5410.6097978740045,Main sequence,4.818223008526729,1,68463,,,3118283.789565346,1.5065021933704834,4.304291981058523,2.9950698368198894,1.7037822425023323,,,Boo,3724242219117947904,J14033235+1047121,904-1278-1,,J14035+1047AB,,457880598.0,36119.0,3201.00,,14010+1101,8257.0,12022.0,,-8.5,6.26800012588501,7.026000022888184,5.389999866485596,4.764999866485596,4.459000110626221,K,3.3372,Moloch,1,Boo,,G8 <-> G6,5.12 <-> 3.56,0.84 <-> 1.34,0.88 <-> 2.04,5320 <-> 5411,16.98 <-> 15.12,0.68 <-> 1.51,1.62 <-> 4.30,7,7,6,10,22,40,50,14,50,C,Mythic; Biblical child-sacrifice deity
69192,69414,124292,,3830,BD-02 3804,Bel,,213.1885,-3.3201,3.72084113,-0.0579464,21.7887,-18.2038,-11.907,-1.2619,-7606.53695025,15080.40598584,-33219.51550038,-162.498,-322.138,-7.9e-07,-1.56e-06,G8/K0V,V,5.304,3.613,0.744,1.961,1.32,5455.451253111298,Main sequence,4.962624603219494,1,69192,,,4494237.025932882,1.4713301910934706,4.203800545981345,2.925144546578686,1.6640043827842823,,,Vir,3646061719703115776,J14124525-0319120,4979-117-1,,,,147718994.0,36571.0,,,,,,,37.819,7.039000034332275,7.782999992370605,5.736999988555908,5.375999927520752,5.303999900817871,K,3.1832,Bel,1,Vir,,G0 <-> G8,5.33 <-> 3.61,1.1 <-> 1.32,1.05 <-> 1.96,6000 <-> 5455,22.05 <-> 21.79,0.59 <-> 1.47,1.39 <-> 4.20,7,12,9,13,25,55,255,19,85,A,Mythic; Babylonian storm god
69451,69673,124897,5340.0,541,* alf Boo,Arcturus,Arcturus,213.9153,19.1824,3.73352631,0.3347962,11.2575,-8.8234,-5.9325,3.6989,-61656.65086098,28856.67904709,-100810.01700328,-1093.39,-2000.06,-5.3e-06,-9.7e-06,K1.5IIIFe-0.5,III,-2.911,-3.168,1.23,73.345,6.31,4250.69369488885,Giant,0.1001035719064489,1,69451,,,2322017.4040301703,33.4133197429288,95.46662783693944,66.42886186987036,37.78887351878853,alf,,Boo,,J14153968+1910558,1472-1436-1,J14157+1911A,J14157+1911A,,459832522.0,36756.0,3242.00,526.0,14133+1925,8341.0,12132.0,,-5.229,-0.050000000745058,1.1799999475479126,-2.252000093460083,-2.809999942779541,-2.9110000133514404,K,1919.9092,Arcturus,1,alf  Boo,,K2 <-> K1,-0.31 <-> -3.17,1.08 <-> 6.31,25.39 <-> 73.34,4280 <-> 4251,11.26 <-> 11.26,8.66 <-> 33.41,21.59 <-> 95.47,3,1,4,4,10,15,25,4,27,D,Linguistic; Greek 'bear guardian'
69479,69701,124850,5338.0,9473,* iot Vir,Syrma,Syrma,214.0036,-6.0005,3.73506774,-0.1047293,22.0258,-18.1594,-12.2503,-2.3025,2190.42063431,4828.67096928,-43081.0861502,-26.606,-414.866,-1.3e-07,-2.01e-06,F7III,III,2.801,1.086,0.52,4.707,2.37,6299.551342527256,Giant,1.1590084059953316,1,69479,,,4543137.568445026,4.709881900665673,13.45680543047335,9.363693778704372,5.326652149562368,iot,,Vir,3640828731549668352,J14160086-0600016,4982-1645-1,,J14190-0636C,,6029884.0,36758.0,3241.00,525.0,14133-0545,8342.0,12135.0,,12.079,4.079999923706055,4.599999904632568,3.140000104904175,2.9089999198913574,2.8010001182556152,K,41.8275,Syrma,1,iot  Vir,,,2.33 <-> 1.09,1.22 <-> 2.37,1.14 <-> 4.71,6345 <-> 6300,22.24 <-> 22.03,2.31 <-> 4.71,5.37 <-> 13.46,7,11,13,12,24,55,255,18,89,A,Linguistic; Arabic 'the train'
69766,69989,125451,5365.0,3841,*  18 Boo,Rana,,214.8178,13.0043,3.74927846,0.22696787,26.1053,-20.8821,-14.523,5.8743,6721.38654832,-11186.93949956,-3769.52435307,105.226,-31.26,5.1e-07,-1.5e-07,F3V,V,4.394,2.31,0.392,2.218,1.79,6923.129265145771,Main sequence,2.344710279747148,1,69766,,,5384604.295887894,2.6804513923029285,7.658432549436939,5.328992648983204,3.0314628841521216,,18.0,Boo,1226844321337777664,J14191627+1300155,915-1442-1,J14192+1300A,J14193+1300A,,86433449.0,,3255.01,1372.0,14168+1314,8373.0,12171.0,,-1.2,5.395999908447266,5.788000106811523,4.738999843597412,4.538000106811523,4.394000053405762,K,10.3719,Rana,1,18.0 Boo,,F5 <-> F3,3.33 <-> 2.31,1.3 <-> 1.79,1.20 <-> 2.22,6675 <-> 6923,26.10 <-> 26.11,1.44 <-> 2.68,3.32 <-> 7.66,9,15,12,18,28,65,255,24,98,S,Linguistic; Latin 'the frog'
69793,70016,125455,,544 A,BD-04 3665,Bannoc,,214.8953,-5.1512,3.7506299,-0.08990526,20.4493,-16.7047,-11.6513,-1.836,-34231.74689041,50932.14390926,-11653.0991023,-632.951,-120.707,-3.07e-06,-5.9e-07,K1V,V,5.541,3.988,0.857,1.877,1.21,5114.572860875839,Main sequence,6.157475583502649,1,69793,118959,,4217964.8068055175,1.238104001871685,3.5374400053476704,2.461468670387754,1.4002366687834529,,,Vir,3642413746280598528,J14193488-0509041,4982-1062-1,J14196-0509A,J14196-0509A,,203230367.0,36962.0,3255,5266.0,,26146.0,12176.0,,-9.766,7.568999767303467,8.425999641418457,6.089000225067139,5.64300012588501,5.540999889373779,K,2.3602,Bannoc,1,Vir,,,5.98 <-> 3.99,0.76 <-> 1.21,0.83 <-> 1.88,5035 <-> 5115,20.88 <-> 20.45,0.47 <-> 1.24,1.12 <-> 3.54,4,3,3,5,18,0,0,7,28,D,Linguistic; Old English 'bannuc'; small piece of land
70096,70319,126053,5384.0,547,BD+01 2920,Hyla,,215.8137,1.2416,3.7666594,0.02166943,17.461,-14.1562,-10.2149,0.3783,10146.66447444,-15494.71591772,-39579.46736669,223.531,-478.275,1.08e-06,-2.32e-06,G1.5V,V,4.644,3.434,0.63,1.85,1.38,5852.508984247449,Main sequence,4.476253562636911,1,70096,,,3601582.7667249865,1.5978924411598738,4.565406974742497,3.176762353258321,1.807140260835572,,,Vir,3654496279558010880,J14231528+0114294,318-438-1,,J14233+0114A,,446436963.0,37152.0,3264.00,,14206+0128,8401.0,12208.0,,-19.214,6.269999980926514,6.900000095367432,5.052999973297119,4.814000129699707,4.644000053405762,K,3.7544,Hyla,1,Vir,,,5.07 <-> 3.43,1.05 <-> 1.38,1.03 <-> 1.85,5915 <-> 5853,17.19 <-> 17.46,0.67 <-> 1.60,1.58 <-> 4.57,8,14,13,8,32,40,50,22,64,B,Scientific; tree frog genus
71456,71683,128620,5459.0,559 A,* alf Cen A,Alpha Centauri,Rigil Kentaurus,219.9021,-60.834,3.83801495,-1.06175347,1.3475,-0.5038,-0.4213,-1.1766,-17097.19011557,16339.39359873,1487.85871545,-3679.25,473.67,-1.784e-05,2.3e-06,G2V,V,-2.008,2.344,0.71,3.376,1.77,5567.728640086511,Main sequence,2.391072230325832,1,71456,119223,,277939.963887242,2.6387918225427907,7.539405207265116,5.246169456721977,2.984347894542441,alf,,Cen,,J14393592-6050069,9007-5849-1,J14396-6050A,J14396-6050A,,471011145.0,37984.0,3309,,,8517.0,12354.0,,-15.252,0.0099999997764825,0.7200000286102295,-1.4539999961853027,-1.8860000371932983,-2.007999897003174,K,10.2389,Alpha Centauri,1,alf  Cen,,,4.38 <-> 2.34,1.1 <-> 1.77,1.24 <-> 3.38,5790 <-> 5568,1.32 <-> 1.35,0.93 <-> 2.64,2.19 <-> 7.54,4,8,13,17,18,1,10,12,47,C,Linguistic; Latin 'Centaur's foot'
71517,71743,128987,,,V* KU Lib,Kang,,220.1296,-16.2093,3.84198647,-0.28290552,23.7318,-17.4237,-14.6876,-6.6246,-6496.69809315,10958.07414343,-7126.03530442,-111.695,-66.024,-5.4e-07,-3.2e-07,G8Vk:,V,5.531,3.654,0.737,1.908,1.31,5478.169104676963,Main sequence,5.0826157693052885,1,71517,,,4895029.759644593,1.4434756508170763,4.124216145191647,2.869767067695854,1.63250222413836,,,Lib,6286606170175267840,J14403109-1612335,6154-999-1,,,,466493185.0,,,,,,,,-22.88,7.239999771118164,7.9770002365112305,5.947000026702881,5.629000186920166,5.531000137329102,K,3.0638,Kang,1,Lib,,G6 <-> G8,5.37 <-> 3.65,0.9 <-> 1.31,0.92 <-> 1.91,5490 <-> 5478,23.68 <-> 23.73,0.60 <-> 1.44,1.43 <-> 4.12,8,12,4,6,24,60,255,20,80,B,Linguistic; Chinese 'health' or warrior
71731,71957,129502,5487.0,9491,* mu. Vir,Heinlein,,220.7651,-5.6582,3.85307787,-0.09875424,19.1639,-14.4439,-12.4523,-1.8894,8668.57488272,-5720.93031957,-28580.13018374,110.002,-316.139,5.3e-07,-1.53e-06,F2V,V,3.04,1.628,0.38,2.981,2.09,6988.564151087949,Main sequence,1.5826893840830614,1,71731,,,3952833.973726321,3.670817002444066,10.488048578411616,7.297933802478083,4.151519228954598,mu,,Vir,6337717036910713856,J14430363-0539291,4997-942-1,,J14431-0540A,,185284200.0,38172.0,3325.00,545.0,14404-0526,8551.0,12388.0,,1.63,3.880000114440918,4.260000228881836,3.3299999237060547,3.069999933242798,3.039999961853028,K,19.4521,Heinlein,1,mu  Vir,,,2.56 <-> 1.63,1.99 <-> 2.09,1.26 <-> 2.98,7170 <-> 6989,18.27 <-> 19.16,1.99 <-> 3.67,4.56 <-> 10.49,7,16,5,8,26,45,55,23,62,B,Author; Starship Troopers
72341,72567,130948A,5534.0,564 A,V* HP Boo,Freya,,222.5659,23.9118,3.88450739,0.41734039,18.1983,-12.2527,-11.2534,7.3763,9243.39700274,-8423.95405007,2495.85738556,144.396,31.661,7e-07,1.5e-07,F9IV-V,IV,4.458,3.158,0.589,1.992,1.47,6010.951109720789,Subgiant,3.819105385481127,1,72341,,,3753667.975730752,1.814303640450068,5.183724687000194,3.607008428037635,2.051891021937577,,,Boo,1265976524286377984,J14501581+2354424,2016-334-1,,J14503+2355A,,198304072.0,,3352.10,3172.0,14480+2407,8622.0,12476.0,,-2.61,5.867000102996826,6.455999851226807,5.0,4.690000057220459,4.458000183105469,K,6.2067,Freya,1,Boo,,G2 <-> F9,4.56 <-> 3.16,1.0 <-> 1.47,1.00 <-> 1.99,5830 <-> 6011,18.17 <-> 18.20,0.85 <-> 1.81,2.01 <-> 5.18,9,8,6,10,25,40,50,17,63,B,Mythic; Norse love/war goddess
72377,72603,130819,5530.0,9498,* alf01 Lib,Foucault,,222.6715,-15.9972,3.88635169,-0.27920399,23.9382,-16.919,-15.5969,-6.5971,-4076.4320853,7586.85823386,-7397.17044641,-73.505,-67.871,-3.6e-07,-3.3e-07,F3V,V,4.14,2.245,0.41,2.351,1.81,6827.434012835564,Main sequence,2.257538386658104,1,72377,,,4937612.354036702,2.7629382010354884,7.894109145815681,5.492984280630078,3.1247515368853738,,1.0,Lib,6309706875115188224,J14504122-1559498,6155-1209-1,J14508-1602B,J14509-1603B,,386886976.0,,3350.00,1387.0,14479-1547,8619.0,12481.0,,-23.47,5.159999847412109,5.570000171661377,4.389999866485596,4.190000057220459,4.139999866485596,K,11.0201,Foucault,1,1.0 Lib,,,3.34 <-> 2.25,1.97 <-> 1.81,1.24 <-> 2.35,7005 <-> 6827,22.98 <-> 23.94,1.40 <-> 2.76,3.23 <-> 7.89,8,21,0,3,29,60,255,29,80,B,Physicist; pendulum/Earth rotation demonstrator
72407,72634,131023,,3868,BD+10 2752,Strix,,222.7596,9.7237,3.88788922,0.16971005,30.0375,-21.737,-20.1002,5.0732,-19879.38881446,23546.41038294,7900.99893457,-216.196,56.34,-1.05e-06,2.7e-07,K0V,V,5.821,3.433,0.46,1.466,1.38,6576.050088381066,Main sequence,4.473732271148465,1,72407,,,6195682.587551853,1.598612828588932,4.567465224539806,3.178194552075615,1.807954984713673,,,Boo,1174143182830505984,J14510231+0943252,918-132-1,J14510+0943A,J14510+0943A,9410 A,349674635.0,38552.0,,,,8629.0,12487.0,,-36.19,,,6.281000137329102,5.915999889373779,5.821000099182129,K,3.9348,Strix,1,Boo,,,5.05 <-> 3.43,0.78 <-> 1.38,0.85 <-> 1.47,5200 <-> 6576,29.44 <-> 30.04,0.71 <-> 1.60,1.69 <-> 4.57,6,9,11,7,24,70,255,15,79,B,Linguistic; Latin 'owl'; night bird
72432,72659,131156A,5544.0,566 A,* ksi Boo A,Cheyenne,,222.8475,19.1004,3.88942177,0.33336574,6.7536,-4.6789,-4.3399,2.2099,2462.58337164,-3281.97136107,-1226.83083013,127.468,-40.569,6.2e-07,-2e-07,G7Ve,V,4.675,5.527,0.725,0.794,0.85,5517.592145077337,Main sequence,14.939362313359512,1,72432,118988,,1393026.963689349,0.6092753923831157,1.7407868353803304,1.21129750628548,0.6890614556713808,ksi,,Boo,1237090738916392704,,1481-722-1,J14513+1906A,J14514+1906A,9413 A,1101124558.0,,,,,8634.0,,,1.49,4.675000190734863,5.400000095367432,2.6600000858306885,2.25,1.9700000286102293,K,6.5928,Cheyenne,1,ksi  Boo,,G8 <-> G7,5.41 <-> 5.53,0.84 <-> 0.85,0.88 <-> 0.79,5320 <-> 5518,6.71 <-> 6.75,0.60 <-> 0.61,1.42 <-> 1.74,9,26,16,21,31,1,10,35,69,B,Anthropologic; Algonquian-rooted Plains tribe
72717,72944,,,569 A,BD+16 2708,Sagan,,223.6218,16.1011,3.90293699,0.28101642,9.9478,-6.9189,-6.5938,2.7589,7969.43740203,-10587.47398759,-5344.13733721,279.117,-117.908,1.35e-06,-5.7e-07,M3V,V,5.77,5.781,1.536,1.537,0.8,3740.1494046825055,Main sequence,17.291744793129013,1,72717,,,2051890.000726193,0.5420111644312131,1.548603326946323,1.0775698150001498,0.612988816916253,,,Boo,1187851653287128576,J14542923+1606039,1478-495-1,J14545+1606A,J14545+1606A,,258105174.0,38745.0,3372.00,,,65111.0,12519.0,,-7.219,10.149999618530272,11.685999870300291,6.632999897003174,5.989999771118164,5.769999980926514,K,0.8779,Sagan,1,Boo,,M2 <-> M3,10.19 <-> 5.78,0.37 <-> 0.8,0.51 <-> 1.54,3420 <-> 3740,9.65 <-> 9.95,0.05 <-> 0.54,0.12 <-> 1.55,1,0,0,0,3,15,25,1,2,E,Astronomer; brought the cosmos closer to home
72955,73182,131976,,570 B,*  33 Lib B,Aranae,,224.3606,-21.4115,3.9158304,-0.37370203,5.9252,-3.9439,-3.8568,-2.1631,31171.2142474,-7302.27210421,-43884.2912532,961.78,-1677.83,4.66e-06,-8.13e-06,M1.5V,V,3.8,4.936,1.494,2.194,0.98,3802.552884872095,Main sequence,10.632099960020057,2,72957.0,72957,0.03889,1222165.1122829886,0.7998048718208023,2.285156776630864,1.5900882570723092,0.9045412240830502,,,,6232511675556408320,J14572643-2124384,6180-1230-1,J14574-2124B,J14575-2125B,9446 B,287157635.0,38871.0,,,,8667.0,12541.0,,25.9,8.0649995803833,9.559000015258787,4.550000190734863,3.910000085830689,3.799999952316284,K,1.9117,Aranae,2,,,K5 <-> M1,9.15 <-> 4.94,0.69 <-> 0.98,0.74 <-> 2.19,4375 <-> 3803,5.93 <-> 5.93,0.11 <-> 0.80,0.28 <-> 2.29,5,6,1,2,9,15,25,11,26,D,Linguistic; Latin 'spider'; myth of Arachne
72957,73184,131977,5568.0,570 A,*  33 Lib A,Olympus,,224.3667,-21.4155,3.91593712,-0.37377063,5.8864,-3.9175,-3.8318,-2.1493,32662.16354467,-8313.8024693,-44785.21989639,1031.472,-1723.619,5e-06,-8.36e-06,K4V,V,3.1,4.251,1.11,2.155,1.14,4493.257605873131,Main sequence,7.164593132683436,1,72957,72955,,1214148.723572455,1.0967965106043007,3.133704316012288,2.1805359198918834,1.2404246250881972,,33.0,Lib,6232511606838404096,J14572788-2124526,6180-855-1,J14574-2124A,J14575-2125A,9446 A,287157634.0,38872.0,3375,1391.0,14545-2112,8668.0,12542.0,,26.987,5.71999979019165,6.829999923706055,3.829999923706055,3.2300000190734863,3.0999999046325684,K,1.8522,Olympus,1,33.0 Lib,,,6.89 <-> 4.25,0.71 <-> 1.14,0.76 <-> 2.15,4540 <-> 4493,5.84 <-> 5.89,0.31 <-> 1.10,0.77 <-> 3.13,6,7,5,8,20,10,20,13,37,D,Mythic; Greek gods' mountain
73018,73245,132307,,,BD+07 2869,Bohr,,224.5453,6.905,3.91905513,0.12051428,34.7035,-24.5537,-24.167,4.1722,-17946.08578853,20934.63575595,15397.08917148,-167.215,94.299,-8.1e-07,4.6e-07,G5V,V,6.313,3.611,0.462,1.354,1.32,6566.411037452843,Main sequence,4.957728619009558,1,73018,,,7158119.970154951,1.472492481138472,4.207121374681348,2.927455289882438,1.6653188774780336,,,Vir,1160956465000504320,J14581087+0654179,333-909-1,,,,349760864.0,38925.0,,,,,,,-30.16,,,6.775000095367432,6.379000186920166,6.313000202178955,K,3.1882,Bohr,1,Vir,,,5.43 <-> 3.61,0.93 <-> 1.32,0.93 <-> 1.35,5575 <-> 6566,35.03 <-> 34.70,0.58 <-> 1.47,1.38 <-> 4.21,8,7,7,6,26,75,255,15,77,B,Physicist; devised atomic structure model
73082,73309,132375A,5583.0,,BD-04 3783A,Huygens,,224.7199,-4.9893,3.92210256,-0.0870789,34.3072,-24.2848,-24.0485,-2.9837,-40141.07010393,42699.14070652,-17159.26735611,-360.23,-105.924,-1.75e-06,-5.1e-07,F7V,V,4.837,2.16,0.49,2.752,1.85,6434.591499248499,Main sequence,2.150395656341032,1,73082,,,7076368.03392296,2.872530090682402,8.20722883052115,5.710863394570966,3.2486947454146216,,,Lib,6337304342094223360,J14585280-0459211,4995-952-1,J14589-0459A,J14589-0459A,9457 A,175838533.0,38950.0,3384,,14562-0447,8687.0,12557.0,,-24.379,6.079999923706055,6.570000171661377,5.139999866485596,4.98799991607666,4.836999893188477,K,11.9116,Huygens,1,Lib,,F8 <-> F7,3.44 <-> 2.16,1.18 <-> 1.85,1.11 <-> 2.75,6180 <-> 6435,33.77 <-> 34.31,1.40 <-> 2.87,3.27 <-> 8.21,8,12,11,18,28,75,255,20,99,S,Physicist; wave theory of light proponent
73489,73717,133352,,,BD-06 4125,Hawking,,226.0289,-6.8874,3.9449492,-0.12020723,34.2845,-23.6318,-24.4962,-4.1113,-23728.37727764,23170.08982215,-1288.99447731,-204.055,-8.022,-9.9e-07,-4e-08,G8V,V,5.794,3.119,0.75,2.48,1.48,5436.136574148009,Main sequence,3.733599827160086,1,73489,,,7071685.665993548,1.8474686258771915,5.278481788220547,3.6729435776367967,2.089399041170633,,,Lib,6333022740735635456,J15040696-0653144,5012-808-1,J15041-0653A,J15041-0653A,9492 A,192726036.0,,,,,,,,-44.78,7.75,8.5,6.288000106811523,5.9079999923706055,5.794000148773193,K,5.0188,Hawking,1,Lib,,G5 <-> G8,5.13 <-> 3.12,0.91 <-> 1.48,0.91 <-> 2.48,5575 <-> 5436,33.03 <-> 34.28,0.67 <-> 1.85,1.58 <-> 5.28,6,5,7,9,20,75,255,11,69,B,Physicist; black hole radiation theorist
73788,,134066A,,,BD+09 3000A,Fermi,,226.8873,9.226,3.95992995,0.16102468,32.8628,-22.1691,-23.6799,5.2689,-21741.18458204,21184.4053062,3518.31062296,-194.816,22.916,-9.4e-07,1.1e-07,G2V,V,5.492,2.908,0.645,2.402,1.56,5796.756211286872,Main sequence,3.3084040681074,1,73788,,,6778448.742174535,2.0350938840092963,5.814553954312275,4.045960459875625,2.301594273581942,,,Boo,1167718049194619392,J15073294+0913338,919-1659-1,J15075+0914A,J15075+0914A,9507 A,449902389.0,,,,,8748.0,,,-34.2,7.28000020980835,7.925000190734863,5.8470001220703125,5.578000068664551,5.492000102996826,K,6.0899,Fermi,1,Boo,,G5 <-> G2,4.22 <-> 2.91,0.93 <-> 1.56,0.93 <-> 2.40,5575 <-> 5797,31.56 <-> 32.86,1.01 <-> 2.04,2.40 <-> 5.81,10,19,6,11,30,75,255,29,89,A,Physicist; nuclear chain reaction pioneer
74309,74537,135204,,580,BD-00 2944,Ophion,,228.4621,-1.3514,3.98741519,-0.02358617,17.265,-11.4455,-12.9196,-0.4072,-77135.76144874,69726.77089416,-41209.55749347,-1270.39,-503.671,-6.16e-06,-2.44e-06,G9V,V,4.766,3.58,0.77,2.052,1.33,5372.7941961698025,Main sequence,4.870127445394733,1,74309,,,3561171.0188965914,1.4936437467133887,4.267553562038254,2.969506020251618,1.689239951640142,,,Ser,4418203587193988608,J15135096-0121047,5001-567-1,J15138-0121AB,J15138-0121AB,9544 AB,38838329.0,39643.0,3438,,15113-0109,8803.0,12718.0,,-69.54,6.599999904632568,7.369999885559082,5.285999774932861,4.986000061035156,4.765999794006348,K,3.2805,Ophion,1,Ser,,K0 <-> G9,5.34 <-> 3.58,0.78 <-> 1.33,0.85 <-> 2.05,5200 <-> 5373,17.67 <-> 17.27,0.65 <-> 1.49,1.56 <-> 4.27,1,1,0,0,3,45,55,2,31,D,Mythic; Greek primordial serpent
74746,74975,136202,5694.0,,*   5 Ser,Maal,,229.8283,1.7654,4.01126094,0.03081217,25.1285,-16.2022,-19.192,0.7741,32629.24393273,-30083.50308962,-61135.92626471,372.216,-513.483,1.8e-06,-2.49e-06,F8IV,IV,4.01,2.009,0.33,2.307,1.91,7276.378941283345,Subgiant,1.9714744367429509,1,74746,,,5183131.869512557,3.079260038770417,8.797885825058335,6.121862219936425,3.482496472418924,,5.0,Ser,4421455530273467392,J15191881+0145553,336-1027-1,J15193+0146A,J15193+0146A,9584 A,461297684.0,39881.0,3457,,15167+0156,8861.0,12790.0,,54.429,,5.599999904632568,4.340000152587891,3.950000047683716,4.010000228881836,H,18.8944,Maal,1,5.0 Ser,,,3.02 <-> 2.01,1.18 <-> 1.91,1.11 <-> 2.31,6180 <-> 7276,25.38 <-> 25.13,1.70 <-> 3.08,3.97 <-> 8.80,10,13,6,11,30,60,255,23,93,A,Historical; Norse 'assembly'
75150,75379,137052,5723.0,,* eps Lib,Archimedes,,231.0495,-10.3223,4.03257479,-0.18015775,28.8832,-17.8635,-22.0986,-5.1754,-4758.52658356,8665.87120167,-20512.78197041,-66.816,-152.296,-3.2e-07,-7.4e-07,F4V,V,4.008,1.705,0.438,3.145,2.05,6684.148897849182,Main sequence,1.6546010677956695,1,75150,,,5957588.079324827,3.542620617692018,10.121773193405764,7.043067180411511,4.006535222389782,eps,,Lib,6316197051735920640,J15241189-1019200,5598-1052-1,,,,37018039.0,,3478.00,,15214-1008,8913.0,12860.0,,-11.68,4.920000076293945,5.357999801635742,4.361000061035156,4.014999866485596,4.007999897003174,K,18.1172,Archimedes,1,eps  Lib,,F5 <-> F4,2.45 <-> 1.71,1.3 <-> 2.05,1.20 <-> 3.15,6675 <-> 6684,31.23 <-> 28.88,2.15 <-> 3.54,4.98 <-> 10.12,6,6,11,18,26,75,255,12,83,A,Astronomer; pioneered classical mechanics
75489,75718,137763,,586 A,BD-08 3981,Gamma Vulpes,,232.0401,-9.348,4.04986332,-0.16315318,19.5534,-11.8677,-15.2119,-3.1761,8849.65755645,254.87640888,-34330.60309555,73.584,-375.345,3.6e-07,-1.82e-06,G9V,V,4.891,3.435,0.821,2.326,1.38,5218.1587427056575,Main sequence,4.479434028650776,1,75489,75493,,4033170.440791442,1.5969847544287994,4.562813584082284,3.174957785590589,1.806113710365904,,,Lib,6317854874752593920,J15280961-0920525,5595-1153-1,J15282-0921A,J15282-0921A,,37149737.0,40292.0,3491,,15254-0910,8936.0,12892.0,,6.82,6.882999897003174,7.703999996185303,5.436999797821045,5.052000045776367,4.890999794006348,K,3.7501,Gamma Vulpes,1,Lib,,K2 <-> G9,5.32 <-> 3.44,0.74 <-> 1.38,0.81 <-> 2.33,4870 <-> 5218,20.58 <-> 19.55,0.63 <-> 1.60,1.54 <-> 4.56,4,9,14,15,20,50,255,13,74,B,Linguistic; Latin 'little fox'
75493,75722,137778,,586 B,BD-08 3983,Delta Vulpes,,232.0509,-9.3579,4.05005187,-0.16332551,20.6846,-12.5509,-16.0939,-3.3633,9874.26675623,-497.94964093,-34511.65583337,82.532,-356.698,4e-07,-1.73e-06,K1V,V,5.461,3.883,0.917,2.102,1.24,4951.280572962446,Main sequence,5.796845064968446,2,75489.0,75489,1.131252,4266500.210982683,1.29934934465069,3.712426699001972,2.583230244722205,1.4695022350216138,,,,6317854118838346752,J15281221-0921279,5595-1154-1,J15282-0921B,J15282-0921B,,37149743.0,40296.0,,,,8937.0,12893.0,,7.56,7.532000064849853,8.449000358581543,5.99399995803833,5.550000190734863,5.460999965667725,K,2.5995,Delta Vulpes,2,,,K2 <-> K1,6.01 <-> 3.88,0.73 <-> 1.24,0.80 <-> 2.10,4870 <-> 4951,20.49 <-> 20.68,0.46 <-> 1.30,1.12 <-> 3.71,7,8,0,3,18,50,255,15,69,B,Linguistic; Latin 'little fox'
76816,77052,140538,5853.0,9527 A,* psi Ser A,Copernicus,,236.0076,2.5152,4.11910928,0.04389794,14.7927,-8.2624,-12.253,0.6492,-2713.07711897,1298.57604686,-9586.11519839,-42.431,-136.845,-2.1e-07,-6.6e-07,G2.5V,V,4.3,3.45,0.29,1.111,1.37,7526.014629748909,Main sequence,4.517925227575688,1,76816,119039,,3051222.931123494,1.586090832228543,4.531688092081551,3.15329963074008,1.793793203115614,psi,,Ser,4423865487962417152,J15440182+0230548,355-1288-1,J15439+0230A,J15440+0231A,9763 A,459427073.0,,3556,3248.0,15415+0240,9078.0,13065.0,,19.072,,,4.590000152587891,4.039999961853027,4.300000190734863,H,4.1696,Copernicus,1,psi  Ser,,G5 <-> G2,5.03 <-> 3.45,0.93 <-> 1.37,0.93 <-> 1.11,5575 <-> 7526,14.66 <-> 14.79,0.70 <-> 1.59,1.66 <-> 4.53,1,2,14,14,20,30,40,15,38,D,Astronomer; theorized planetary orbits around the Sun
76835,77070,140573,5854.0,9528,* alf Ser,Serpentis,Unukalhai,236.067,6.4256,4.12014598,0.1121484,22.7557,-12.623,-18.7616,2.5467,12291.66729509,-7610.31992041,4883.03268189,133.922,45.55,6.5e-07,2.2e-07,K2IIIbCN1,III,0.15,-1.635,1.17,34.284,4.43,4368.44672786617,Giant,0.2419005398062418,1,76835,,,4693703.629536921,16.495664538274543,47.13047010935584,32.794952117760104,18.65581108495336,alf,,Ser,4429785739602747392,J15441605+0625324,363-1135-1,J15442+0626A,J15443+0626A,9765 A,296856546.0,,3557.00,582.0,15418+0634,9079.0,13072.0,,2.63,2.630000114440918,3.799999952316284,0.8309999704360962,0.289000004529953,0.1500000059604644,K,467.9302,Serpentis,1,alf  Ser,,,0.85 <-> -1.64,0.74 <-> 4.43,12.00 <-> 34.28,4870 <-> 4368,22.68 <-> 22.76,4.97 <-> 16.50,12.07 <-> 47.13,6,9,14,21,21,55,255,15,87,A,Linguistic; Arabic 'serpent neck'
77022,77257,141004,5868.0,598,* lam Ser,Kryx,,236.6109,7.3531,4.12963912,0.12833526,11.9159,-6.5037,-9.8674,1.525,-10803.78135038,6595.66085591,-3916.79452879,-223.952,-69.763,-1.09e-06,-3.4e-07,G0-V,V,2.989,2.608,0.61,2.637,1.67,5928.662279892813,Main sequence,2.7834980464257764,1,77022,,,2457833.2344312654,2.336719320379032,6.676340915368663,4.645620553610695,2.642718279000096,lam,,Ser,4430238051199001088,J15462661+0721109,364-1224-1,,,,296740796.0,41151.0,3570.00,,15440+0730,9096.0,13090.0,,-66.395,4.420000076293945,5.03000020980835,3.430000066757202,3.069999933242798,2.989000082015991,K,8.0289,Kryx,1,lam  Ser,,,4.00 <-> 2.61,1.1 <-> 1.67,1.05 <-> 2.64,6000 <-> 5929,12.12 <-> 11.92,1.09 <-> 2.34,2.56 <-> 6.68,1,7,1,7,18,20,30,8,20,E,Error; Data Corrupt
77172,77408,141272,,3917,V* V382 Ser,Nirah,,237.0394,1.5717,4.13711851,0.02743205,21.665,-11.7826,-18.171,0.5942,-15409.55201373,9465.74213616,-17053.62920161,-176.036,-166.105,-8.5e-07,-8.1e-07,K0V,V,5.501,3.822,0.82,1.944,1.26,5221.101052455648,Main sequence,5.598256974545878,1,77172,,,4468717.023235661,1.3360940260977718,3.817411503136491,2.656282170932475,1.5110587199915275,,,Ser,4422809716282811904,J15480945+0134183,352-286-1,,J15482+0134A,,272595871.0,41229.0,3574.00,,15456+0143,9105.0,13111.0,,-26.361,7.421999931335449,8.241999626159668,5.991000175476074,5.610000133514404,5.500999927520752,K,2.7486,Nirah,1,Ser,,G8 <-> K0,5.80 <-> 3.82,0.84 <-> 1.26,0.88 <-> 1.94,5320 <-> 5221,21.29 <-> 21.66,0.60 <-> 1.34,1.42 <-> 3.82,5,2,0,0,13,55,255,7,62,B,Mythic; Mesopotamian serpent god
78498,78738,144087,,9541 A,BD-11 4057,Enlil,,241.108,-11.4494,4.20812889,-0.19982943,27.8631,-13.1944,-23.9096,-5.5309,-6827.84532833,4469.12909688,-2871.09997763,-61.607,-22.227,-3e-07,-1.1e-07,K1(V),V,5.787,3.562,0.71,1.927,1.34,5567.726999373595,Main sequence,4.81907674443419,1,78498,,,5747170.672447325,1.5062886789780496,4.3036819399372845,2.994645349873027,1.7035407678918415,,,Sco,4343064577465522688,J16042591-1126577,5619-1260-1,J16044-1123D,J16044-1127A,9910 A,49777149.0,,3637,,,9240.0,13312.0,,-31.79,7.429999828338623,8.140000343322754,6.197999954223633,5.894000053405762,5.787000179290772,K,3.4935,Enlil,1,Sco,,G8 <-> K1,5.43 <-> 3.56,0.84 <-> 1.34,0.88 <-> 1.93,5320 <-> 5568,25.26 <-> 27.86,0.59 <-> 1.51,1.41 <-> 4.30,7,8,5,9,23,65,255,15,76,B,Mythic; Sumerian air/storm god
79252,,145958A,,9548 A,*  49 Ser A,Sparta,,243.3269,13.5269,4.24685511,0.23608897,24.3139,-10.6118,-21.1238,5.6871,13338.90967254,-19390.55459612,-47055.19241146,178.934,-419.941,8.7e-07,-2.04e-06,G9V,V,5.172,3.243,0.78,2.425,1.44,5341.709475081673,Main sequence,4.010340156337293,1,79252,,,5015106.385565311,1.7447544605379637,4.985012744394182,3.4687380346409515,1.973234211322697,,49.0,Ser,4464207428579939840,J16131843+1331379,958-1468-1,J16134+1331A,J16133+1332A,9969 A,119985828.0,42273.0,3681,,,9334.0,,,18.37,7.340000152587891,8.119999885559082,5.590000152587891,5.23799991607666,5.171999931335449,K,4.4762,Sparta,1,49.0 Ser,,G8 <-> G9,4.82 <-> 3.24,0.84 <-> 1.44,0.88 <-> 2.42,5320 <-> 5342,23.59 <-> 24.31,0.78 <-> 1.74,1.87 <-> 4.99,8,13,10,10,27,60,255,21,89,A,Historical; Greek warrior city-state
79431,79672,146233,6060.0,616,*  18 Sco,Jaffa,,243.9053,-8.3694,4.25695042,-0.14607428,14.1369,-6.152,-12.5606,-2.0577,16096.93353459,-2516.33467867,-32846.0775774,232.23,-495.378,1.13e-06,-2.4e-06,G2Va,V,4.19,3.438,0.65,1.894,1.38,5778.423382587899,Main sequence,4.48806438094479,1,79431,,,2915935.2871406944,1.5945275359520303,4.555792959862943,3.170072601237965,1.8033347132790816,,18.0,Sco,4345775217221821440,J16153726-0822096,5613-1378-1,J16156-0822A,J16156-0822A,,135656809.0,42344.0,3687.00,,16129-0814,9353.0,13483.0,,11.764,5.5,6.150000095367432,4.666999816894531,4.162000179290772,4.190000057220459,H,3.4033,Jaffa,1,18.0 Sco,,G1 <-> G2,4.78 <-> 3.44,1.05 <-> 1.38,1.03 <-> 1.89,5915 <-> 5778,13.90 <-> 14.14,0.77 <-> 1.59,1.81 <-> 4.56,8,12,7,11,31,35,45,20,60,C,Historical; Biblical port city
81444,81693,150680,6212.0,635 A,* zet Her A,Bradbury,,250.3192,31.6046,4.36889418,0.55160405,10.7158,-3.0733,-8.5937,5.6154,-18987.47053878,16528.24075148,14773.1356651,-461.52,342.28,-2.24e-06,1.66e-06,G0IV,IV,2.88,1.128,0.64,5.35,2.35,5815.2141520103805,Subgiant,1.1870483588870335,1,81444,119106,,2210295.820831548,4.620665780621209,13.201902230346311,9.186323635282642,5.2257529661787485,zet,,Her,1312665361415345920,,2582-3158-1,J16413+3136A,J16413+3136A,10157 A,,,,,,,,,,2.880000114440918,3.5199999809265137,1.4950000047683716,1.187000036239624,1.277999997138977,H,43.7775,Bradbury,1,zet  Her,,F9 <-> G0,2.66 <-> 1.13,1.14 <-> 2.35,1.08 <-> 5.35,5820 <-> 5815,10.72 <-> 10.72,2.05 <-> 4.62,4.82 <-> 13.20,5,4,7,9,19,20,30,9,46,C,Author; The Martian Chronicles
82337,82588,152391,,641,V* V2292 Oph,Tidacha,,253.245,-0.0264,4.41995925,-0.00046115,16.8122,-4.8466,-16.0985,-0.0078,-54320.32645986,16363.55099339,-118257.40243641,-711.832,-1483.821,-3.45e-06,-7.19e-06,G8.5Vk:,V,4.835,3.707,0.76,1.913,1.3,5404.266838749797,Main sequence,5.23863659935072,1,82337,,,3467771.891628349,1.4089794788011654,4.025655653717615,2.801185392378508,1.5934886962632226,,,Oph,4381250547575102464,J16525877-0001356,5051-1354-1,,,,326927305.0,43724.0,3837.00,,16504+0003,9702.0,13945.0,,45.122,6.639999866485596,7.400000095367432,5.235000133514404,4.941999912261963,4.835000038146973,K,2.9191,Tidacha,1,Oph,,,5.47 <-> 3.71,0.84 <-> 1.3,0.88 <-> 1.91,5320 <-> 5404,17.25 <-> 16.81,0.58 <-> 1.41,1.38 <-> 4.03,1,3,5,7,13,45,55,4,27,D,Mythic; Native 'morning star'
83021,83276,153631,,650,BD-13 4528,Masada,,255.2948,-13.5671,4.45573517,-0.23679079,50.8769,-12.5545,-47.8372,-11.9349,-882.0483506,18818.36320744,-74854.18045829,-23.344,-319.192,-1.1e-07,-1.55e-06,G0V,V,5.58,2.047,0.62,3.459,1.9,5890.322448052482,Main sequence,2.0153458111052265,1,83021,,,10494106.220714008,3.025517187610268,8.644334821743621,6.01501631346327,3.4217158669401835,,,Oph,4140792817780067328,J17011074-1334011,5655-99-1,,,,434710990.0,44008.0,3861.00,5499.0,,,,,83.21,7.119999885559082,7.739999771118164,5.964000225067139,5.663000106811523,5.579999923706055,K,13.4599,Masada,1,Oph,,G2 <-> G0,4.93 <-> 2.05,1.0 <-> 1.9,1.00 <-> 3.46,5830 <-> 5890,27.38 <-> 50.88,0.72 <-> 3.03,1.69 <-> 8.64,9,8,8,7,22,75,255,17,82,A,Historical; Biblical fortress site
83344,83601,154417,6349.0,9583,V* V2213 Oph,Heisenberg,,256.3201,0.7026,4.4736293,0.01226201,20.59,-4.8691,-20.0044,0.2525,-1708.52327615,21.19156428,-32637.43245281,-17.059,-334.401,-8e-08,-1.62e-06,F8.5IV-V,IV,4.636,3.068,0.667,2.295,1.5,5717.012277811041,Subgiant,3.6260089512472353,1,83344,,,4246998.097481429,1.891194466837755,5.403412762393585,3.759874713832203,2.1388508851141275,,,Oph,4381502851133968384,J17051682+0042090,398-1908-1,,,,297236135.0,44139.0,3881.00,,17027+0046,9855.0,14137.0,,-16.748,,6.590000152587891,5.302999973297119,4.702000141143799,4.636000156402588,K,6.7439,Heisenberg,1,Oph,,F9 <-> F8,4.42 <-> 3.07,1.14 <-> 1.5,1.08 <-> 2.29,6015 <-> 5717,20.67 <-> 20.59,0.91 <-> 1.89,2.14 <-> 5.40,10,9,13,7,25,55,255,19,87,A,Physicist; uncertainty principle formulator
83865,84123,,,660 A,G 19-15A,Lunara,,257.9659,-1.8529,4.50235446,-0.03233968,10.1843,-2.1219,-9.9554,-0.3291,-25940.20015515,6049.55672385,-15650.38472402,-551.62,-324.34,-2.67e-06,-1.57e-06,M3V,V,6.656,6.616,1.612,1.109,0.66,3632.4685039624096,Main sequence,27.96302232127981,1,83865,,,2100670.1904470925,0.3689877927224924,1.0542508363499783,0.73358287362686,0.4173076227218664,,,Oph,4367834134891584512,,,,J17119-0151A,,,,,,,,,,-3.1,11.392999649047852,13.005000114440918,7.461999893188477,6.916999816894531,6.656000137329102,K,0.4069,Lunara,1,Oph,,G4 <-> M3,11.41 <-> 6.62,0.95 <-> 0.66,0.95 <-> 1.11,5660 <-> 3632,,0.37 <-> 0.37,0.87 <-> 1.05,8,17,4,7,24,25,35,25,53,C,Linguistic; Latin 'moon'
84147,,155886,6402.0,663 A,*  36 Oph A,Guniibuu,,258.8366,-26.6017,4.51755087,-0.46428724,5.9523,-1.0304,-5.2215,-2.6653,-10991.58829543,16968.13305799,-28993.05632637,-498.6,-1149.158,-2.42e-06,-5.57e-06,K2V,V,5.08,6.207,0.85,0.67,0.73,5134.371452337879,Main sequence,22.087501916629183,1,84147,119135,,1227744.0475800743,0.4456172620242948,1.2731921772122707,0.8859295566435385,0.5039719034798572,,36.0,Oph,4109030160308320256,,6820-326-1,J17155-2635A,J17153-2636A,10417 A,1277142191.0,44415.0,3908.00A,,,9941.0,14249.0,,0.62,5.079999923706055,5.929999828338623,,,,V,0.3576,Guniibuu,1,36.0 Oph,,,5.46 <-> 6.21,0.74 <-> 0.73,0.81 <-> 0.67,4870 <-> 5134,5.93 <-> 5.95,0.59 <-> 0.45,1.44 <-> 1.27,7,20,10,12,28,20,30,27,60,C,Linguistic; Wiradjuri 'night'
84604,84862,157214,6458.0,672,* 72 Her,Nemeria,,260.1649,32.4677,4.54073348,0.56666903,14.5863,-2.1021,-12.1255,7.8303,2663.8851381,-39610.2166559,-60769.28001262,135.81,-1040.953,6.6e-07,-5.05e-06,G0V,V,3.91,3.09,0.62,2.14,1.49,5890.320632506188,Main sequence,3.673404357880256,1,84604,,,3008639.5507420776,1.8716485259838032,5.3475672170965804,3.7210155218963705,2.1167453567673964,,72.0,Her,1333760419707327744,J17203955+3228056,2596-1317-1,J17206+3229A,J17207+3228A,10488 A,9728611.0,44643.0,3946.00,1456.0,17187+3231,10019.0,14326.0,,-78.608,5.389999866485596,6.010000228881836,4.159999847412109,3.9049999713897705,3.910000085830689,H,4.5908,Nemeria,1,72.0 Her,,,4.60 <-> 3.09,1.1 <-> 1.49,1.05 <-> 2.14,6000 <-> 5890,14.33 <-> 14.59,0.83 <-> 1.87,1.95 <-> 5.35,7,12,14,7,26,35,45,19,59,C,Mythic; Roman nemesis variant
84636,84893,156897,6445.0,670 A,* ksi Oph A,Xi Ophiuchi,,260.2516,-21.1129,4.54224661,-0.36849025,17.5187,-2.7672,-16.1067,-6.3104,22761.56247798,2246.82848117,-15691.35721206,265.543,-202.584,1.29e-06,-9.8e-07,F2V,V,3.067,1.849,0.365,2.628,1.99,7072.277604539667,Main sequence,1.7983489040815148,1,84636,119147,,3613482.4638239727,3.3142107555480256,9.469173587280071,6.5889666211490505,3.7482145449650286,ksi,,Oph,4115142276696645632,J17210038-2106463,6246-664-1,J17210-2107A,J17210-2107A,,75899957.0,44619.0,3935.00,,17180-2103,10009.0,14338.0,,-8.93,4.38700008392334,4.751999855041504,3.3550000190734863,3.135999917984009,3.066999912261963,K,15.8563,Xi Ophiuchi,1,ksi  Oph,,,3.19 <-> 1.85,1.37 <-> 1.99,1.40 <-> 2.63,3900 <-> 7072,17.36 <-> 17.52,1.74 <-> 3.31,4.43 <-> 9.47,9,14,3,5,28,50,255,23,85,A,Linguistic; Greek 'Ophiuchus'; 'serpent bearer'
85264,85523,,,674,CD-46 11540,Sakharov,,262.1664,-46.8952,4.57566756,-0.81847549,4.5528,-0.424,-3.082,-3.324,14133.47492999,12063.87013702,-12984.66049603,572.568,-880.583,2.78e-06,-4.27e-06,M3V,V,4.855,6.564,1.566,1.097,0.67,3696.861847377754,Main sequence,27.127193771088464,1,85264,,,939077.07983244,0.3780553518169933,1.0801581480485525,0.7516100446837845,0.4275626002692186,,,Ara,5951824121022277632,J17283991-4653424,8346-37-1,,,,218263393.0,44819.0,3958.00,,17248-4651,,,,-2.904,9.406999588012695,10.972999572753906,5.710999965667725,5.15399980545044,4.855000019073486,K,0.4271,Sakharov,1,Ara,,,11.09 <-> 6.56,0.37 <-> 0.67,0.51 <-> 1.10,3600 <-> 3697,4.54 <-> 4.55,0.05 <-> 0.38,0.12 <-> 1.08,1,1,0,0,2,15,25,2,7,E,Physicist; hydrogen bomb developer
85407,,158614A,,678 A,*  150 Oph A,Alpha Marae,,262.5992,-1.063,4.58322006,-0.01855323,16.4709,-2.1212,-16.3309,-0.3056,,,,-138.312,-144.42,-6.7e-07,-7e-07,G9IV-V ,IV,5.981,4.897,0.709,1.041,0.98,5571.105459654328,Subgiant,10.395703668231548,1,85407,119159,,3397363.439910926,0.8143220093469551,2.326634312419872,1.6189497090588272,0.9209594153328658,,150.0,Oph,4373199682919087616,,5080-2188-1,J17304-0104A,J17304-0104A,10598 A,,,,,,,,,,5.980999946594238,6.690000057220459,,,,V,1.8073,Alpha Marae,1,150.0 Oph,,G8 <-> G9,4.24 <-> 4.90,1.1 <-> 0.98,1.70 <-> 1.04,5500 <-> 5571,16.34 <-> 16.47,1.01 <-> 0.81,2.40 <-> 2.33,5,7,0,2,20,45,55,12,38,D,Linguistic; Maori 'sacred space'
85769,86032,159561,6556.0,681,* alf Oph,Rasalhague,Rasalhague,263.7336,12.56,4.60302006,0.21921401,14.8965,-1.5871,-14.4531,3.2394,7213.26862853,-4226.5237015,-15269.46176328,108.07,-221.57,5.2e-07,-1.07e-06,A5IVnn,IV,1.683,0.818,0.15,2.878,2.52,8571.321109412325,Subgiant,0.992877801844306,1,85769,,,3072617.3990764194,5.330434917698929,15.229814050568368,10.597412276853824,6.028468061683313,alf,,Oph,4493746564376875520,J17345606+1233361,1000-2508-1,J17349+1234A,J17349+1234AB,,289643770.0,45084.0,4000.00,656.0,17326+1235,10159.0,14516.0,,11.7,2.069999933242798,2.220000028610229,1.8329999446868896,1.718000054359436,1.6829999685287476,K,53.5756,Rasalhague,1,alf  Oph,,,1.22 <-> 0.82,2.1 <-> 2.52,2.60 <-> 2.88,8040 <-> 8571,14.90 <-> 14.90,3.63 <-> 5.33,8.35 <-> 15.23,4,3,3,3,15,40,50,7,36,D,Linguistic; Arabic 'serpent's head'
86469,86736,160915,6595.0,692,*  58 Oph,Feynman,,265.8575,-21.6832,4.64008825,-0.37844313,17.1692,-1.1525,-15.9127,-6.3436,-7798.54777046,1900.30182283,-3378.03664479,-97.253,-44.614,-4.7e-07,-2.2e-07,F5V,V,3.877,2.703,0.452,2.027,1.63,6614.917029053035,Main sequence,2.9397555481791686,1,86469,,,3541409.7318679965,2.236816260209211,6.390903600597746,4.447003755415932,2.529732675236608,,58.0,Oph,4117290138348535808,J17432580-2140593,6260-2072-1,,,,238115675.0,,4034.00,1463.0,17404-2139,10236.0,14624.0,,10.36,4.861000061035156,5.313000202178955,4.080999851226807,3.786999940872192,3.877000093460083,H,7.0909,Feynman,1,58.0 Oph,,F6 <-> F5,3.63 <-> 2.70,1.26 <-> 1.63,1.17 <-> 2.03,6510 <-> 6615,17.65 <-> 17.17,1.26 <-> 2.24,2.92 <-> 6.39,9,14,9,13,31,55,255,23,89,A,Physicist; quantum electrodynamics pioneer
86475,86742,161096,6603.0,,* bet Oph,Cebalrai,Cebalrai,265.8681,4.5673,4.6402743,0.07971449,25.4917,-1.8309,-25.3447,2.0299,-4925.84739048,1906.10470396,19203.82430087,-41.793,159.43,-2e-07,7.7e-07,K2IIICN0.5,III,0.219,-1.813,1.18,37.549,4.62,4348.347789269023,Giant,0.2183990490150866,1,86475,,,5258047.893872807,17.901057669960203,51.14587905702916,35.58900751051612,20.24524379340737,bet,,Oph,4473334474601314304,J17432835+0434022,423-1724-1,,,,361269297.0,,4042.00,665.0,17409+0435,10239.0,14628.0,,-12.12,2.75,3.930000066757202,0.8859999775886536,0.3540000021457672,0.2189999967813491,K,551.0599,Cebalrai,1,bet  Oph,Celebrai <-> Cebalrai,,0.76 <-> -1.81,1.13 <-> 4.62,12.42 <-> 37.55,4870 <-> 4348,25.09 <-> 25.49,5.18 <-> 17.90,12.58 <-> 51.15,4,3,6,9,16,0,0,7,31,D,Linguistic; Arabic 'shepherd's dog'
86705,86974,161797A,6623.0,695 A,* mu. Her A,Andromas,,266.6148,27.7207,4.65330575,0.48381768,8.3386,-0.4359,-7.3686,3.8788,-13153.4103534,-13447.66442643,-27063.19860722,-312.087,-773.179,-1.51e-06,-3.75e-06,G5IV,IV,1.75,2.145,0.75,3.883,1.86,5436.136574148009,Subgiant,2.131259114205718,1,86705,,,1719951.2194308431,2.893145551810264,8.266130148029323,5.751848894670404,3.272009850261607,,1.0,Her,4594497769763697664,J17462752+2743142,2085-3062-1,J17465+2744A,J17465+2743A,10786 A,460067868.0,45435.0,4060,667.0,17444+2744,10285.0,14673.0,,-17.78,3.4200000762939453,4.170000076293945,2.140000104904175,1.809999942779541,1.75,K,15.7827,Andromas,1,1.0 Her,,,3.82 <-> 2.15,0.93 <-> 1.86,0.93 <-> 3.88,5590 <-> 5436,8.31 <-> 8.34,1.22 <-> 2.89,2.88 <-> 8.27,6,5,6,8,23,15,25,11,40,D,Mythic; Greek princess variant
87665,87937,,,699,V* V2500 Oph,Barnard's Star,Barnard Star,269.4521,4.6934,4.70282592,0.08191467,1.8282,-0.0174,-1.822,0.1496,-6875.15457412,7524.17082709,89497.49944096,-801.551,10362.394,-3.89e-06,5.024e-05,M4V,V,4.524,8.214,1.729,0.579,0.46,3478.694966957273,Main sequence,70.13911494338029,1,87665,,,377100.3548785239,0.1768117248925086,0.5051763568357389,0.3515185482982016,0.19996564124748,,,Oph,4472832130942575616,J17574849+0441405,425-2502-1,J17578+0441A,,,325554331.0,45718.0,4098.00,,17553+0438,10392.0,14849.0,,-110.11,9.51099967956543,11.239999771118164,5.24399995803833,4.829999923706055,4.52400016784668,K,0.0934,Barnard's Star,1,Oph,,,13.23 <-> 8.21,0.14 <-> 0.46,0.20 <-> 0.58,3130 <-> 3479,1.82 <-> 1.83,0.02 <-> 0.18,0.05 <-> 0.51,1,0,0,0,3,1,10,1,14,E,Astronomer; found fastest moving star
87902,88175,164259,6710.0,9611,* zet Ser,Schrodinger,,270.1209,-3.6903,4.71449865,-0.06440739,22.9979,0.0484,-22.9501,-1.4802,16860.31480954,408.30358547,-4991.38966643,154.66,-45.909,7.5e-07,-2.2e-07,F2V,V,3.639,1.831,0.366,2.655,2.0,7066.629351170592,Main sequence,1.7788552907721888,1,87902,,,4743649.852928663,3.3432341182408734,9.552097480688207,6.646667830312212,3.781038586105749,zet,,Ser,4177224620176471040,J18002899-0341250,5100-600-1,,,,104572330.0,,4109.00,,17578-0341,10438.0,14898.0,,-50.7,4.616000175476074,4.98199987411499,3.927999973297119,3.6649999618530273,3.638999938964844,K,16.1352,Schrodinger,1,zet  Ser,,F3 <-> F2,2.76 <-> 1.83,1.46 <-> 2.0,1.96 <-> 2.65,7005 <-> 7067,23.55 <-> 23.00,1.83 <-> 3.34,4.22 <-> 9.55,8,14,17,15,31,65,255,22,99,S,Physicist; wave equation developer
88327,,165341A,,702 A,*  70 Oph A,Narion,,271.3635,2.5001,4.73618716,0.04363578,5.1133,0.1216,-5.107,0.2231,5032.29458544,-1041.86281987,-26820.00249399,206.525,-1107.492,1e-06,-5.37e-06,K0V,V,4.12,5.63,0.82,0.86,0.88,5250.0,Main sequence,73.61540666665975,1,88327,119198,,1054699.3312791395,,,,,,70.0,Oph,4468557611977678336,,434-5213-1,J18055+0230A,J18055+0230A,11046 A,1674663309.0,45899.0,,,,10531.0,,,-9.73,4.22,,,,,V,0.5826,Narion,1,70.0 Oph,,,5.50 <-> 5.63,0.78 <-> 0.88,0.85 <-> 0.86,5200 <-> 5250,5.08 <-> 5.11,,,7,8,8,11,27,1,10,15,44,C,Speculative; Nari; son of Loki
89684,89962,168723,6869.0,711,* eta Ser,Leviathan,,275.3275,-2.8988,4.80537143,-0.05059409,19.0689,1.7683,-18.9623,-0.9644,-49700.76708323,-1426.19008306,-63273.62016126,-548.903,-700.854,-2.66e-06,-3.4e-06,K0III-IV,III,1.05,-0.352,0.94,15.138,3.3,4891.5723628666055,Giant,0.5065144032945014,1,89684,,,3933251.1970527046,9.132839941666308,26.09382840476088,18.156955598312777,10.328807076884514,eta,,Ser,4269932382606282240,J18211862-0253554,5102-416-1,J18214-0253A,J18213-0254A,,168775356.0,46332.0,4215.00,688.0,18186-0255,10825.0,15365.0,,9.38,3.25,4.190000057220459,1.4900000095367432,1.0369999408721924,1.0499999523162842,H,145.1621,Leviathan,1,eta  Ser,,,1.89 <-> -0.35,2.0 <-> 3.3,5.89 <-> 15.14,4890 <-> 4892,18.54 <-> 19.07,3.08 <-> 9.13,7.47 <-> 26.09,7,3,4,5,17,55,255,10,72,B,Mythic; Biblical sea monster
90582,90864,171067,,1229,BD+13 3677,Bardeen,,278.0436,13.7366,4.8527763,0.23974828,26.0792,3.5448,-25.084,6.1927,13275.72393265,5555.15160118,14707.67057916,112.616,122.562,5.5e-07,5.9e-07,G6V,V,5.557,3.476,0.34,1.194,1.37,7216.764890019331,Main sequence,4.585462395025324,1,90582,,,5379211.940080533,1.5673745009655808,4.478212859901659,3.116089781681572,1.7726259237110735,,,Her,4508601275714721280,J18321046+1344113,1036-812-1,,,,50226706.0,,,,,,,,-46.222,,,5.896999835968018,5.625999927520752,5.557000160217285,K,3.6123,Bardeen,1,Her,,G8 <-> G6,5.13 <-> 3.48,0.84 <-> 1.37,0.88 <-> 1.19,5320 <-> 7217,25.98 <-> 26.08,0.68 <-> 1.57,1.62 <-> 4.48,7,13,11,15,27,70,255,20,89,A,Physicist; transistor co-inventor
90979,91262,172167,7001.0,721,* alf Lyr,Vega,Vega,279.2347,38.7837,4.87356551,0.67690307,7.6787,0.9606,-5.9081,4.8098,6170.5456201,7625.87323664,8113.31451057,200.94,286.23,9.7e-07,1.39e-06,A0V,V,0.129,0.703,0.0,2.174,2.59,10125.237191650856,Main sequence,0.9292633286400958,1,90979,,,1583850.1574138063,5.6204132229948245,16.058323494270926,11.17391676476352,6.356419716482242,alf,,Lyr,,J18365633+3847012,3105-2070-1,J18369+3847A,J18369+3846A,11510 A,157587146.0,46746.0,4293.00,699.0,F18352+3844,11085.0,15681.0,,-13.5,0.0299999993294477,0.0299999993294477,-0.1770000010728836,-0.0289999991655349,0.1289999932050705,J,54.6233,Vega,1,alf  Lyr,,,0.60 <-> 0.70,2.14 <-> 2.59,2.36 <-> 2.17,9600 <-> 10125,7.68 <-> 7.68,6.60 <-> 5.62,15.53 <-> 16.06,2,8,5,7,16,25,35,10,33,D,Linguistic; Arabic 'falling vulture'
91156,91438,172051,6998.0,722,*  86 Sgr,Linnaeus,,279.7225,-21.0519,4.88207869,-0.36742454,13.0309,2.0537,-11.9865,-4.6809,-5116.93644808,2533.85319691,-8836.9783911,-74.718,-153.056,-3.6e-07,-7.4e-07,G6V,V,4.227,3.652,0.658,1.734,1.31,5749.348819447126,Main sequence,5.076107837797816,1,91156,,,2687822.0235729506,1.4449559719139005,4.128445634039716,2.872710087019302,1.6341763968073877,,86.0,Sgr,4079684229322230784,J18385342-2103065,6279-1723-1,,J18389-2103AB,,1544160.0,,4289.01,,18358-2105,11091.0,15715.0,,37.135,5.860000133514404,6.51800012588501,4.789000034332275,4.309000015258789,4.227000236511231,K,3.0701,Linnaeus,1,86.0 Sgr,,G5 <-> G6,5.27 <-> 3.65,0.93 <-> 1.31,0.93 <-> 1.73,5575 <-> 5749,13.08 <-> 13.03,0.63 <-> 1.44,1.49 <-> 4.13,7,5,3,3,24,45,55,12,43,C,Biologist; taxonomy founder
91756,92043,173667,7061.0,9635,*  110 Her,Newton,,281.4155,20.5463,4.91162745,0.35860074,19.352,3.5866,-17.7625,6.7919,1326.1248237,-10779.03221709,-28825.4269791,-9.086,-335.655,-4e-08,-1.63e-06,F5.5IV-V,IV,3.06,1.626,0.46,3.369,2.09,6576.050088381066,Subgiant,1.5815875530758274,1,91756,,,3991632.320128188,3.672862713182107,10.493893466234592,7.302000870254904,4.153832830384526,,110.0,Her,4530744134230193152,J18453972+2032466,1591-1918-1,J18457+2033A,J18457+2033A,11658 A,282038438.0,46972.0,4328.00,703.0,18435+2029,11212.0,15864.0,,22.772,4.190000057220459,4.650000095367432,3.319999933242798,3.2860000133514404,3.059999942779541,K,25.4361,Newton,1,110.0 Her,,F6 <-> F5,2.77 <-> 1.63,1.26 <-> 2.09,1.17 <-> 3.37,6510 <-> 6576,19.21 <-> 19.35,1.87 <-> 3.67,4.33 <-> 10.49,6,6,8,11,20,55,255,12,76,B,Physicist; gravity laws formulator
97338,97649,187642,7557.0,768,* alf Aql,Altair,Altair,297.6958,8.8683,5.19577236,0.1547814,5.1295,2.3556,-4.4875,0.7908,10861.70963302,7362.43266769,9252.73879615,536.23,385.29,2.6e-06,1.87e-06,A7Vn,V,0.24,1.69,0.22,2.205,2.06,8011.383319447137,Main sequence,1.640227345438704,1,97338,,,1058039.5280841242,3.567434825526839,10.192670930076682,7.092400188845025,4.03459890982202,alf,,Aql,,J19504698+0852060,1058-3399-1,J19508+0852A,J19508+0852A,13009 A,70257116.0,48314.0,4665.00,745.0,19483+0844,12193.0,17173.0,,-26.6,0.7599999904632568,0.9800000190734864,0.3499999940395355,0.2399999946355819,0.2399999946355819,H,16.6017,Altair,1,alf  Aql,,,2.21 <-> 1.69,1.79 <-> 2.06,1.80 <-> 2.21,6900 <-> 8011,5.13 <-> 5.13,2.34 <-> 3.57,5.39 <-> 10.19,5,8,4,5,24,15,25,13,34,D,Linguistic; Arabic 'flying eagle'
98924,99240,190248,7665.0,780,* del Pav,Delta Pavonis,,302.1817,-66.1821,5.27406567,-1.15509498,6.0993,1.3118,-2.0847,-5.5798,13725.93353205,43970.46827359,-13177.07829903,1211.761,-1130.237,5.87e-06,-5.48e-06,G8IV,IV,2.04,3.114,0.76,2.515,1.48,5404.266838749797,Subgiant,3.723092580143491,1,98924,,,1258062.0343217384,1.8516385650549207,5.290395900156919,3.681233813859189,2.094115043812113,del,,Pav,6427464325637241856,J20084376-6610563,9098-1918-1,,,,409891396.0,48721.0,4754.00,754.0,,12460.0,17675.0,,-21.543,3.559999942779541,4.320000171661377,2.450000047683716,2.109999895095825,2.039999961853028,K,6.4648,Delta Pavonis,1,del  Pav,,G5 <-> G8,4.62 <-> 3.11,0.99 <-> 1.48,1.20 <-> 2.52,5570 <-> 5404,6.11 <-> 6.10,0.84 <-> 1.85,1.99 <-> 5.29,7,12,4,6,24,25,35,19,49,C,Linguistic; Latin 'peacock'
103879,104214,201091,8085.0,820 A,*  61 Cyg A,Piazzi,,316.7247,38.7494,5.52788968,0.67630492,3.4966,1.9854,-1.8693,2.1886,22732.22577315,73399.99607651,41966.48399663,4164.209,3249.614,2.019e-05,1.575e-05,K5V,V,2.68,4.962,1.18,1.658,0.97,4348.348266142209,Main sequence,10.788172385979014,1,103879,103883,,721218.4762735281,0.7905347842889795,2.258670812254227,1.5716584401935665,0.8940571965172982,,61.0,Cyg,1872046574983507456,J21065341+3844529,3168-2800-1,J21069+3844A,J21069+3845A,14636 A,165602000.0,50559.0,5077,,,13272.0,18980.0,,-65.82,5.210000038146973,6.389999866485596,3.119999885559082,2.5,2.680000066757202,H,0.9622,Piazzi,1,61.0 Cyg,,,7.49 <-> 4.96,0.69 <-> 0.97,0.74 <-> 1.66,4375 <-> 4348,3.49 <-> 3.50,0.24 <-> 0.79,0.59 <-> 2.26,7,14,7,4,20,10,20,21,46,C,Astronomer; discovered motion among the stars
103883,104217,201092,8086.0,820 B,*  61 Cyg B,Bessel,,316.7303,38.742,5.52798598,0.67617623,3.4964,1.9857,-1.8693,2.1881,22775.04857926,72026.16360454,40759.29398469,4105.976,3155.942,1.991e-05,1.53e-05,K7V,V,2.32,4.602,1.37,2.313,1.05,4000.132291181991,Main sequence,8.769357485480779,2,103879.0,103879,0.000583,721191.9984727561,0.9330503205132932,2.6658580586094094,1.854992899115714,1.0552354815328913,,,,1872046574983497216,J21065473+3844265,3168-2798-1,J21069+3844B,J21069+3845B,14636 B,165602023.0,50560.0,,,,13273.0,18981.0,,-64.248,6.03000020980835,7.400000095367432,3.549999952316284,2.859999895095825,2.319999933242798,K,1.3405,Bessel,2,,,,8.33 <-> 4.60,0.6 <-> 1.05,0.70 <-> 2.31,4045 <-> 4000,3.50 <-> 3.50,0.16 <-> 0.93,0.41 <-> 2.67,3,2,0,0,11,10,20,5,17,E,Astronomer; first to measure stellar parallax
118021,,4614B,,34 B,* eta Cas B,Carinae,,12.2716,57.8178,0.2141804,1.00911143,5.927,3.0847,0.671,5.0164,4082.06503976,33802.30780335,-7021.12628453,1144.693,-469.668,5.55e-06,-2.28e-06,K7Ve,V,3.881,5.017,1.39,1.943,0.96,3966.829696423134,Main sequence,11.135345954208828,2,3814.0,3814,0.003987,1222537.4440043955,0.7707549359148063,2.2021569597565893,1.5323342178306267,0.8716871299036499,,,,425040000959067008,J00490516+5749037,3663-2669-2,J00491+5749B,J00491+5749B,671 B,445258198.0,2689.0,,,,448.0,678.0,,8.6837,7.510000228881836,8.899999618530273,,4.146999835968018,3.88100004196167,K,0.9147,Carinae,2,,,,8.64 <-> 5.02,0.57 <-> 0.96,0.66 <-> 1.94,4045 <-> 3967,5.95 <-> 5.93,0.14 <-> 0.77,0.36 <-> 2.20,5,9,0,0,22,20,30,14,33,D,Linguistic; Latin genitive of 'Carina'; keel
118493,,,,280 B,* alf CMi B,Procyon B,Procyon B,114.8245,5.2241,2.00406559,0.09117794,3.5142,-1.4693,3.1762,0.32,10145.736932,6421.58306765,-17200.63769817,-709.0,-1024.0,-3.44e-06,-4.96e-06,DQZ,V,10.92,13.191,-0.22,0.012,0.6,14086.913851062018,White dwarf,0.0015,2,37173.0,37173,,724855.2361540624,0.0001,0.0002,0.0001,0.0002,,,,,,,J07393+0514B,J07393+0514B,6251 B,,,,,,,,,-4.50528,10.920000076293944,10.699999809265137,,,,B,0.0005,Procyon B,2,,,,12.98 <-> 13.19,,,7740 <-> 14087,3.50 <-> 3.51,0.02 <-> 0.00,0.04 <-> 0.00,1,0,0,0,3,5,15,1,11,E,Linguistic; Greek 'before dog'
118720,,,,406,V* CN Leo,Wolf,,164.1205,7.0147,2.86444316,0.12243001,2.4086,-2.2993,0.6541,0.2941,8440.00000038,43495.92116811,-30586.24358631,-3866.338,-2699.215,-1.874e-05,-1.309e-05,dM6,V,6.084,9.175,2.034,0.458,0.37,3134.4935649310305,White dwarf,121.98172590081784,1,118720,,,496808.8638309126,0.1135647285069091,0.3244706528768832,0.2257774959601645,0.1284363000970996,,,Leo,3864972938605115392,J10562886+0700527,,,,,365006789.0,25782.0,2553.00,,,6780.0,9714.0,,19.57,13.506999969482422,15.541000366210938,7.085000038146973,6.48199987411499,6.084000110626221,K,0.0168,Wolf,1,Leo,,,16.56 <-> 9.18,0.09 <-> 0.37,0.16 <-> 0.46,2860 <-> 3134,2.39 <-> 2.41,0.00 <-> 0.11,0.00 <-> 0.32,2,1,0,0,7,5,15,3,23,D,Astronomer; tracked flickering variable stars
118742,55203A,98231,4375.0,423 A,* ksi UMa A,Ursae Majoris,Alula Australis A,169.5454,31.5292,2.95912584,0.55028767,8.7346,-7.62,-2.49,4.68,-30.2,-41.9,-16.8,-453.7,-591.4,-2.2e-06,-2.87e-06,F8.5:V,V,4.25,4.79,0.54,1.02,0.97,6212.866181081854,Main sequence,4.469946076237917,1,118742,119222,,1801648.6281812647,1.1,2.49,1.38,2.64,ksi,,UMa,756853643638639104,,2520-2634-1,J11182+3132A,J11182+3132A,8119 A,,26920.0,,,,6920.0,9947.0,,-26.78,4.25,4.789999961853027,,,,V,1.3137,Ursae Majoris,1,ksi  UMa,,,4.24 <-> 4.79,,1.02 <-> 1.02,6000 <-> 6213,10.42 <-> 8.73,0.98 <-> 1.10,2.29 <-> 2.49,3,3,12,8,15,30,40,6,33,D,Linguistic; Latin 'greater bear'
118771,,102365B,,442 B,*  66 Cen B,Beta Tirna,,176.6362,-40.4966,3.0828834,-0.70679825,9.3089,-7.0667,0.4154,-6.0452,,,,-1534.679,381.396,-7.44e-06,1.85e-06,M4V,V,7.961,8.117,7.469,5.539,0.47,1150.694273932979,Main sequence,66.31703865341586,2,57270.0,57270,0.010606,1920105.20955804,0.1849179993911984,0.5283371411177098,0.3676345940277397,0.2091334516924267,,,,5381537023379296256,J11463269-4029476,,,J11467-4029B,,454082373.0,28513.0,,,,,,,,15.43000030517578,,8.755000114440918,8.229999542236328,7.960999965667725,K,0.1022,Beta Tirna,2,,,M5 <-> M4,15.17 <-> 8.12,0.21 <-> 0.47,0.32 <-> 5.54,3000 <-> 1151,9.24 <-> 9.31,0.01 <-> 0.18,0.02 <-> 0.53,1,0,0,0,3,35,45,1,7,E,Mythic; Irish youth realm pair
118818,,,,3727,Ross 948A,Bolivar,,187.2215,-10.6635,3.26763128,-0.1861134,19.4395,-18.9523,-2.4014,-3.5971,-3297.89779785,25556.01182424,342.74522016,-279.622,3.774,-1.36e-06,2e-08,M2V,V,6.857,5.414,1.65,1.986,0.87,3581.0020264761256,Main sequence,13.992427122925143,1,118818,,,4009688.7732885447,0.6420440759448947,1.834411645556842,1.2764447700333026,0.7261212763662499,,,Vir,3578493912677730304,J12285316-1039488,,,J12288-1040A,,98751019.0,30870.0,,,,,,,-5.23,11.56999969482422,13.220000267028809,7.679999828338623,7.179999828338623,6.85699987411499,K,1.2319,Bolivar,1,Vir,,M3 <-> M2,10.55 <-> 5.41,0.31 <-> 0.87,0.44 <-> 1.99,3280 <-> 3581,12.05 <-> 19.44,0.06 <-> 0.64,0.16 <-> 1.83,1,0,4,3,6,35,45,1,23,D,Historical; South American liberator
118819,,,,3728,Ross 948B,Rivera,,187.2206,-10.6641,3.26761643,-0.18612393,19.4155,-18.9288,-2.3982,-3.5929,-3215.56099225,25608.63299328,-117.94055129,-280.423,-1.317,-1.36e-06,-1e-08,M2V,V,6.79,5.349,1.45,1.751,0.89,3870.29593862394,Main sequence,13.483880404056505,1,118819,,,4004729.726843646,0.6613439311304905,1.8895540889442584,1.3148147202237133,0.7479484935404357,,,Vir,3578493908382798336,J12285297-1039508,,,J12288-1040B,,98751018.0,30868.0,,,,,,,-6.38,10.960000038146973,12.40999984741211,7.651999950408935,7.190000057220459,6.789999961853027,K,1.3071,Rivera,1,Vir,,G5 <-> M2,10.60 <-> 5.35,0.93 <-> 0.89,0.93 <-> 1.75,5575 <-> 3870,12.05 <-> 19.42,0.05 <-> 0.66,0.13 <-> 1.89,5,6,6,6,19,35,45,11,36,D,Historical; Spanish liberator
118959,,125455B,,544 B,BD-04 3665B,Bannoc Secondus,,214.8994,-5.1523,3.75070126,-0.0899248,20.4739,-16.724,-11.6665,-1.8386,-34318.29492928,50958.01950499,-11079.03009912,-632.918,-114.623,-3.07e-06,-5.6e-07,M4.0V,V,9.592,8.036,1.5,0.529,0.48,3793.506493506493,Main sequence,63.31397513122667,2,69793.0,69793,0.024704,4223042.665536509,0.1919020530456556,0.5482915801304447,0.3815195578407677,0.2170320838016343,,,,3642410791343098880,J14193585-0509080,,J14196-0509B,J14196-0509B,,,36969.0,,,,,,,-9.5,14.5,16.0,10.486000061035156,9.880000114440918,9.592000007629396,K,0.1101,Bannoc Secondus,2,,,,13.51 <-> 8.04,0.26 <-> 0.48,0.38 <-> 0.53,3140 <-> 3794,20.78 <-> 20.47,0.02 <-> 0.19,0.04 <-> 0.55,1,0,0,0,3,50,255,1,36,D,Linguistic; Latin 'second'
118988,,131156B,,566 B,* ksi Boo B,Maheo,,222.846,19.1019,3.88939669,0.33339128,6.7486,-4.6755,-4.3365,2.2085,1502.57367811,-4426.03154964,-5502.88179685,133.376,-182.059,6.5e-07,-8.8e-07,K5Ve,V,6.816,7.67,1.165,0.47,0.52,4378.568992501207,Main sequence,51.2842985479886,2,72432.0,72432,0.005008,1391994.7388062975,0.2271390213600233,0.6489686324572096,0.451574006751475,0.2568834170143121,,,,1237090738916392960,,1481-722-2,J14513+1906B,J14514+1906B,9413 B,1101124559.0,,,,,8635.0,12490.0,,2.29,6.815999984741211,7.980999946594238,,,,V,0.0929,Maheo,2,,,K4 <-> K5,7.84 <-> 7.67,0.71 <-> 0.52,0.76 <-> 0.47,4540 <-> 4379,6.70 <-> 6.75,0.20 <-> 0.23,0.50 <-> 0.65,7,9,3,0,24,1,10,16,36,D,Mythic; Cheyenne creator god
119039,,,,9527 B,* psi Ser B,Copernicus Minor,,236.0078,2.5158,4.11911243,0.04390919,14.7927,-8.2624,-12.253,0.6492,-2713.07711897,1298.57604686,-9586.11519839,-42.431,-136.845,-2.1e-07,-6.6e-07,M4V,V,11.1,4.45,1.5,0.24,0.27,3100.0,Main sequence,120.0,2,76816.0,76816,,3051222.931123494,0.08,0.23,0.16,0.21,,,,4423865487962417152,,,J15439+0230B,J15440+0231B,9763 B,,,,,,,,,,11.1,,,,,V,0.0433,Copernicus Minor,2,,,M6 <-> M4,11.17 <-> 4.45,0.17 <-> 0.27,0.26 <-> 0.24,2860 <-> 3100,14.67 <-> 14.79,0.05 <-> 0.08,0.12 <-> 0.23,8,7,0,3,6,30,40,3,34,D,Astronomer; modeled sun-centered solar system
119059,,144069,5977.0,9540 B,* ksi Sco B,Proxima Ternion,,241.0922,-11.373,4.20785275,-0.19849568,27.6878,-13.1215,-23.7619,-5.4599,-4725.10939324,3191.62768902,-2385.51551391,-43.269,-18.584,-2.1e-07,-9e-08,F5V,V,4.87,2.659,0.48,2.156,1.65,6481.00883465622,Main sequence,2.8650985037480408,2,119058.0,119060|119225,0.356757,5711017.138743528,2.283324516428406,6.52378433265259,4.539466598137427,2.58233129834165,,,,4343066192373234176,,5619-1257-2,J16044-1123B,J16044-1122B,9909 B,,,,,,9238.0,13311.0,,-29.4,4.869999885559082,5.349999904632568,,,,V,7.4572,Proxima Ternion,2,,,F6 <-> F5,3.07 <-> 2.66,1.26 <-> 1.65,1.17 <-> 2.16,6510 <-> 6481,24.33 <-> 27.69,1.63 <-> 2.28,3.78 <-> 6.52,4,4,4,7,16,65,255,8,73,B,Linguistic; Latin 'nearest trio'
119060,,,,9540 C,* ksi Sco C,Alpha Ternion,,241.0938,-11.3716,4.20788099,-0.19847249,27.8918,-13.2176,-23.9375,-5.4995,-8521.00032436,5096.40509133,-1543.71193115,-75.048,-11.957,-3.6e-07,-6e-08,G1V,V,5.85,3.623,1.554,0.35,1.32,3500.0,Main sequence,4.990612203593247,3,119058.0,119059|119225,0.152707,5753101.738218494,1.4647254468132702,4.184929848037915,2.9120136859263823,1.656534731515008,,,,4343066192373234688,,,J16044-1123C,J16044-1122C,9909 C,,,,,,9239.0,13313.0,,-31.5,,,5.849999904632568,,,J,2.7987,Alpha Ternion,3,,,G8 <-> G1,5.37 <-> 3.62,0.84 <-> 1.32,0.88 <-> 0.35,5320 <-> 3500,24.33 <-> 27.89,0.61 <-> 1.46,1.45 <-> 4.18,9,8,9,9,27,60,255,17,85,A,Linguistic; Latin 'trio' (group)
119105,,,,3969,G 17-33,Decaran,,250.4406,-5.8228,4.37101226,-0.10162705,32.8825,-10.9518,-30.8251,-3.336,5534.49276811,2170.34858978,-38573.52804915,28.795,-248.719,1.4e-07,-1.21e-06,M0V,V,8.205,5.62,0.73,0.765,0.83,5501.091332165992,Main sequence,15.759546381935616,1,119105,,,6782505.384511679,0.5837734183801512,1.667924052514718,1.1605971532081578,0.6602199374537424,,,Oph,4353154417711322112,J16414572-0549220,5061-450-1,,,,58410794.0,43374.0,,,,,,,35.51,12.229999542236328,12.960000038146973,9.020999908447266,8.430999755859375,8.204999923706055,K,1.0184,Decaran,1,Oph,,G9 <-> M0,10.23 <-> 5.62,0.81 <-> 0.83,0.87 <-> 0.77,5235 <-> 5501,23.26 <-> 32.88,0.07 <-> 0.58,0.16 <-> 1.67,9,7,5,4,21,60,255,16,73,B,Linguistic; Greek 'deca'; ten
119106,,,,635 B,* zet Her B,McClure,,250.3192,31.6045,4.36889349,0.55160292,10.7158,-3.0733,-8.5937,5.6154,-18987.47053878,16528.24075148,14773.1356651,-461.52,342.28,-2.24e-06,1.66e-06,K0V,V,4.85,5.9,0.83,0.87,0.85,5250.0,Main sequence,73.61540666665975,2,81444.0,81444,,2210295.820831548,,,,,,,,1312665361414730752,,2582-3158-2,J16413+3136B,J16413+3136B,10157 B,,,,,,,,,,5.4,,,,,V,0.8631,McClure,2,,,,5.23 <-> 5.90,0.78 <-> 0.85,0.85 <-> 0.87,5200 <-> 5250,10.80 <-> 10.72,,,3,4,5,4,13,20,30,7,28,D,Explorer; first to cross Northwest Passage
119135,,155885,6401.0,663 B,*  36 Oph B,Indum,,258.8374,-26.6028,4.51756543,-0.4643069,5.9478,-1.0295,-5.2175,-2.6634,-10097.22891915,16678.4751575,-28769.17361157,-465.861,-1141.168,-2.26e-06,-5.53e-06,K1V,V,5.03,6.158,0.85,0.686,0.74,5134.371452337879,Main sequence,21.481150474302293,2,84147.0,84147,0.004519,1226815.1903612851,0.4556519741172155,1.3018627831920444,0.9058795199711308,0.5153206850135176,,,,4109030160308317184,,6820-326-2,J17155-2635B,J17153-2636B,10417 B,1277142190.0,44416.0,3908.00B,,,9942.0,14248.0,,0.1,5.03000020980835,5.880000114440918,,,,V,0.3739,Indum,2,,,,6.18 <-> 6.16,0.76 <-> 0.74,0.83 <-> 0.69,5035 <-> 5134,5.99 <-> 5.95,0.42 <-> 0.46,1.02 <-> 1.30,5,10,3,4,23,20,30,15,41,C,Linguistic; Latin 'indumina'; to shine
119144,,156384C,,667 C,*  142 Sco C,Oborum Proxima,,259.7451,-34.9968,4.53340745,-0.61081003,7.2429,-1.0563,-5.8385,-4.154,38984.52063432,-2744.37795621,-6066.84437035,1131.517,-215.569,5.49e-06,-1.05e-06,M1.5V,V,6.036,6.736,1.57,1.016,0.64,3691.16897654127,Main sequence,29.96467363160917,3,84451.0,119220,0.407188,1493954.7594163094,0.3491335984294252,0.997524566941215,0.6941108444965954,0.3948534744142309,,,,5975663354131617792,J17185868-3459483,,J17190-3459C,J17190-3459C,,154385809.0,44534.0,,,,26163.0,,,6.368,10.220000267028809,11.789999961853027,6.8480000495910645,6.322000026702881,6.035999774932861,K,0.3643,Oborum Proxima,3,,,M2 <-> M1,11.02 <-> 6.74,0.31 <-> 0.64,0.42 <-> 1.02,3700 <-> 3691,6.97 <-> 7.24,0.05 <-> 0.35,0.12 <-> 1.00,1,0,0,0,3,25,35,1,14,E,Speculative; Latin 'of the shellfish'
119147,,,,670 B,* ksi Oph B,Zeta Ophiuchi,,260.2522,-21.112,4.54225832,-0.36847327,17.4922,-2.7628,-16.0825,-6.3006,,,,237.822,-192.809,1.15e-06,-9.3e-07,K3V,V,12.49,5.79,0.92,0.74,0.76,4600.0,Main sequence,41.36955347678645,2,84636.0,84636,0.026477,3608033.941946747,0.41,1.17,0.57,1.05,,,,4115142276696646144,,,J17210-2107B,J17210-2107B,,,,,,,,,,-8.93,8.9,,,,,V,0.0916,Zeta Ophiuchi,2,,,,7.70 <-> 5.79,0.73 <-> 0.76,0.79 <-> 0.74,4705 <-> 4600,17.40 <-> 17.49,0.21 <-> 0.41,0.52 <-> 1.17,6,13,10,12,26,50,255,19,82,A,Linguistic; Greek 'Ophiuchus'; 'serpent bearer'
119159,,158614B,,678 B,*  150 Oph B,Beta Marae,,262.599,-1.0626,4.58321667,-0.0185456,17.0937,-2.2015,-16.9484,-0.317,,,,-120.599,-208.539,-5.8e-07,-1.01e-06,G9IV-V ,IV,6.089,4.925,0.731,1.055,0.98,5497.805992378168,Subgiant,10.560978745581526,2,85407.0,85407,0.622804,3525833.848994035,0.8041109037498515,2.2974597249995754,1.598649058645538,0.9094111411456652,,,,4373199678620639744,,5080-2188-2,J17304-0104B,J17304-0104B,10598 B,,,,,,,,,,6.089000225067139,6.820000171661377,,,,V,1.7623,Beta Marae,2,,,G8 <-> G9,5.12 <-> 4.92,0.84 <-> 0.98,22.02 <-> 1.05,5500 <-> 5498,16.44 <-> 17.09,0.67 <-> 0.80,1.60 <-> 2.30,6,15,8,11,22,45,55,21,57,C,Linguistic; Maori 'secondary site'
119198,,165341B,,702 B,*  70 Oph B,Valo,,271.3644,2.4989,4.73620276,0.04361485,5.1058,0.1215,-5.0995,0.2226,8091.25956649,-925.05255835,-25834.08988618,333.292,-1068.354,1.62e-06,-5.18e-06,K4V,V,6.07,7.53,1.19,0.513,0.54,4328.442301395821,Main sequence,47.30662608215951,2,88327.0,88327,0.007517,1053143.585373562,0.2422934678782219,0.692267051080634,0.4817024897102744,0.2740223743860843,,,,4468557611977674752,,434-5212-1,J18055+0230B,J18055+0230B,11046 B,1674663308.0,45900.0,,,,10532.0,,,-10.0,6.070000171661377,7.260000228881836,,,,V,0.1057,Valo,2,,,K5 <-> K4,7.47 <-> 7.53,0.69 <-> 0.54,0.74 <-> 0.51,4375 <-> 4328,5.09 <-> 5.11,0.24 <-> 0.24,0.60 <-> 0.69,5,6,5,8,16,5,15,11,31,D,Linguistic; Finnish 'light'
119217,,,,4056,G 21-13,Nikola,,276.0216,1.6878,4.81748602,0.029458,17.3608,1.8204,-17.2575,0.5113,,,,150.438,-238.457,7.3e-07,-1.16e-06,M2.5V,V,7.487,6.289,1.54,1.22,0.71,3734.317364481237,Main sequence,23.162661935582896,1,119217,,,3580917.8296942245,0.4289913261404975,1.2256895032585644,0.8528756126840844,0.4851687617065151,,,Ser,4276632394156013568,J18240518+0141161,,,J18241+0141A,,169296613.0,46418.0,,,,,,,,11.859999656677246,13.399999618530272,8.29699993133545,7.736999988555908,7.486999988555908,K,0.55,Nikola,1,Ser,,G5 <-> M2,11.13 <-> 6.29,0.93 <-> 0.71,0.93 <-> 1.22,5575 <-> 3734,13.89 <-> 17.36,0.04 <-> 0.43,0.10 <-> 1.23,10,9,0,0,21,40,50,19,47,C,Inventor; pioneered AC power and electromagnetism
119220,84709,156384A,6426.0,667 A,*  142 Sco A,Oborum Prime,,259.7351,-34.9896,4.53323204,-0.61068335,6.8357,-0.9977,-5.5106,-3.9198,36278.78181123,-5113.56375305,-2044.69778428,1129.76,-77.02,5.48e-06,-3.7e-07,K3V,V,6.37,3.946,1.15,2.316,1.23,4409.233835968339,Main sequence,41.36955347678645,1,119220,119144,,1409972.0144917632,1.2620154422296743,3.605758406370499,2.5090068910994723,1.4272793691883223,,142.0,Sco,,,7370-850-1,J17190-3459A,J17190-3459A,,,,,,,,,119143.0,,6.369999885559082,7.519999980926514,3.900000095367432,3.2300000190734863,3.119999885559082,K,2.4523,Oborum Prime,1,142.0 Sco,,,7.07 <-> 3.95,0.73 <-> 1.23,0.76 <-> 2.32,4705 <-> 4409,6.97 <-> 6.84,0.19 <-> 1.26,0.47 <-> 3.61,4,6,5,9,16,20,35,10,31,D,Speculative; Latin 'of the shellfish'
119221,5336,6582,321.0,53 B,* mu. Cas B,Beta Andraste,,17.0679,54.9202,0.29789156,0.95853755,7.6753,4.2169,1.2947,6.2811,7451.0255785,134292.13126178,-32801.12825022,3468.251,-1564.844,1.681e-05,-7.59e-06,M4V,V,9.8,11.6,1.554,0.29,0.17,3025.0,Main sequence,803.3129019251312,2,5325.0,5325,,1583143.863484079,0.08,0.17,0.1,0.15,,,,411413822074322432,J01081597+5455148,3673-1929-1,J01080+5455A,J01083+5455A,,252191219.0,3721.0,219,1030.0,01051+5439,646.0,1137.0,118043.0,-96.488899,9.8,,,,,V,0.0386,Beta Andraste,2,,,M3 <-> M4,11.61 <-> 11.60,0.31 <-> 0.17,0.44 <-> 0.29,3280 <-> 3025,7.55 <-> 7.68,0.04 <-> 0.08,0.10 <-> 0.17,1,4,0,2,11,20,40,5,13,E,Mythic; Celtic goddess companion
119222,55203B,98230,4374.0,423 D,* ksi UMa B,Ursae Minoris,Alula Australis B,169.5452,31.5291,2.9591211,0.5502869,8.7346,-7.3216,1.351,4.5676,-10380.52988459,16205.91846958,-21463.05457255,-339.398,-607.892,-1.65e-06,-2.95e-06,G2V,V,4.77,5.064,0.64,0.885,0.95,5815.2141520103805,Main sequence,11.440468031249493,2,118742.0,118742,3.854213,1801648.6281812647,0.7542655155675099,2.155044330192885,1.499551679759216,0.8530383807013504,,,,756853643637996160,,2520-2634-2,J11182+3132B,"J11182+3132Ba,Bb",8119 B,,26921.0,,,,6921.0,9946.0,118743.0,-15.9,4.769999980926514,5.409999847412109,,,,V,0.8289,Ursae Minoris,2,,,,4.71 <-> 5.06,0.86 <-> 0.95,0.92 <-> 0.89,5700 <-> 5815,10.42 <-> 8.73,0.79 <-> 0.75,1.85 <-> 2.16,3,3,4,5,16,20,40,6,31,D,Linguistic; Latin 'lesser bear'
119223,71681,128621,5460.0,559 B,* alf Cen B,Toliman,Toliman,219.8961,-60.8375,3.83791089,-1.06181516,1.3475,-0.5038,-0.4212,-1.1767,-18236.37097783,14847.35897894,2519.13324745,-3614.39,802.98,-1.752e-05,3.89e-06,K1V,V,-0.6,3.752,0.88,2.145,1.28,5050.644709240999,Main sequence,5.377651619855316,2,71456.0,71456,0.000141,277939.963887242,1.379765097746246,3.9421859935607033,2.7431044205193227,1.5604486224511118,,,,,,9007-5848-1,J14396-6050B,J14396-6050B,,471011144.0,37985.0,,,,8518.0,,71453.0,-22.586,1.3300000429153442,2.2100000381469727,-0.0099999997764825,-0.4900000095367431,-0.6000000238418579,K,2.9312,Toliman,2,,,,5.74 <-> 3.75,0.91 <-> 1.28,0.86 <-> 2.15,5260 <-> 5051,1.32 <-> 1.35,0.52 <-> 1.38,1.25 <-> 3.94,2,3,3,8,8,5,15,5,23,D,Linguistic; Arabic 'ostrich'
119224,,48915B,,244 B,* alf CMa B,The Pup,Sirius BC,101.2888,-16.7169,1.76782249,-0.29176439,2.6703,-0.5006,2.508,-0.7681,,,,-461.571,-914.52,-2.24e-06,-4.43e-06,DA1.9,V,8.44,11.307,-0.03,0.015,0.23,10515.558157279074,White dwarf,416.19762420804335,2,32263.0,32263,0.033246,550789.1434101241,0.042544126237277,0.12155464639222,0.0845817747812531,0.0481153808635871,,,,2947050466531872768,,,J06451-1643BC,J06451-1643BC,5423 B,,,,,,,,118441.0,,8.4399995803833,8.40999984741211,,,,B,0.0024,The Pup,2,,,,11.18 <-> 11.31,1.02 <-> 0.23,0.01 <-> 0.01,25200 <-> 10516,2.64 <-> 2.67,0.00 <-> 0.04,0.00 <-> 0.12,1,0,0,0,3,10,20,1,1,E,Nickname; companion to Canis Major
119225,,144070,5978.0,9540 A,* ksi Sco A,Beta Ternion,,241.0923,-11.3732,4.20785468,-0.19849992,28.0445,-13.2905,-24.0681,-5.5303,-8247.27190751,5558.69948684,-4206.34459909,-74.518,-32.323,-3.6e-07,-1.6e-07,F4(V),V,5.16,2.921,0.48,1.911,1.55,6481.00883465622,Main sequence,3.3318857256149217,1,119225,119060|119059,,5784595.878578479,2.0236118212354817,5.781748060672805,4.023133025551494,2.288608607349652,ksi,,Sco,4343066192367555072,,5619-1257-1,J16044-1123A,J16044-1122A,9909 A,,,,,,,,119058.0,-32.6,5.159999847412109,5.639999866485596,,,,V,5.8573,Beta Ternion,1,ksi  Sco,,F6 <-> F4,2.91 <-> 2.92,1.29 <-> 1.55,1.18 <-> 1.91,6510 <-> 6481,24.33 <-> 28.04,1.76 <-> 2.02,4.07 <-> 5.78,3,2,12,16,16,40,255,5,66,B,Linguistic; Latin 'trio's second'
