id,hip,hd,hr,gl,main_id,full_name,proper,ra,dec,rarad,decrad,dist,x,y,z,vx,vy,vz,pmra,pmdec,pmrarad,pmdecrad,spect,lum_class,mag,absmag,ci,radius,mass,temp,type,lifespan,comp,comp_primary,sibling,compdist,dist_au,inner_ohz,outer_ohz,inner_chz,outer_chz,bayer,flam,con,gaia,2mass,tyc,ccdm,wds,ads,tic,nltt,plx,fk5,iras,gcrv,web,old_bgs_id,rv,mag_V,mag_B,mag_J,mag_H,mag_K,primary_band,ci_type,lum,base,comp_numeric,bf,STDT_Mismatch_FullName,STDT_Mismatch_Class,STDT_Mismatch_Magnitude,STDT_Mismatch_Mass,STDT_Mismatch_Radius,STDT_Mismatch_Temperature,STDT_Mismatch_Distance,STDT_Mismatch_InnerHZ,STDT_Mismatch_OuterHZ
73018,73245,132307,,,HD 132307,Bohr,,224.5453,6.905,3.91905513,0.12051428,34.7035,-24.5537,-24.167,4.1722,-17946.08578853,20934.63575595,15397.08917148,-167.215,94.299,-8.1e-07,4.6e-07,G5,,6.313,3.611,0.462,3.286,1.33,4225.600128173828,,4.92927162337513,1,73018,,,7158119.970154951,1.479289197617921,4.226540564622631,2.9409678095499143,1.6730056401631248,,,,1160956465000504320,J14581087+0654179,333-909-1,,,,349760864,38925,,,,,,,-30.16,,,6.775000095367432,6.379000186920166,6.313000202178955,K,J-K,3.1013,Bohr,1,,,,5.43 <-> 3.61,0.93 <-> 1.33,0.93 <-> 3.29,5575 <-> 4226,35.03 <-> 34.70,0.58 <-> 1.48,1.38 <-> 4.23
73082,73309,132375A,5583,,HD 132375,Huygens,,224.7199,-4.9893,3.92210256,-0.0870789,34.3072,-24.2848,-24.0485,-2.9837,-40141.07010393,42699.14070652,-17159.26735611,-360.23,-105.924,-1.75e-06,-5.1e-07,F7V,V,6.08,3.403,0.49,1.56,1.39,6434.591499248499,Main sequence,4.372888277687638,1,73082,,,7076368.03392296,1.6280381616671384,4.651537604763253,3.2366949166477634,1.8412336352187877,,,,6337304342094223360,J14585280-0459211,4995-952-1,J14589-0459A,J14589-0459A,9457 A,175838533,38950,3384,,14562-0447,8687,12557,,-24.379,6.079999923706055,6.570000171661377,5.139999866485596,4.98799991607666,4.836999893188477,V,B-V,3.7564,Huygens,1,,,F8 <-> F7,3.44 <-> 3.40,1.18 <-> 1.39,1.11 <-> 1.56,6180 <-> 6435,33.77 <-> 34.31,1.40 <-> 1.63,3.27 <-> 4.65
73489,73717,133352,,,HD 133352,Hawking,,226.0289,-6.8874,3.9449492,-0.12020723,34.2845,-23.6318,-24.4962,-4.1113,-23728.37727764,23170.08982215,-1288.99447731,-204.055,-8.022,-9.9e-07,-4e-08,G8V,V,7.75,5.075,0.75,1.012,0.95,5436.136574148009,Main sequence,11.4453144906798,1,73489,,,7071685.665993548,0.7540099928701777,2.1543142653433645,1.4990436763014243,0.8527493966984152,,,,6333022740735635456,J15040696-0653144,5012-808-1,J15041-0653A,J15041-0653A,9492 A,192726036,,,,,,,,-44.78,7.75,8.5,6.288000106811523,5.9079999923706055,5.794000148773193,V,B-V,0.8057,Hawking,1,,,G5 <-> G8,5.13 <-> 5.08,0.91 <-> 0.95,0.91 <-> 1.01,5575 <-> 5436,33.03 <-> 34.28,0.67 <-> 0.75,1.58 <-> 2.15
73788,,134066A,,,HD 134066A,Fermi,,226.8873,9.226,3.95992995,0.16102468,32.8628,-22.1691,-23.6799,5.2689,-21741.18458204,21184.4053062,3518.31062296,-194.816,22.916,-9.4e-07,1.1e-07,G2V,V,7.28,4.696,0.645,1.059,1.03,5796.756211286872,Main sequence,9.20700911015156,1,73788,,,6778448.742174535,0.8973966165048219,2.56399033287092,1.784109939956015,1.0149128400947391,,,,1167718049194619392,J15073294+0913338,919-1659-1,J15075+0914A,J15075+0914A,9507 A,449902389,,,,,8748,,,-34.2,7.28000020980835,7.925000190734863,5.8470001220703125,5.578000068664551,5.492000102996826,V,B-V,1.1413,Fermi,1,,,G5 <-> G2,4.22 <-> 4.70,0.93 <-> 1.03,0.93 <-> 1.06,5575 <-> 5797,31.56 <-> 32.86,1.01 <-> 0.90,2.40 <-> 2.56
75150,75379,137052,5723,,* eps Lib,Archimedes,,231.0495,-10.3223,4.03257479,-0.18015775,28.8832,-17.8635,-22.0986,-5.1754,-4758.52658356,8665.87120167,-20512.78197041,-66.816,-152.296,-3.2e-07,-7.4e-07,F4V,V,4.92,2.617,0.438,2.076,1.67,6684.148897849182,Main sequence,2.7809510535789146,1,75150,,,5957588.079324827,2.3384312706833748,6.6812322019525,4.649024073858614,2.6446544132728644,eps,,Lib,6316197051735920640,J15241189-1019200,5598-1052-1,,,,37018039,,3478.00,,15214-1008,8913,12860,,-11.68,4.920000076293945,5.357999801635742,4.361000061035156,4.014999866485596,4.007999897003174,V,B-V,7.7498,Archimedes,1,eps  Lib,,F5 <-> F4,2.45 <-> 2.62,1.3 <-> 1.67,1.20 <-> 2.08,6675 <-> 6684,31.23 <-> 28.88,2.15 <-> 2.34,4.98 <-> 6.68
60776,60965,108767,4757,,* del Crv,Algorab,Algorab,187.4661,-16.5154,3.27190004,-0.28824865,26.2743,-24.9767,-3.2732,-7.4691,1486.12389559,26483.49156708,-16624.45704197,-209.276,-139.184,-1.01e-06,-6.7e-07,A0IV(n)kB9,IV,2.94,0.842,-0.05,1.976,2.63,10795.073234438129,,0.8924543161373009,1,60776,,,5419464.161849711,5.805110496509646,16.58602999002756,11.54111253472751,6.565303537719243,del,,Crv,3520586071216143360,J12295187-1630552,6103-2395-1,J12299-1631A,J12299-1631A,8572 A,297075865,30918,2880.00,465,F12272-1614,7515,10850,,13.9,2.940000057220459,2.890000104904175,3.0199999809265137,3.049999952316284,3.049999952316284,V,B-V,47.7598,Algorab,1,del  Crv,,B9 <-> A0,0.81 <-> 0.84,2.74 <-> 2.63,2.60 <-> 1.98,10500 <-> 10795,26.63 <-> 26.27,10.01 <-> 5.81,24.98 <-> 16.59
74746,74975,136202,5694,,*   5 Ser,Maal,,229.8283,1.7654,4.01126094,0.03081217,25.1285,-16.2022,-19.192,0.7741,32629.24393273,-30083.50308962,-61135.92626471,372.216,-513.483,1.8e-06,-2.49e-06,F8IV,IV,5.6,3.599,0.33,3.214,1.36,4384.000091552734,Subgiant,4.621586320646949,1,74746,,,5183131.869512557,1.5575659009100569,4.450188288314449,3.096589350618804,1.761532864124469,,5.0,Ser,4421455530273467392,J15191881+0145553,336-1027-1,J15193+0146A,J15193+0146A,9584 A,461297684,39881,3457,,15167+0156,8861,12790,,54.429,,5.599999904632568,4.340000152587891,3.950000047683716,4.010000228881836,B,J-K,3.4382,Maal,1,5.0 Ser,,,3.02 <-> 3.60,1.18 <-> 1.36,1.11 <-> 3.21,6180 <-> 4384,25.38 <-> 25.13,1.70 <-> 1.56,3.97 <-> 4.45
55539,55705,99211,4405,,* gam Crt,Katydid,,171.2205,-17.684,2.98836173,-0.30864423,26.5206,-24.9714,3.8566,-8.0561,1719.39418072,12049.85400534,437.01893738,-96.811,3.65,-4.7e-07,2e-08,A7V(n),V,4.06,1.942,0.19,2.043,2.04,8241.214124831342,Main sequence,1.6808163474896909,1,55539,,,5470271.862941403,3.4983485351329557,9.9952815289513,6.95505006389528,3.95646560520989,gam,,Crt,3546521385853638656,J11245298-1741025,6088-2155-1,J11249-1741A,J11249-1741A,8153 A,334849779,,2644.00,431,F11223-1724,6963,10012,,0.58,4.059999942779541,4.25,3.6480000019073486,3.5230000019073486,3.5460000038146973,V,B-V,17.3447,Katydid,1,gam  Crt,,A9 <-> A7,2.05 <-> 1.94,1.78 <-> 2.04,1.38 <-> 2.04,7525 <-> 8241,25.24 <-> 26.52,2.49 <-> 3.50,5.73 <-> 10.00
86475,86742,161096,6603,,* bet Oph,Celebrai,Cebalrai,265.8681,4.5673,4.6402743,0.07971449,25.4917,-1.8309,-25.3447,2.0299,-4925.84739048,1906.10470396,19203.82430087,-41.793,159.43,-2e-07,7.7e-07,K2IIICN0.5,,2.75,0.718,1.18,12.894,2.71,4348.347789269023,Bright giant,0.830808141543738,1,86475,,,5258047.893872807,6.147219078271712,17.56348308077632,12.221256977040188,6.952212052807292,bet,,Oph,4473334474601314304,J17432835+0434022,423-1724-1,,,,361269297,,4042.00,665,17409+0435,10239,14628,,-12.12,2.75,3.930000066757202,0.8859999775886536,0.3540000021457672,0.2189999967813491,V,B-V,53.5549,Celebrai,1,bet  Oph,,,0.76 <-> 0.72,1.13 <-> 2.71,12.42 <-> 12.89,4870 <-> 4348,25.09 <-> 25.49,5.18 <-> 6.15,12.58 <-> 17.56
71517,71743,128987,,,V* KU Lib,Kang,,220.1296,-16.2093,3.84198647,-0.28290552,23.7318,-17.4237,-14.6876,-6.6246,-6496.69809315,10958.07414343,-7126.03530442,-111.695,-66.024,-5.4e-07,-3.2e-07,G8Vk:,,7.24,5.363,0.737,0.872,0.89,5478.169104676963,Main sequence,13.515657818054272,1,71517,,,4895029.759644593,0.6600997004184157,1.885999144052616,1.3123410710699457,0.7465413278541605,KU,,Lib,6286606170175267840,J14403109-1612335,6154-999-1,,,,466493185,,,,,,,,-22.88,7.239999771118164,7.9770002365112305,5.947000026702881,5.629000186920166,5.531000137329102,V,B-V,0.6175,Kang,1,KU  Lib,,G6 <-> G8,5.37 <-> 5.36,0.9 <-> 0.89,0.92 <-> 0.87,5490 <-> 5478,23.68 <-> 23.73,0.60 <-> 0.66,1.43 <-> 1.89
55476,55642,99028,4399,9359 A,* iot Leo,Leonis,,170.9811,10.5295,2.98418237,0.18377455,23.6101,-22.9255,3.6388,4.3145,-4240.09933305,-16258.38468202,-8882.45714529,149.407,-80.702,7.2e-07,-3.9e-07,F1IV,IV,4.01,2.145,0.4,2.435,1.86,6880.243849975384,Subgiant,2.1189872882230016,1,55476,,,4869927.517070085,2.9065420132885262,8.304405752252933,5.778482335942665,3.2871606102667856,iot,,Leo,3915612630249290752,J11235546+1031459,858-1221-1,J11239+1032A,J11239+1032A,8148 A,396915247,27257,2640.00,,11213+1048,6956,9999,,-11.8,4.010000228881836,4.409999847412109,3.0820000171661377,2.8399999141693115,2.789999961853028,V,B-V,11.9728,Leonis,1,iot  Leo,,F2 <-> F1,2.13 <-> 2.15,1.54 <-> 1.86,2.10 <-> 2.44,7170 <-> 6880,23.67 <-> 23.61,2.43 <-> 2.91,5.56 <-> 8.30
0,,,,,Sol,Sol,Sol,0.0,0.0,0.0,0.0,0.0,,,,,,,,,,,G2V,V,-26.74,4.83,0.63,,,,,,1,0,,,0.0,0.84,2.4,0.95,1.67,,,,,,,,,,,,,,,,,0.0,,,,,,,,,,Sol,1,,,,4.85 <-> 4.83,,,,,0.75 <-> 0.84,1.76 <-> 2.40
78498,78738,144087,,9541 A,HD 144087,Enlil,,241.108,-11.4494,4.20812889,-0.19982943,27.8631,-13.1944,-23.9096,-5.5309,-6827.84532833,4469.12909688,-2871.09997763,-61.607,-22.227,-3e-07,-1.1e-07,K1(V),V,7.43,5.205,0.71,0.996,0.96,5567.726999373595,Main sequence,10.995468907730473,1,78498,,,5747170.672447325,0.778589033254737,2.224540095013534,1.5479091494469177,0.8805471209428574,,,,4343064577465522688,J16042591-1126577,5619-1260-1,J16044-1123D,J16044-1127A,9910 A,49777149,,3637,,,9240,13312,,-31.79,7.429999828338623,8.140000343322754,6.197999954223633,5.894000053405762,5.787000179290772,V,B-V,0.8591,Enlil,1,,,G8 <-> K1,5.43 <-> 5.21,0.84 <-> 0.96,0.88 <-> 1.00,5320 <-> 5568,25.26 <-> 27.86,0.59 <-> 0.78,1.41 <-> 2.22
119060,,,,9540 C,* ksi Sco C,Alpha Ternion,,241.0938,-11.3716,4.20788099,-0.19847249,27.8918,-13.2176,-23.9375,-5.4995,-8521.00032436,5096.40509133,-1543.71193115,-75.048,-11.957,-3.6e-07,-6e-08,G1V,V,5.85,3.623,,,1.32,,Main sequence,4.961966458615148,3,119058.0,119059|119225,0.152707,5753101.738218494,1.471486312291189,4.204246606546255,2.9254549303884354,1.664180948424559,,,,4343066192373234688,,,J16044-1123C,J16044-1122C,9909 C,,,,,,9239,13313,,-31.5,,,5.849999904632568,,,J,,3.0687,Alpha Ternion,3,,,G8 <-> G1,5.37 <-> 3.62,0.84 <-> 1.32,,,24.33 <-> 27.89,0.61 <-> 1.47,1.45 <-> 4.20
119059,,144069,5977,9540 B,* ksi Sco B,Proxima Ternion,,241.0922,-11.373,4.20785275,-0.19849568,27.6878,-13.1215,-23.7619,-5.4599,-4725.10939324,3191.62768902,-2385.51551391,-43.269,-18.584,-2.1e-07,-9e-08,F5V,V,4.87,2.659,0.48,2.166,1.65,6481.00883465622,Main sequence,2.848653050219033,2,119058.0,119060|119225,0.356757,5711017.138743528,2.293863863533758,6.553896752953594,4.560419823930209,2.5942507980441305,,,,4343066192373234176,,5619-1257-2,J16044-1123B,J16044-1122B,9909 B,,,,,,9238,13311,,-29.4,4.869999885559082,5.349999904632568,,,,V,B-V,7.4572,Proxima Ternion,2,,,F6 <-> F5,3.07 <-> 2.66,1.26 <-> 1.65,1.17 <-> 2.17,6510 <-> 6481,24.33 <-> 27.69,1.63 <-> 2.29,3.78 <-> 6.55
119225,,144070,5978,9540 A,* ksi Sco A,Beta Ternion,,241.0923,-11.3732,4.20785468,-0.19849992,28.0445,-13.2905,-24.0681,-5.5303,-8247.27190751,5558.69948684,-4206.34459909,-74.518,-32.323,-3.6e-07,-1.6e-07,F4(V),V,5.16,2.921,0.48,1.92,1.56,6481.00883465622,Main sequence,3.3127609479526923,1,119225,119060|119059,,5784595.878578479,2.0329523890071863,5.8084353971633895,4.041702963859525,2.299172344710508,ksi,,Sco,4343066192367555072,,5619-1257-1,J16044-1123A,J16044-1122A,9909 A,,,,,,,,119225.0,-32.6,5.159999847412109,5.639999866485596,,,,V,B-V,5.8573,Beta Ternion,1,ksi  Sco,,F6 <-> F4,2.91 <-> 2.92,1.29 <-> 1.56,1.18 <-> 1.92,6510 <-> 6481,24.33 <-> 28.04,1.76 <-> 2.03,4.07 <-> 5.81
71731,71957,129502,5487,9491,* mu. Vir,Heinlein,,220.7651,-5.6582,3.85307787,-0.09875424,19.1639,-14.4439,-12.4523,-1.8894,8668.57488272,-5720.93031957,-28580.13018374,110.002,-316.139,5.3e-07,-1.53e-06,F2V,V,3.88,2.468,0.38,2.034,1.73,6988.564151087949,Main sequence,2.552088481957368,1,71731,,,3952833.973726321,2.504740303874317,7.156400868212335,4.97966227079775,2.8327420103340493,,,,6337717036910713856,J14430363-0539291,4997-942-1,,J14431-0540A,,185284200,38172,3325.00,545,14404-0526,8551,12388,,1.63,3.880000114440918,4.260000228881836,3.3299999237060547,3.069999933242798,3.039999961853028,V,B-V,8.8913,Heinlein,1,,,,2.56 <-> 2.47,1.99 <-> 1.73,1.26 <-> 2.03,7170 <-> 6989,18.27 <-> 19.16,1.99 <-> 2.50,4.56 <-> 7.16
69479,69701,124850,5338,9473,* iot Vir,Syrma,Syrma,214.0036,-6.0005,3.73506774,-0.1047293,22.0258,-18.1594,-12.2503,-2.3025,2190.42063431,4828.67096928,-43081.0861502,-26.606,-414.866,-1.3e-07,-2.01e-06,F7III,III,4.08,2.365,0.52,2.624,1.77,6299.551342527256,Bright giant,2.406226675942222,1,69479,,,4543137.568445026,2.625488112920848,7.5013946083452785,5.219720414973589,2.969302032470006,iot,,Vir,3640828731549668352,J14160086-0600016,4982-1645-1,,J14190-0636C,,6029884,36758,3241.00,525,14133-0545,8342,12135,,12.079,4.079999923706055,4.599999904632568,3.140000104904175,2.9089999198913574,2.8010001182556152,V,B-V,9.7693,Syrma,1,iot  Vir,,,2.33 <-> 2.37,1.22 <-> 1.77,1.14 <-> 2.62,6345 <-> 6300,22.24 <-> 22.03,2.31 <-> 2.63,5.37 <-> 7.50
63947,64150,114174,,9429,HD 114174,Verne,,197.2126,5.2072,3.44200912,0.09088349,26.4077,-25.1209,-7.7823,2.3967,-4237.87417147,-12522.35089847,-84812.71247787,85.533,-680.324,4.1e-07,-3.3e-06,G3IV+D,IV,7.47,5.361,0.411,1.493,0.91,4286.800270080566,Subgiant,12.744890466091032,1,63947,,,5446985.319942854,0.6918475386071297,1.976707253163228,1.375458796992746,0.7824466210437776,,,,3729017810434416128,J13085103+0512259,304-969-1,,J13088+0513AB,,381726125,33022,3002.00,3047,,7820,11339,,24.195,,7.46999979019165,5.61299991607666,5.311999797821045,5.202000141143799,B,J-K,0.6784,Verne,1,,,G5 <-> G3,4.69 <-> 5.36,0.93 <-> 0.91,0.93 <-> 1.49,5575 <-> 4287,26.13 <-> 26.41,0.82 <-> 0.69,1.93 <-> 1.98
59092,,105590A,,9390 A,HD 105590A,Zelazny,,182.3689,-11.8571,3.1829375,-0.20694494,24.7923,-24.2426,-1.0029,-5.0941,5543.97380878,-36691.16274734,-19169.55070572,313.876,-166.66,1.52e-06,-8.1e-07,G4,,6.84,4.868,0.75,1.113,0.99,5436.136574148009,,10.16491989798217,1,59092,,,5113779.462552467,0.8290793868520804,2.368798248148801,1.6482887810035407,0.9376493065589004,,,,3574377616021489152,J12092849-1151251,5522-1685-1,J12095-1151A,J12095-1151A,,152854208,29769,,,,,,,1.94,6.840000152587891,7.590000152587891,5.645999908447266,5.379000186920166,5.270999908447266,V,B-V,0.9742,Zelazny,1,,,G0 <-> G4,5.08 <-> 4.87,1.1 <-> 0.99,1.05 <-> 1.11,6000 <-> 5436,22.22 <-> 24.79,0.67 <-> 0.83,1.56 <-> 2.37
119217,,,,4056,G  21-13,Nikola,,276.0216,1.6878,4.81748602,0.029458,17.3608,1.8204,-17.2575,0.5113,,,,150.438,-238.457,7.3e-07,-1.16e-06,M2.5V,V,11.86,10.662,1.54,0.272,0.34,3734.317364481237,Main sequence,151.5438741592521,1,119217,,,3580917.8296942245,0.0954659673440444,0.2727599066972697,0.1897954350768501,0.1079674630676692,,,,4276632394156013568,J18240518+0141161,,,J18241+0141A,,169296613,46418,,,,,,,,11.859999656677246,13.399999618530272,8.29699993133545,7.736999988555908,7.486999988555908,V,B-V,0.0129,Nikola,1,,,G5 <-> M2,11.13 <-> 10.66,0.93 <-> 0.34,0.93 <-> 0.27,5575 <-> 3734,13.89 <-> 17.36,0.04 <-> 0.10,0.10 <-> 0.27
119105,,,,3969,G  17-33,Decaran,,250.4406,-5.8228,4.37101226,-0.10162705,32.8825,-10.9518,-30.8251,-3.336,5534.49276811,2170.34858978,-38573.52804915,28.795,-248.719,1.4e-07,-1.21e-06,M0V,V,12.23,9.645,0.73,0.2,0.43,5501.091332165992,,84.39051114344886,1,119105,,,6782505.384511679,0.1524910631104211,0.4356887517440603,0.3031667564219086,0.1724601308986905,,,,4353154417711322112,J16414572-0549220,5061-450-1,,,,58410794,43374,,,,,,,35.51,12.229999542236328,12.960000038146973,9.020999908447266,8.430999755859375,8.204999923706055,V,B-V,0.033,Decaran,1,,,G9 <-> M0,10.23 <-> 9.64,0.81 <-> 0.43,0.87 <-> 0.20,5235 <-> 5501,23.26 <-> 32.88,0.07 <-> 0.15,0.16 <-> 0.44
72407,72634,131023,,3868,HD 131023,Strix,,222.7596,9.7237,3.88788922,0.16971005,30.0375,-21.737,-20.1002,5.0732,-19879.38881446,23546.41038294,7900.99893457,-216.196,56.34,-1.05e-06,2.7e-07,K0V,V,5.821,3.433,0.46,3.731,1.41,4227.999954223633,,4.199233170516653,1,72407,,,6195682.587551853,1.681679746680256,4.804799276229303,3.343339496376223,1.9018997135074325,,,,1174143182830505984,J14510231+0943252,918-132-1,J14510+0943A,J14510+0943A,9410 A,349674635,38552,,,,8629,12487,,-36.19,,,6.281000137329102,5.915999889373779,5.821000099182129,K,J-K,4.008,Strix,1,,,,5.05 <-> 3.43,0.78 <-> 1.41,0.85 <-> 3.73,5200 <-> 4228,29.44 <-> 30.04,0.71 <-> 1.68,1.69 <-> 4.80
69766,69989,125451,5365,3841,*  18 Boo,Rana,,214.8178,13.0043,3.74927846,0.22696787,26.1053,-20.8821,-14.523,5.8743,6721.38654832,-11186.93949956,-3769.52435307,105.226,-31.26,5.1e-07,-1.5e-07,F3V,V,5.396,3.312,0.392,1.405,1.42,6923.129265145771,Main sequence,4.150392324510625,1,69766,,,5384604.295887894,1.6974928945496592,4.849979698713312,3.37477754035468,1.919783630740686,,18.0,Boo,1226844321337777664,J14191627+1300155,915-1442-1,J14192+1300A,J14193+1300A,,86433449,,3255.01,1372,14168+1314,8373,12171,,-1.2,5.395999908447266,5.788000106811523,4.738999843597412,4.538000106811523,4.394000053405762,V,B-V,4.0837,Rana,1,18.0 Boo,,F5 <-> F3,3.33 <-> 3.31,1.3 <-> 1.42,1.20 <-> 1.41,6675 <-> 6923,26.10 <-> 26.11,1.44 <-> 1.70,3.32 <-> 4.85
69192,69414,124292,,3830,HD 124292,Bel,,213.1885,-3.3201,3.72084113,-0.0579464,21.7887,-18.2038,-11.907,-1.2619,-7606.53695025,15080.40598584,-33219.51550038,-162.498,-322.138,-7.9e-07,-1.56e-06,G8/K0V,V,7.039,5.348,0.744,0.886,0.89,5455.451253111298,,13.395578005024134,1,69192,,,4494237.025932882,0.6648292521064115,1.8995121488754612,1.3217438702591753,0.7518902255965368,,,,3646061719703115776,J14124525-0319120,4979-117-1,,,,147718994,36571,,,,,,,37.819,7.039000034332275,7.782999992370605,5.736999988555908,5.375999927520752,5.303999900817871,V,B-V,0.6264,Bel,1,,,G0 <-> G8,5.33 <-> 5.35,1.1 <-> 0.89,1.05 <-> 0.89,6000 <-> 5455,22.05 <-> 21.79,0.59 <-> 0.66,1.39 <-> 1.90
68415,68634,122676,,3824,HD 122676,Pyraas,,210.7369,14.9753,3.67805343,0.26136909,26.6456,-22.1246,-13.1559,6.8853,-3608.16654795,6273.32464084,358.16517679,-57.288,2.954,-2.8e-07,1e-08,G7V,V,7.14,5.012,0.72,1.005,0.96,5534.195806821752,Main sequence,11.039993880108184,1,68415,,,5496041.961433212,0.7760759406240254,2.2173598303543582,1.5429128819549076,0.8777049328486002,,,,1231250992143084800,J14025689+1458314,907-128-1,,,,72601126,,,,,,,,-8.86,7.139999866485596,7.860000133514404,5.7179999351501465,5.353000164031982,5.252999782562256,V,B-V,0.8536,Pyraas,1,,,G5 <-> G7,4.98 <-> 5.01,0.93 <-> 0.96,0.93 <-> 1.00,5575 <-> 5534,26.83 <-> 26.65,0.71 <-> 0.78,1.68 <-> 2.22
65150,65355,116443,,3782,HD 116443,Khayyam,,200.9202,2.7253,3.50671882,0.04756501,16.5793,-15.4689,-5.9132,0.7883,836.05829928,-157.22654913,15804.9688289,5.667,201.308,3e-08,9.8e-07,K2V,V,8.18,7.082,0.537,0.796,0.64,4135.599784851074,Main sequence,30.587335168543,1,65150,,,3419730.4865533416,0.3434361227192838,0.9812460649122394,0.6827837201681,0.3884099006944281,,,,3712538811193759744,J13234086+0243309,303-1282-1,J13237+0243B,J13237+0243B,8883 B,393713801,33956,,,,64078,,,27.496,,8.180000305175781,5.76800012588501,5.355999946594238,5.230999946594238,B,J-K,0.1672,Khayyam,1,,,G4 <-> K2,6.31 <-> 7.08,0.95 <-> 0.64,0.95 <-> 0.80,5660 <-> 4136,16.14 <-> 16.58,0.39 <-> 0.34,0.91 <-> 0.98
65147,65352,116442,,3781,HD 116442,Al-Battani,,200.9131,2.7233,3.50659581,0.04753102,16.5888,-15.4785,-5.9147,0.7882,1018.93702696,-660.16587024,15655.6242487,12.467,199.291,6e-08,9.7e-07,G9V,V,7.83,6.731,0.512,0.842,0.66,4165.599899291992,Main sequence,28.037019589680654,1,65147,,,3421681.969818369,0.368208500114653,1.052024286041866,0.7320335657041317,0.4164262798915719,,,,3712538708114516992,J13233916+0243239,303-1283-1,J13237+0243A,J13237+0243A,8883 A,393713800,33954,,,,64077,,,28.492,,7.829999923706055,5.609000205993652,5.21999979019165,5.0970001220703125,B,J-K,0.1921,Al-Battani,1,,,G5 <-> G9,6.12 <-> 6.73,0.93 <-> 0.66,0.93 <-> 0.84,5575 <-> 4166,15.45 <-> 16.59,0.42 <-> 0.37,1.00 <-> 1.05
118819,,,,3728,Ross  948B,Rivera,,187.2206,-10.6641,3.26761643,-0.18612393,19.4155,-18.9288,-2.3982,-3.5929,-3215.56099225,25608.63299328,-117.94055129,-280.423,-1.317,-1.36e-06,-1e-08,M2V,V,10.96,9.519,1.45,0.428,0.44,3870.29593862394,Main sequence,78.4901051595428,1,118819,,,4004729.726843646,0.1615947910387196,0.4616994029677703,0.3212658345650735,0.1827560136747424,,,,3578493908382798336,J12285297-1039508,,,J12288-1040B,,98751018,30868,,,,,,,-6.38,10.960000038146973,12.40999984741211,7.651999950408935,7.190000057220459,6.789999961853027,V,B-V,0.037,Rivera,1,,,G5 <-> M2,10.60 <-> 9.52,0.93 <-> 0.44,0.93 <-> 0.43,5575 <-> 3870,12.05 <-> 19.42,0.05 <-> 0.16,0.13 <-> 0.46
118818,,,,3727,Ross  948A,Bolivar,,187.2215,-10.6635,3.26763128,-0.1861134,19.4395,-18.9523,-2.4014,-3.5971,-3297.89779785,25556.01182424,342.74522016,-279.622,3.774,-1.36e-06,2e-08,M2V,V,11.57,10.127,1.65,0.378,0.38,3581.0020264761256,Main sequence,111.33789569669918,1,118818,,,4009688.7732885447,0.1221700858357097,0.3490573881020278,0.242885765887661,0.1381685494570527,,,,3578493912677730304,J12285316-1039488,,,J12288-1040A,,98751019,30870,,,,,,,-5.23,11.56999969482422,13.220000267028809,7.679999828338623,7.179999828338623,6.85699987411499,V,B-V,0.0212,Bolivar,1,,,M3 <-> M2,10.55 <-> 10.13,0.31 <-> 0.38,0.44 <-> 0.38,3280 <-> 3581,12.05 <-> 19.44,0.06 <-> 0.12,0.16 <-> 0.35
56075,56242,100180,4437,3669,*  88 Leo,Charybdis,,172.9373,14.3645,3.01832471,0.25070787,23.4447,-22.5394,2.7925,5.8164,-684.55350509,37026.81487108,-20449.33072513,-329.873,-189.925,-1.6e-06,-9.2e-07,F9.5V,V,6.77,4.92,0.276,1.699,1.0,4448.79997253418,Main sequence,9.884270226145691,1,56075,,,4835812.358159687,0.8478589286474819,2.4224540818499483,1.6856242986205892,0.9588880740656044,,88.0,Leo,3966121303915627008,J11314496+1421525,862-1208-1,J11317+1422A,"J11317+1422Aa,Ab",8196 A,219030951,27657,2665,,,7016,10105,,-4.81,,6.769999980926514,5.179999828338623,4.958000183105469,4.90399980545044,B,J-K,1.0188,Charybdis,1,88.0 Leo,,G0 <-> F9,4.43 <-> 4.92,1.1 <-> 1.0,1.05 <-> 1.70,6000 <-> 4449,23.33 <-> 23.44,0.98 <-> 0.85,2.48 <-> 2.42
103883,104217,201092,8086,820 B,*  61 Cyg B,Bessel,,316.7303,38.742,5.52798598,0.67617623,3.4964,1.9857,-1.8693,2.1881,22775.04857926,72026.16360454,40759.29398469,4105.976,3155.942,1.991e-05,1.53e-05,K7V,V,6.03,8.312,1.37,0.461,0.47,4000.132291181991,Main sequence,65.76091444867771,2,103879.0,103879,0.000583,721191.9984727561,0.1861679905380389,0.531908544394397,0.3701196954744346,0.2105471321561155,,,,1872046574983497216,J21065473+3844265,3168-2798-1,J21069+3844B,J21069+3845B,14636 B,165602023,50560,,,,13273,18981,,-64.248,6.03000020980835,7.400000095367432,3.549999952316284,2.859999895095825,2.319999933242798,V,B-V,0.0491,Bessel,2,,,,8.33 <-> 8.31,0.6 <-> 0.47,0.70 <-> 0.46,4045 <-> 4000,3.50 <-> 3.50,0.16 <-> 0.19,0.41 <-> 0.53
103879,104214,201091,8085,820 A,*  61 Cyg A,Piazzi,,316.7247,38.7494,5.52788968,0.67630492,3.4966,1.9854,-1.8693,2.1886,22732.22577315,73399.99607651,41966.48399663,4164.209,3249.614,2.019e-05,1.575e-05,K5V,V,5.21,7.492,1.18,0.57,0.57,4348.348266142209,Main sequence,41.015486792775775,1,103879,103883,,721218.4762735281,0.2715945118121846,0.7759843194633848,0.5399557556266052,0.3071604597875897,,61.0,Cyg,1872046574983507456,J21065341+3844529,3168-2800-1,J21069+3844A,J21069+3845A,14636 A,165602000,50559,5077,,,13272,18980,,-65.82,5.210000038146973,6.389999866485596,3.119999885559082,2.5,2.680000066757202,V,B-V,0.1045,Piazzi,1,61.0 Cyg,,,7.49 <-> 7.49,0.69 <-> 0.57,0.74 <-> 0.57,4375 <-> 4348,3.49 <-> 3.50,0.24 <-> 0.27,0.59 <-> 0.78
98924,99240,190248,7665,780,* del Pav,Delta Pavonis,,302.1817,-66.1821,5.27406567,-1.15509498,6.0993,1.3118,-2.0847,-5.5798,13725.93353205,43970.46827359,-13177.07829903,1211.761,-1130.237,5.87e-06,-5.48e-06,G8IV,IV,3.56,4.634,0.76,1.254,1.05,5404.266838749797,Subgiant,8.879813222568378,1,98924,,,1258062.0343217384,0.9237537646025604,2.6392964702930297,1.8365104605789,1.044721519490991,del,,Pav,6427464325637241856,J20084376-6610563,9098-1918-1,,,,409891396,48721,4754.00,754,,12460,17675,,-21.543,3.559999942779541,4.320000171661377,2.450000047683716,2.109999895095825,2.039999961853028,V,B-V,1.2094,Delta Pavonis,1,del  Pav,,G5 <-> G8,4.62 <-> 4.63,0.99 <-> 1.05,1.20 <-> 1.25,5570 <-> 5404,6.11 <-> 6.10,0.84 <-> 0.92,1.99 <-> 2.64
97338,97649,187642,7557,768,* alf Aql,Altair,Altair,297.6958,8.8683,5.19577236,0.1547814,5.1295,2.3556,-4.4875,0.7908,10861.70963302,7362.43266769,9252.73879615,536.23,385.29,2.6e-06,1.87e-06,A7Vn,,0.76,2.21,0.22,1.911,1.92,8011.383319447137,Main sequence,1.960667937840953,1,97338,,,1058039.5280841242,3.092829993926581,8.83665712550452,6.148840583163561,3.4978434455122054,alf,,Aql,,J19504698+0852060,1058-3399-1,J19508+0852A,J19508+0852A,13009 A,70257116,48314,4665.00,745,19483+0844,12193,17173,,-26.6,0.7599999904632568,0.9800000190734864,0.3499999940395355,0.2399999946355819,0.2399999946355819,V,B-V,13.5567,Altair,1,alf  Aql,,,,1.79 <-> 1.92,1.80 <-> 1.91,6900 <-> 8011,5.13 <-> 5.13,2.34 <-> 3.09,5.39 <-> 8.84
91756,92043,173667,7061,9635,* 110 Her,Newton,,281.4155,20.5463,4.91162745,0.35860074,19.352,3.5866,-17.7625,6.7919,1326.1248237,-10779.03221709,-28825.4269791,-9.086,-335.655,-4e-08,-1.63e-06,F5.5IV-V,IV,4.19,2.756,0.46,2.011,1.62,6576.050088381066,Subgiant,3.0136531529374944,1,91756,,,3991632.320128188,2.192828526981337,6.26522436280382,4.359551952450992,2.4799846436098454,,110.0,Her,4530744134230193152,J18453972+2032466,1591-1918-1,J18457+2033A,J18457+2033A,11658 A,282038438,46972,4328.00,703,18435+2029,11212,15864,,22.772,4.190000057220459,4.650000095367432,3.319999933242798,3.2860000133514404,3.059999942779541,V,B-V,6.8148,Newton,1,110.0 Her,,F6 <-> F5,2.77 <-> 2.76,1.26 <-> 1.62,1.17 <-> 2.01,6510 <-> 6576,19.21 <-> 19.35,1.87 <-> 2.19,4.33 <-> 6.27
91156,91438,172051,6998,722,HD 172051,Linnaeus,,279.7225,-21.0519,4.88207869,-0.36742454,13.0309,2.0537,-11.9865,-4.6809,-5116.93644808,2533.85319691,-8836.9783911,-74.718,-153.056,-3.6e-07,-7.4e-07,G6V,V,5.86,5.285,0.658,0.821,0.9,5749.348819447126,Main sequence,12.92054443579548,1,91156,,,2687822.0235729506,0.6843127548591532,1.9551792995975803,1.3604789293033164,0.7739251394240423,,,,4079684229322230784,J18385342-2103065,6279-1723-1,,J18389-2103AB,,1544160,,4289.01,,18358-2105,11091,15715,,37.135,5.860000133514404,6.51800012588501,4.789000034332275,4.309000015258789,4.227000236511231,V,B-V,0.6637,Linnaeus,1,,,G5 <-> G6,5.27 <-> 5.29,0.93 <-> 0.9,0.93 <-> 0.82,5575 <-> 5749,13.08 <-> 13.03,0.63 <-> 0.68,1.49 <-> 1.96
90979,91262,172167,7001,721,* alf Lyr,Vega,Vega,279.2347,38.7837,4.87356551,0.67690307,7.6787,0.9606,-5.9081,4.8098,6170.5456201,7625.87323664,8113.31451057,200.94,286.23,9.7e-07,1.39e-06,A0V,V,0.03,0.604,0.0,2.507,2.78,10125.237191650856,,0.7778373632070944,1,90979,,,1583850.1574138063,6.479899133029578,18.51399752294165,12.882656609713566,7.32845735283107,alf,,Lyr,,J18365633+3847012,3105-2070-1,J18369+3847A,J18369+3846A,11510 A,157587146,46746,4293.00,699,F18352+3844,11085,15681,,-13.5,0.0299999993294477,0.0299999993294477,-0.1770000010728836,-0.0289999991655349,0.1289999932050705,V,B-V,59.5084,Vega,1,alf  Lyr,,,,2.14 <-> 2.78,2.36 <-> 2.51,9600 <-> 10125,7.68 <-> 7.68,6.60 <-> 6.48,15.53 <-> 18.51
89684,89962,168723,6869,711,* eta Ser,Leviathan,,275.3275,-2.8988,4.80537143,-0.05059409,19.0689,1.7683,-18.9623,-0.9644,-49700.76708323,-1426.19008306,-63273.62016126,-548.903,-700.854,-2.66e-06,-3.4e-06,K0III-IV,III,3.25,1.848,0.94,6.055,2.09,4891.5723628666055,,1.5925453613535636,1,89684,,,3933251.1970527046,3.652631304869161,10.436089442483317,7.261778903727975,4.130952070982979,eta,,Ser,4269932382606282240,J18211862-0253554,5102-416-1,J18214-0253A,J18213-0254A,,168775356,46332,4215.00,688,18186-0255,10825,15365,,9.38,3.25,4.190000057220459,1.4900000095367432,1.0369999408721924,1.0499999523162842,V,B-V,18.9083,Leviathan,1,eta  Ser,,,1.89 <-> 1.85,2.0 <-> 2.09,5.89 <-> 6.05,4890 <-> 4892,18.54 <-> 19.07,3.08 <-> 3.65,7.47 <-> 10.44
8087,8102,10700,509,71,* tau Cet,Tau Ceti,,26.017,-15.9375,0.45408254,-0.2781615,3.6522,3.1559,1.5404,-1.0028,16713.28391242,-25011.81313176,14237.579898,-1721.728,854.963,-8.35e-06,4.14e-06,G8V,V,3.5,5.687,0.72,0.736,0.82,5534.19739547371,Main sequence,16.285872737516215,1,8087,,,753314.458910696,0.5686309008294597,1.624659716655599,1.1304923861728542,0.6430944711761746,tau,,Cet,2452378776434276864,J01440402-1556141,5855-2292-1,J01441-1557A,J01441-1556A,,419015728,5787,365.00,59,01416-1611,979,1733,,-16.597,3.5,4.21999979019165,2.140000104904175,1.7200000286102295,1.6799999475479126,V,B-V,0.4582,Tau Ceti,1,tau  Cet,,,5.68 <-> 5.69,0.78 <-> 0.82,0.79 <-> 0.74,5320 <-> 5534,3.65 <-> 3.65,0.53 <-> 0.57,1.26 <-> 1.62
119198,,165341B,,702 B,*  70 Oph B,Valo,,271.3644,2.4989,4.73620276,0.04361485,5.1058,0.1215,-5.0995,0.2226,8091.25956649,-925.05255835,-25834.08988618,333.292,-1068.354,1.62e-06,-5.18e-06,K4V,V,6.07,7.53,1.19,0.565,0.56,4328.442301395821,Main sequence,41.92006768389072,2,88327.0,88327,0.007517,1053143.585373562,0.2668957793129715,0.762559369465633,0.5306142279198363,0.3018464170801463,,,,4468557611977674752,,434-5212-1,J18055+0230B,J18055+0230B,11046 B,1674663308,45900,,,,10532,,,-10.0,6.070000171661377,7.260000228881836,,,,V,B-V,0.101,Valo,2,,,K5 <-> K4,7.47 <-> 7.53,0.69 <-> 0.56,0.74 <-> 0.56,4375 <-> 4328,5.09 <-> 5.11,0.24 <-> 0.27,0.60 <-> 0.76
88327,,165341A,,702 A,*  70 Oph A,Narion,,271.3635,2.5001,4.73618716,0.04363578,5.1133,0.1216,-5.107,0.2231,5032.29458544,-1041.86281987,-26820.00249399,206.525,-1107.492,1e-06,-5.37e-06,K0V,V,,,,,,,,73.61540666665975,1,88327,119198,,1054699.3312791395,,,,,,70.0,Oph,4468557611977678336,,434-5213-1,J18055+0230A,J18055+0230A,11046 A,1674663309,45899,,,,10531,,,-9.73,,,,,,,,,Narion,1,70.0 Oph,,,,,,,5.08 <-> 5.11,,
87902,88175,164259,6710,9611,* zet Ser,Schrodinger,,270.1209,-3.6903,4.71449865,-0.06440739,22.9979,0.0484,-22.9501,-1.4802,16860.31480954,408.30358547,-4991.38966643,154.66,-45.909,7.5e-07,-2.2e-07,F2V,V,4.616,2.808,0.366,1.701,1.6,7066.629351170592,Main sequence,3.1037782035807817,1,87902,,,4743649.852928663,2.141739975776036,6.119257073645817,4.257983047078548,2.4222059249848025,zet,,Ser,4177224620176471040,J18002899-0341250,5100-600-1,,,,104572330,,4109.00,,17578-0341,10438,14898,,-50.7,4.616000175476074,4.98199987411499,3.927999973297119,3.6649999618530273,3.638999938964844,V,B-V,6.5009,Schrodinger,1,zet  Ser,,F3 <-> F2,2.76 <-> 2.81,1.46 <-> 1.6,1.96 <-> 1.70,7005 <-> 7067,23.55 <-> 23.00,1.83 <-> 2.14,4.22 <-> 6.12
87665,87937,,,699,NAME Barnard's star,Barnard's Star,Barnard Star,269.4521,4.6934,4.70282592,0.08191467,1.8282,-0.0174,-1.822,0.1496,-6875.15457412,7524.17082709,89497.49944096,-801.551,10362.394,-3.89e-06,5.024e-05,M4V,V,9.511,13.201,1.729,0.097,0.19,3478.694966957273,Main sequence,653.4466853620013,1,87665,,,377100.3548785239,0.0296559034157782,0.0847311526165093,0.058958760362321,0.0335394145773682,,,,4472832130942575616,J17574849+0441405,425-2502-1,J17578+0441A,,,325554331,45718,4098.00,,17553+0438,10392,14849,,-110.11,9.51099967956543,11.239999771118164,5.24399995803833,4.829999923706055,4.52400016784668,V,B-V,0.0012,Barnard's Star,1,,,,13.23 <-> 13.20,0.14 <-> 0.19,0.20 <-> 0.10,3130 <-> 3479,1.82 <-> 1.83,0.02 <-> 0.03,0.05 <-> 0.08
86705,86974,161797A,6623,695 A,* mu.01 Her,Andromas,,266.6148,27.7207,4.65330575,0.48381768,8.3386,-0.4359,-7.3686,3.8788,-13153.4103534,-13447.66442643,-27063.19860722,-312.087,-773.179,-1.51e-06,-3.75e-06,G5IV,IV,3.42,3.815,0.75,1.808,1.27,5436.136574148009,Subgiant,5.541614010763547,1,86705,,,1719951.2194308431,1.3470082881339869,3.848595108954248,2.677980763313997,1.523402230627723,,1.0,Her,4594497769763697664,J17462752+2743142,2085-3062-1,J17465+2744A,J17465+2743A,10786 A,460067868,45435,4060,667,17444+2744,10285,14673,,-17.78,3.4200000762939453,4.170000076293945,2.140000104904175,1.809999942779541,1.75,V,B-V,2.5715,Andromas,1,1.0 Her,,,3.82 <-> 3.81,0.93 <-> 1.27,0.93 <-> 1.81,5590 <-> 5436,8.31 <-> 8.34,1.22 <-> 1.35,2.88 <-> 3.85
86469,86736,160915,6595,692,*  58 Oph,Feynman,,265.8575,-21.6832,4.64008825,-0.37844313,17.1692,-1.1525,-15.9127,-6.3436,-7798.54777046,1900.30182283,-3378.03664479,-97.253,-44.614,-4.7e-07,-2.2e-07,F5V,V,4.861,3.687,0.452,1.295,1.3,6614.917029053035,Main sequence,5.1500472144841725,1,86469,,,3541409.7318679965,1.4283357870308886,4.080959391516824,2.839667576597124,1.6153797591420762,,58.0,Oph,4117290138348535808,J17432580-2140593,6260-2072-1,,,,238115675,,4034.00,1463,17404-2139,10236,14624,,10.36,4.861000061035156,5.313000202178955,4.080999851226807,3.786999940872192,3.877000093460083,V,B-V,2.8914,Feynman,1,58.0 Oph,,F6 <-> F5,3.63 <-> 3.69,1.26 <-> 1.3,1.17 <-> 1.29,6510 <-> 6615,17.65 <-> 17.17,1.26 <-> 1.43,2.92 <-> 4.08
85769,86032,159561,6556,681,* alf Oph,Rasalhague,Rasalhague,263.7336,12.56,4.60302006,0.21921401,14.8965,-1.5871,-14.4531,3.2394,7213.26862853,-4226.5237015,-15269.46176328,108.07,-221.57,5.2e-07,-1.07e-06,A5IVnn,,2.07,1.205,0.15,2.652,2.42,8571.321109412325,Subgiant,1.0993748366999023,1,85769,,,3072617.3990764194,4.9131797389440965,14.037656396983133,9.767869242900764,5.556572323805823,alf,,Oph,4493746564376875520,J17345606+1233361,1000-2508-1,J17349+1234A,J17349+1234AB,,289643770,45084,4000.00,656,17326+1235,10159,14516,,11.7,2.069999933242798,2.220000028610229,1.8329999446868896,1.718000054359436,1.6829999685287476,V,B-V,34.2111,Rasalhague,1,alf  Oph,,,1.22 <-> 1.21,2.1 <-> 2.42,2.60 <-> 2.65,8040 <-> 8571,14.90 <-> 14.90,3.63 <-> 4.91,8.35 <-> 14.04
119159,,158614B,,678 B,HD 158614B,Beta Marae,,262.599,-1.0626,4.58321667,-0.0185456,17.0937,-2.2015,-16.9484,-0.317,,,,-120.599,-208.539,-5.8e-07,-1.01e-06,,,6.089,4.925,0.731,1.012,0.96,5497.805992378168,,11.12254492518266,1,119159,85407,,3525833.848994035,0.7714645088664553,2.204184311047015,1.5337449164368813,0.8724896231227768,,,,4373199678620639744,,5080-2188-2,J17304-0104B,J17304-0104B,10598 B,,,,,,,,,,6.089000225067139,6.820000171661377,,,,V,B-V,0.8435,Beta Marae,1,,,,5.12 <-> 4.92,0.84 <-> 0.96,22.02 <-> 1.01,5500 <-> 5498,16.44 <-> 17.09,0.67 <-> 0.77,1.60 <-> 2.20
85407,,158614A,,678 A,HD 158614A,Alpha Marae,,262.5992,-1.063,4.58322006,-0.01855323,16.4709,-2.1212,-16.3309,-0.3056,,,,-138.312,-144.42,-6.7e-07,-7e-07,,,5.981,4.897,0.709,0.998,0.96,5571.105459654328,,10.948481562579332,1,85407,119159,0.622804,3397363.439910926,0.7812610500247923,2.232174428642264,1.5532213732635751,0.883569044670896,,,,4373199682919087616,,5080-2188-1,J17304-0104A,J17304-0104A,10598 A,,,,,,,,,,5.980999946594238,6.690000057220459,,,,V,B-V,0.865,Alpha Marae,1,,,,4.24 <-> 4.90,1.1 <-> 0.96,1.70 <-> 1.00,5500 <-> 5571,16.34 <-> 16.47,1.01 <-> 0.78,2.40 <-> 2.23
85264,85523,,,674,CD-46 11540,Sakharov,,262.1664,-46.8952,4.57566756,-0.81847549,4.5528,-0.424,-3.082,-3.324,14133.47492999,12063.87013702,-12984.66049603,572.568,-880.583,2.78e-06,-4.27e-06,M3V,V,9.407,11.116,1.566,0.225,0.3,3696.861847377754,Main sequence,196.7454791361708,1,85264,,,939077.07983244,0.0774739103293398,0.2213540295123995,0.154025512202378,0.0876193033486581,,,,5951824121022277632,J17283991-4653424,8346-37-1,,,,218263393,44819,3958.00,,17248-4651,,,,-2.904,9.406999588012695,10.972999572753906,5.710999965667725,5.15399980545044,4.855000019073486,V,B-V,0.0085,Sakharov,1,,,,11.09 <-> 11.12,0.37 <-> 0.3,0.51 <-> 0.23,3600 <-> 3697,4.54 <-> 4.55,0.05 <-> 0.08,0.12 <-> 0.22
84604,84862,157214,6458,672,* w Her,Nemeria,,260.1649,32.4677,4.54073348,0.56666903,14.5863,-2.1021,-12.1255,7.8303,2663.8851381,-39610.2166559,-60769.28001262,135.81,-1040.953,6.6e-07,-5.05e-06,G0V,V,5.39,4.57,0.62,1.087,1.06,5890.320632506188,,8.56187103784308,1,84604,,,3008639.5507420776,0.951095967705466,2.7174170505870463,1.8908693643668195,1.0756442491907057,w,,Her,1333760419707327744,J17203955+3228056,2596-1317-1,J17206+3229A,J17207+3228A,10488 A,9728611,44643,3946.00,1456,17187+3231,10019,14326,,-78.608,5.389999866485596,6.010000228881836,4.159999847412109,3.9049999713897705,3.910000085830689,V,B-V,1.282,Nemeria,1,w  Her,,,4.60 <-> 4.57,1.1 <-> 1.06,1.05 <-> 1.09,6000 <-> 5890,14.33 <-> 14.59,0.83 <-> 0.95,1.95 <-> 2.72
119147,,,,670 B,* ksi Oph B,Zeta Ophiuchi,,260.2522,-21.112,4.54225832,-0.36847327,17.4922,-2.7628,-16.0825,-6.3006,,,,237.822,-192.809,1.15e-06,-9.3e-07,K3?,,,,,,,,,41.36955347678645,2,84636.0,84636,0.026477,3608033.941946747,,,,,,,,4115142276696646144,,,J17210-2107B,J17210-2107B,,,,,,,,,,,,,,,,,,,Zeta Ophiuchi,2,,,,,,,,17.40 <-> 17.49,,
84636,84893,156897,6445,670 A,* ksi Oph,Xi Ophiuchi,,260.2516,-21.1129,4.54224661,-0.36849025,17.5187,-2.7672,-16.1067,-6.3104,22761.56247798,2246.82848117,-15691.35721206,265.543,-202.584,1.29e-06,-9.8e-07,F2V,V,4.387,3.169,0.365,1.438,1.47,7072.277604539667,Main sequence,3.82273328048592,1,84636,119147,,3613482.4638239727,1.8129260443624384,5.1797886981783945,3.6042696358158,2.050333026362281,ksi,,Oph,4115142276696645632,J17210038-2106463,6246-664-1,J17210-2107A,J17210-2107A,,75899957,44619,3935.00,,17180-2103,10009,14338,,-8.93,4.38700008392334,4.751999855041504,3.3550000190734863,3.135999917984009,3.066999912261963,V,B-V,4.658,Xi Ophiuchi,1,ksi  Oph,,,3.19 <-> 3.17,1.37 <-> 1.47,1.40 <-> 1.44,3900 <-> 7072,17.36 <-> 17.52,1.74 <-> 1.81,4.43 <-> 5.18
119144,,156384C,,667 C,HD 156384C,Oborum Proxima,,259.7451,-34.9968,4.53340745,-0.61081003,7.2429,-1.0563,-5.8385,-4.154,38984.52063432,-2744.37795621,-6066.84437035,1131.517,-215.569,5.49e-06,-1.05e-06,M1.5V,V,10.22,10.92,1.57,0.247,0.32,3691.16897654127,Main sequence,175.83676084274833,1,119144,119220,,1493954.7594163094,0.0847601167386013,0.2421717621102895,0.1685111844684098,0.0958596558353229,,,,5975663354131617792,J17185868-3459483,,J17190-3459C,J17190-3459C,,154385809,44534,,,,26163,,,6.368,10.220000267028809,11.789999961853027,6.8480000495910645,6.322000026702881,6.035999774932861,V,B-V,0.0102,Oborum Proxima,1,,,M2 <-> M1,11.02 <-> 10.92,0.31 <-> 0.32,0.42 <-> 0.25,3700 <-> 3691,6.97 <-> 7.24,0.05 <-> 0.08,0.12 <-> 0.24
119220,,156384A,,667 A,HD 156384A,Oborum Prime,,259.7351,-34.9896,4.53323204,-0.61068335,,,,,,,,,,,,K3,,6.37,,1.15,,,4409.233835968339,,41.36955347678645,1,119220,119144,,,,,,,,,,,,7370-850-1,J17190-3459A,J17190-3459A,,,,,,,,,119220.0,,6.369999885559082,7.519999980926514,,,,V,B-V,,Oborum Prime,1,,,,,,,4705 <-> 4409,,,
119135,,155885,6401,663 B,*  36 Oph B,Indum,,258.8374,-26.6028,4.51756543,-0.4643069,5.9478,-1.0295,-5.2175,-2.6634,-10097.22891915,16678.4751575,-28769.17361157,-465.861,-1141.168,-2.26e-06,-5.53e-06,K1V,V,5.03,6.158,0.85,0.755,0.77,5134.371452337879,Main sequence,19.03520408000923,2,84147.0,84147,0.004519,1226815.1903612851,0.5019185609602602,1.4340530313150293,0.9978619009567078,0.5676459915621991,,,,4109030160308317184,,6820-326-2,J17155-2635B,J17153-2636B,10417 B,1277142190,44416,3908.00B,,,9942,14248,,0.1,5.03000020980835,5.880000114440918,,,,V,B-V,0.357,Indum,2,,,,6.18 <-> 6.16,0.76 <-> 0.77,0.83 <-> 0.76,5035 <-> 5134,5.99 <-> 5.95,0.42 <-> 0.50,1.02 <-> 1.43
84147,,155886,6402,663 A,*  36 Oph A,Guniibuu,,258.8366,-26.6017,4.51755087,-0.46428724,5.9523,-1.0304,-5.2215,-2.6653,-10991.58829543,16968.13305799,-28993.05632637,-498.6,-1149.158,-2.42e-06,-5.57e-06,K2V,V,5.08,6.207,0.85,0.739,0.76,5134.371452337879,Main sequence,19.57251345097183,1,84147,119135,,1227744.0475800743,0.4908649311299775,1.4024712317999355,0.9758862321274552,0.5551448625874745,,36.0,Oph,4109030160308320256,,6820-326-1,J17155-2635A,J17153-2636A,10417 A,1277142191,44415,3908.00A,,,9941,14249,,0.62,5.079999923706055,5.929999828338623,,,,V,B-V,0.3415,Guniibuu,1,36.0 Oph,,,5.46 <-> 6.21,0.74 <-> 0.76,0.81 <-> 0.74,4870 <-> 5134,5.93 <-> 5.95,0.59 <-> 0.49,1.44 <-> 1.40
83865,,,,660 A,G  19-15A,Lunara,,257.9659,-1.8529,4.50235446,-0.03233968,,,,,,,,,,,,,,,,,,,,,,1,83865,,,,,,,,,,,4367834134891584512,,,,J17119-0151A,,,,,,,,,,,,,,,,,,,Lunara,1,,,,,,,,,,
83344,83601,154417,6349,9583,V* V2213 Oph,Heisenberg,,256.3201,0.7026,4.4736293,0.01226201,20.59,-4.8691,-20.0044,0.2525,-1708.52327615,21.19156428,-32637.43245281,-17.059,-334.401,-8e-08,-1.62e-06,F8.5IV-V,IV,6.59,5.022,0.667,2.026,0.98,3979.6002197265625,Subgiant,10.481631105630733,1,83344,,,4246998.097481429,0.8089770278554371,2.3113629367298203,1.608323376807833,0.9149144957888872,,2213.0,Oph,4381502851133968384,J17051682+0042090,398-1908-1,,,,297236135,44139,3881.00,,17027+0046,9855,14137,,-16.748,,6.590000152587891,5.302999973297119,4.702000141143799,4.636000156402588,B,J-K,0.9275,Heisenberg,1,2213.0 Oph,,F9 <-> F8,4.42 <-> 5.02,1.14 <-> 0.98,1.08 <-> 2.03,6015 <-> 3980,20.67 <-> 20.59,0.91 <-> 0.81,2.14 <-> 2.31
83021,83276,153631,,650,HD 153631,Masada,,255.2948,-13.5671,4.45573517,-0.23679079,50.8769,-12.5545,-47.8372,-11.9349,-882.0483506,18818.36320744,-74854.18045829,-23.344,-319.192,-1.1e-07,-1.55e-06,G0V,V,7.12,3.587,0.62,1.71,1.33,5890.322448052482,,4.862387513465527,1,83021,,,10494106.220714008,1.495545505770851,4.2729871593452895,2.973286898377764,1.691390750574177,,,,4140792817780067328,J17011074-1334011,5655-99-1,,,,434710990,44008,3861.00,5499,,,,,83.21,7.119999885559082,7.739999771118164,5.964000225067139,5.663000106811523,5.579999923706055,V,B-V,3.1699,Masada,1,,,G2 <-> G0,4.93 <-> 3.59,1.0 <-> 1.33,1.00 <-> 1.71,5830 <-> 5890,27.38 <-> 50.88,0.72 <-> 1.50,1.69 <-> 4.27
82337,82588,152391,,641,HD 152391,Tidacha,,253.245,-0.0264,4.41995925,-0.00046115,16.8122,-4.8466,-16.0985,-0.0078,-54320.32645986,16363.55099339,-118257.40243641,-711.832,-1483.821,-3.45e-06,-7.19e-06,G8.5Vk:,,6.64,5.512,0.76,0.837,0.86,5404.266838749797,Main sequence,14.722048016501663,1,82337,,,3467771.891628349,0.6164597164228416,1.761313475493833,1.2255806266977922,0.6971865840496423,,,,4381250547575102464,J16525877-0001356,5051-1354-1,,,,326927305,43724,3837.00,,16504+0003,9702,13945,,45.122,6.639999866485596,7.400000095367432,5.235000133514404,4.941999912261963,4.835000038146973,V,B-V,0.5386,Tidacha,1,,,,5.47 <-> 5.51,0.84 <-> 0.86,0.88 <-> 0.84,5320 <-> 5404,17.25 <-> 16.81,0.58 <-> 0.62,1.38 <-> 1.76
119106,,,,635 B,* zet Her B,McClure,,250.3192,31.6045,4.36889349,0.55160292,,,,,,,,,,,,K0V,V,,,,,,,,73.61540666665975,2,81444.0,81444,,,,,,,,,,1312665361414730752,,2582-3158-2,J16413+3136B,J16413+3136B,10157 B,,,,,,,,,,,,,,,,,,McClure,2,,,,,,,,,,
81444,,,,635 A,* zet Her A,Bradbury,,250.3192,31.6046,4.36889418,0.55160405,,,,,,,,,,,,,,2.88,,0.64,,,5815.2141520103805,,,1,81444,119106,,,,,,,zet,,Her,1312665361415345920,,2582-3158-1,J16413+3136A,J16413+3136A,10157 A,,,,,,,,,,2.880000114440918,3.5199999809265137,,,,V,B-V,,Bradbury,1,zet  Her,,,,,,5820 <-> 5815,,,
79431,79672,146233,6060,616,*  18 Sco,Jaffa,,243.9053,-8.3694,4.25695042,-0.14607428,14.1369,-6.152,-12.5606,-2.0577,16096.93353459,-2516.33467867,-32846.0775774,232.23,-495.378,1.13e-06,-2.4e-06,G2Va,,5.5,4.748,0.65,1.041,1.02,5778.423382587899,Main sequence,9.485474566768437,1,79431,,,2915935.2871406944,0.8762580785873956,2.5035945102497017,1.742084513382084,0.9910061603071736,,18.0,Sco,4345775217221821440,J16153726-0822096,5613-1378-1,J16156-0822A,J16156-0822A,,135656809,42344,3687.00,,16129-0814,9353,13483,,11.764,5.5,6.150000095367432,4.666999816894531,4.162000179290772,4.190000057220459,V,B-V,1.0882,Jaffa,1,18.0 Sco,,G1 <-> G2,4.78 <-> 4.75,1.05 <-> 1.02,1.03 <-> 1.04,5915 <-> 5778,13.90 <-> 14.14,0.77 <-> 0.88,1.81 <-> 2.50
79252,,145958A,,9548 A,*  49 Ser A,Sparta,,243.3269,13.5269,4.24685511,0.23608897,24.3139,-10.6118,-21.1238,5.6871,13338.90967254,-19390.55459612,-47055.19241146,178.934,-419.941,8.7e-07,-2.04e-06,G9V,V,7.34,5.411,0.78,0.898,0.88,5341.709475081673,Main sequence,13.889329032043436,1,79252,,,5015106.385565311,0.6458538801090524,1.8452968003115784,1.28401902355014,0.7304299834566664,,49.0,Ser,4464207428579939840,J16131843+1331379,958-1468-1,J16134+1331A,J16133+1332A,9969 A,119985828,42273,3681,,,9334,,,18.37,7.340000152587891,8.119999885559082,5.590000152587891,5.23799991607666,5.171999931335449,V,B-V,0.5912,Sparta,1,49.0 Ser,,G8 <-> G9,4.82 <-> 5.41,0.84 <-> 0.88,0.88 <-> 0.90,5320 <-> 5342,23.59 <-> 24.31,0.78 <-> 0.65,1.87 <-> 1.85
77022,77257,141004,5868,598,* lam Ser,Kryx,,236.6109,7.3531,4.12963912,0.12833526,11.9159,-6.5037,-9.8674,1.525,-10803.78135038,6595.66085591,-3916.79452879,-223.952,-69.763,-1.09e-06,-3.4e-07,G0-V,V,4.42,4.039,0.61,1.37,1.2,5928.662279892813,,6.3072626927206095,1,77022,,,2457833.2344312654,1.2145252564658089,3.470072161330883,2.4145918789260725,1.3735702305268078,lam,,Ser,4430238051199001088,J15462661+0721109,364-1224-1,,,,296740796,41151,3570.00,,15440+0730,9096,13090,,-66.395,4.420000076293945,5.03000020980835,3.430000066757202,3.069999933242798,2.989000082015991,V,B-V,2.0905,Kryx,1,lam  Ser,,,4.00 <-> 4.04,1.1 <-> 1.2,1.05 <-> 1.37,6000 <-> 5929,12.12 <-> 11.92,1.09 <-> 1.21,2.56 <-> 3.47
76835,77070,140573,5854,9528,* alf Ser,Serpentis,Unukalhai,236.067,6.4256,4.12014598,0.1121484,22.7557,-12.623,-18.7616,2.5467,12291.66729509,-7610.31992041,4883.03268189,133.922,45.55,6.5e-07,2.2e-07,K2IIIbCN1,,2.63,0.845,1.17,12.053,2.63,4368.44672786617,Bright giant,0.8935870465624834,1,76835,,,4693703.629536921,5.799222802170493,16.56920800620141,11.52940723764848,6.558644835788058,alf,,Ser,4429785739602747392,J15441605+0625324,363-1135-1,J15442+0626A,J15443+0626A,9765 A,296856546,,3557.00,582,15418+0634,9079,13072,,2.63,2.630000114440918,3.799999952316284,0.8309999704360962,0.289000004529953,0.1500000059604644,V,B-V,47.663,Serpentis,1,alf  Ser,,,0.85 <-> 0.84,0.74 <-> 2.63,12.00 <-> 12.05,4870 <-> 4368,22.68 <-> 22.76,4.97 <-> 5.80,12.07 <-> 16.57
119039,,,,9527 B,* psi Ser B,Copernicus Minor,,236.0078,2.5158,4.11911243,0.04390919,,,,,,,,,,,,,,,,,,,,,,2,76816.0,76816,,,,,,,,,,4423865487962417152,,,J15439+0230B,J15440+0231B,9763 B,,,,,,,,,,,,,,,,,,Copernicus Minor,2,,,,,,,,,,
76816,77052,140538,5853,9527 A,* psi Ser,Copernicus,,236.0076,2.5152,4.11910928,0.04389794,14.7927,-8.2624,-12.253,0.6492,-2713.07711897,1298.57604686,-9586.11519839,-42.431,-136.845,-2.1e-07,-6.6e-07,G2.5V,V,4.3,3.45,0.29,3.217,1.38,4432.000045776367,Main sequence,4.4919926708833335,1,76816,119039,,3051222.931123494,1.593411894872595,4.5526054139217,3.1678546005205166,1.8020729763440064,psi,,Ser,4423865487962417152,J15440182+0230548,355-1288-1,J15439+0230A,J15440+0231A,9763 A,459427073,,3556,3248,15415+0240,9078,13065,,19.072,,,4.590000152587891,4.039999961853027,4.300000190734863,K,J-K,3.5983,Copernicus,1,psi  Ser,,G5 <-> G2,5.03 <-> 3.45,0.93 <-> 1.38,0.93 <-> 3.22,5575 <-> 4432,14.66 <-> 14.79,0.70 <-> 1.59,1.66 <-> 4.55
75493,75722,137778,,586 B,HD 137778,Delta Vulpes,,232.0509,-9.3579,4.05005187,-0.16332551,20.6846,-12.5509,-16.0939,-3.3633,9874.26675623,-497.94964093,-34511.65583337,82.532,-356.698,4e-07,-1.73e-06,K1V,V,7.532,5.954,0.917,0.892,0.81,4951.280572962446,Main sequence,16.9216114135216,1,75493,75489,,4266500.210982683,0.5514751047818832,1.5756431565196662,1.0963850297449345,0.6236920827890345,,,,6317854118838346752,J15281221-0921279,5595-1154-1,J15282-0921B,J15282-0921B,,37149743,40296,,,,8937,12893,,7.56,7.532000064849853,8.449000358581543,5.99399995803833,5.550000190734863,5.460999965667725,V,B-V,0.431,Delta Vulpes,1,,,K2 <-> K1,6.01 <-> 5.95,0.73 <-> 0.81,0.80 <-> 0.89,4870 <-> 4951,20.49 <-> 20.68,0.46 <-> 0.55,1.12 <-> 1.58
75489,75718,137763,,586 A,HD 137763,Gamma Vulpes,,232.0401,-9.348,4.04986332,-0.16315318,19.5534,-11.8677,-15.2119,-3.1761,8849.65755645,254.87640888,-34330.60309555,73.584,-375.345,3.6e-07,-1.82e-06,G9V,V,6.883,5.427,0.821,0.934,0.87,5218.1587427056575,Main sequence,14.019198034320675,1,75489,75493,1.131252,4033170.440791442,0.6410630560743411,1.8316087316409744,1.274494409100178,0.7250117896078857,,,,6317854874752593920,J15280961-0920525,5595-1153-1,J15282-0921A,J15282-0921A,,37149737,40292,3491,,15254-0910,8936,12892,,6.82,6.882999897003174,7.703999996185303,5.436999797821045,5.052000045776367,4.890999794006348,V,B-V,0.5824,Gamma Vulpes,1,,,K2 <-> G9,5.32 <-> 5.43,0.74 <-> 0.87,0.81 <-> 0.93,4870 <-> 5218,20.58 <-> 19.55,0.63 <-> 0.64,1.54 <-> 1.83
72955,73182,131976,,570 C,HD 131976,Aranae,,224.3606,-21.4115,3.9158304,-0.37370203,5.9252,-3.9439,-3.8568,-2.1631,31171.2142474,-7302.27210421,-43884.2912532,961.78,-1677.83,4.66e-06,-8.13e-06,M1.5V,V,8.065,9.201,1.494,0.513,0.47,3802.552884872095,Main sequence,65.3685660298009,1,72955,72957,,1222165.1122829886,0.1870613738277105,0.534461068079173,0.3718958265384245,0.2115575061146726,,,,6232511675556408320,J14572643-2124384,6180-1230-1,J14574-2124B,J14575-2125B,9446 B,287157635,38871,,,,8667,12541,,25.9,8.0649995803833,9.559000015258787,4.550000190734863,3.910000085830689,3.799999952316284,V,B-V,0.0496,Aranae,1,,,K5 <-> M1,9.15 <-> 9.20,0.69 <-> 0.47,0.74 <-> 0.51,4375 <-> 3803,5.93 <-> 5.93,0.11 <-> 0.19,0.28 <-> 0.53
72957,73184,131977,5568,570,HD 131977,Olympus,,224.3667,-21.4155,3.91593712,-0.37377063,5.8864,-3.9175,-3.8318,-2.1493,32662.16354467,-8313.8024693,-44785.21989639,1031.472,-1723.619,5e-06,-8.36e-06,K4V,V,5.72,6.871,1.11,0.71,0.66,4493.257605873131,Main sequence,28.687420797043984,1,72957,72955,0.03889,1214148.723572455,0.3615148012300726,1.0328994320859215,0.7187258548264539,0.4088560252006774,,,,6232511606838404096,J14572788-2124526,6180-855-1,J14574-2124A,J14575-2125A,9446 A,287157634,38872,3375,1391,14545-2112,8668,12542,,26.987,5.71999979019165,6.829999923706055,3.829999923706055,3.2300000190734863,3.0999999046325684,V,B-V,0.1852,Olympus,1,,,,6.89 <-> 6.87,0.71 <-> 0.66,0.76 <-> 0.71,4540 <-> 4493,5.84 <-> 5.89,0.31 <-> 0.36,0.77 <-> 1.03
118988,,131156B,,566 B,* ksi Boo B,Maheo,,222.846,19.1019,3.88939669,0.33339128,6.7486,-4.6755,-4.3365,2.2085,1502.57367811,-4426.03154964,-5502.88179685,133.376,-182.059,6.5e-07,-8.8e-07,K5Ve,,6.816,7.67,1.165,0.518,0.55,4378.568992501207,Main sequence,45.44482336404244,2,72432.0,72432,0.005008,1391994.7388062975,0.2502025607588328,0.7148644593109509,0.4974265196038699,0.2829671818105847,,,,1237090738916392960,,1481-722-2,J14513+1906B,J14514+1906B,9413 B,1101124559,,,,,8635,12490,,2.29,6.815999984741211,7.980999946594238,,,,V,B-V,0.0887,Maheo,2,,,K4 <-> K5,7.84 <-> 7.67,0.71 <-> 0.55,0.76 <-> 0.52,4540 <-> 4379,6.70 <-> 6.75,0.20 <-> 0.25,0.50 <-> 0.71
72432,,131156A,,566 A,* ksi Boo A,Cheyenne,,222.8475,19.1004,3.88942177,0.33336574,6.7536,-4.6789,-4.3399,2.2099,2462.58337164,-3281.97136107,-1226.83083013,127.468,-40.569,6.2e-07,-2e-07,G7Ve,,4.675,5.527,0.725,0.797,0.85,5517.592145077337,Main sequence,14.85361147849085,1,72432,118988,,1393026.963689349,0.612087679816143,1.7488219423318372,1.2168886015392366,0.6922420188396855,ksi,,Boo,1237090738916392704,,1481-722-1,J14513+1906A,J14514+1906A,9413 A,1101124558,,,,,8634,,,1.49,4.675000190734863,5.400000095367432,,,,V,B-V,0.531,Cheyenne,1,ksi  Boo,,G8 <-> G7,5.41 <-> 5.53,0.84 <-> 0.85,0.88 <-> 0.80,5320 <-> 5518,6.71 <-> 6.75,0.60 <-> 0.61,1.42 <-> 1.75
72341,72567,130948A,5534,564 A,HD 130948,Freya,,222.5659,23.9118,3.88450739,0.41734039,18.1983,-12.2527,-11.2534,7.3763,9243.39700274,-8423.95405007,2495.85738556,144.396,31.661,7e-07,1.5e-07,F9IV-V,IV,5.867,4.567,0.589,1.046,1.06,6010.951109720789,Subgiant,8.544991254210931,1,72341,,,3753667.975730752,0.9525987077137054,2.721710593467729,1.893856954621295,1.077343776580976,,,,1265976524286377984,J14501581+2354424,2016-334-1,,J14503+2355A,,198304072,,3352.10,3172,14480+2407,8622,12476,,-2.61,5.867000102996826,6.455999851226807,5.0,4.690000057220459,4.458000183105469,V,B-V,1.2861,Freya,1,,,G2 <-> F9,4.56 <-> 4.57,1.0 <-> 1.06,1.00 <-> 1.05,5830 <-> 6011,18.17 <-> 18.20,0.85 <-> 0.95,2.01 <-> 2.72
72377,72603,130819,5530,9498,* alf01 Lib,Foucault,,222.6715,-15.9972,3.88635169,-0.27920399,23.9382,-16.919,-15.5969,-6.5971,-4076.4320853,7586.85823386,-7397.17044641,-73.505,-67.871,-3.6e-07,-3.3e-07,F3V,V,5.16,3.265,0.41,1.476,1.44,6827.434012835564,Main sequence,4.037710143914156,1,72377,,,4937612.354036702,1.7352864472871448,4.957961277963271,3.449914722582776,1.9625263391937948,,1.0,Lib,6309706875115188224,J14504122-1559498,6155-1209-1,J14508-1602B,J14509-1603B,,386886976,,3350.00,1387,14479-1547,8619,12481,,-23.47,5.159999847412109,5.570000171661377,4.389999866485596,4.190000057220459,4.139999866485596,V,B-V,4.2676,Foucault,1,1.0 Lib,,,3.34 <-> 3.27,1.97 <-> 1.44,1.24 <-> 1.48,7005 <-> 6827,22.98 <-> 23.94,1.40 <-> 1.74,3.23 <-> 4.96
119223,71681,128621,5460,559 B,* alf Cen B,Toliman,Toliman,219.8961,-60.8375,3.83791089,-1.06181516,1.3475,-0.5038,-0.4212,-1.1767,-18236.37097783,14847.35897894,2519.13324745,-3614.39,802.98,-1.752e-05,3.89e-06,K1V,V,1.33,5.682,0.88,0.972,0.86,5050.644709240999,Main sequence,14.474137054454406,2,71456.0,71456,0.000141,277939.963887242,0.6248922543938022,1.7854064411251491,1.2423453152829165,0.7067233829453715,,,,,,9007-5848-1,J14396-6050B,J14396-6050B,,471011144,37985,,,,8518,,119223.0,-22.586,1.3300000429153442,2.2100000381469727,-0.0099999997764825,-0.4900000095367431,-0.6000000238418579,V,B-V,0.5534,Toliman,2,,,,5.74 <-> 5.68,0.91 <-> 0.86,0.86 <-> 0.97,5260 <-> 5051,1.32 <-> 1.35,0.52 <-> 0.62,1.25 <-> 1.79
71456,71683,128620,5459,559 A,* alf Cen A,Alpha Centauri,Rigil Kentaurus,219.9021,-60.834,3.83801495,-1.06175347,1.3475,-0.5038,-0.4213,-1.1766,-17097.19011557,16339.39359873,1487.85871545,-3679.25,473.67,-1.784e-05,2.3e-06,G2V,V,0.01,4.362,0.71,1.339,1.12,5567.728640086511,Main sequence,7.596134918222611,1,71456,119223,,277939.963887242,1.046658850574112,2.990453858783177,2.0808574767366275,1.1837213191016742,alf,,Cen,,J14393592-6050069,9007-5849-1,J14396-6050A,J14396-6050A,,471011145,37984,3309,,,8517,12354,,-15.252,0.0099999997764825,0.7200000286102295,-1.4539999961853027,-1.8860000371932983,-2.007999897003174,V,B-V,1.5526,Alpha Centauri,1,alf  Cen,,,4.38 <-> 4.36,1.1 <-> 1.12,1.24 <-> 1.34,5790 <-> 5568,1.32 <-> 1.35,0.93 <-> 1.05,2.19 <-> 2.99
70096,70319,126053,5384,547,HD 126053,Hyla,,215.8137,1.2416,3.7666594,0.02166943,17.461,-14.1562,-10.2149,0.3783,10146.66447444,-15494.71591772,-39579.46736669,223.531,-478.275,1.08e-06,-2.32e-06,G1.5V,V,6.27,5.06,0.63,0.879,0.95,5852.508984247449,Main sequence,11.347878090548267,1,70096,,,3601582.7667249865,0.7591848918249927,2.1690996909285505,1.5093318682711163,0.8586019609925513,,,,3654496279558010880,J14231528+0114294,318-438-1,,J14233+0114A,,446436963,37152,3264.00,,14206+0128,8401,12208,,-19.214,6.269999980926514,6.900000095367432,5.052999973297119,4.814000129699707,4.644000053405762,V,B-V,0.8168,Hyla,1,,,,5.07 <-> 5.06,1.05 <-> 0.95,1.03 <-> 0.88,5915 <-> 5853,17.19 <-> 17.46,0.67 <-> 0.76,1.58 <-> 2.17
118959,,125455B,,544 B,HD 125455B,Bannoc Secondus,,214.8994,-5.1523,3.75070126,-0.0899248,20.4739,-16.724,-11.6665,-1.8386,-34318.29492928,50958.01950499,-11079.03009912,-632.918,-114.623,-3.07e-06,-5.6e-07,M4.0V,V,14.5,12.944,1.5,0.092,0.2,3793.506493506493,,563.6371099582392,1,118959,69793,,4223042.665536509,0.0333794842868623,0.0953699551053211,0.0663615937607859,0.0377506072291896,,,,3642410791343098880,J14193585-0509080,,J14196-0509B,J14196-0509B,,,36969,,,,,,,-9.5,14.5,16.0,10.486000061035156,9.880000114440918,9.592000007629396,V,B-V,0.0016,Bannoc Secondus,1,,,,13.51 <-> 12.94,0.26 <-> 0.2,0.38 <-> 0.09,3140 <-> 3794,20.78 <-> 20.47,0.02 <-> 0.03,0.04 <-> 0.10
69793,70016,125455,,544 A,HD 125455,Bannoc,,214.8953,-5.1512,3.7506299,-0.08990526,20.4493,-16.7047,-11.6513,-1.836,-34231.74689041,50932.14390926,-11653.0991023,-632.951,-120.707,-3.07e-06,-5.9e-07,K1V,V,7.569,6.016,0.857,0.813,0.8,5114.572860875839,Main sequence,17.53487474062361,1,69793,118959,0.024704,4217964.8068055175,0.5359905734626768,1.5314016384647908,1.0656003067650834,0.6061798152256463,,,,3642413746280598528,J14193488-0509041,4982-1062-1,J14196-0509A,J14196-0509A,,203230367,36962,3255,5266,,26146,12176,,-9.766,7.568999767303467,8.425999641418457,6.089000225067139,5.64300012588501,5.540999889373779,V,B-V,0.4072,Bannoc,1,,,,5.98 <-> 6.02,0.76 <-> 0.8,0.83 <-> 0.81,5035 <-> 5115,20.88 <-> 20.45,0.47 <-> 0.54,1.12 <-> 1.53
69451,69673,124897,5340,541,* alf Boo,Arcturus,Arcturus,213.9153,19.1824,3.73352631,0.3347962,11.2575,-8.8234,-5.9325,3.6989,-61656.65086098,28856.67904709,-100810.01700328,-1093.39,-2000.06,-5.3e-06,-9.7e-06,K1.5IIIFe-0.5,,-0.05,-0.307,1.23,21.636,3.43,4250.69369488885,Bright giant,0.4604681303624468,1,69451,,,2322017.4040301703,9.856429595753523,28.16122741643865,19.59552074393856,11.147152519006964,alf,,Boo,,J14153968+1910558,1472-1436-1,J14157+1911A,J14157+1911A,,459832522,36756,3242.00,526,14133+1925,8341,12132,,-5.229,-0.050000000745058,1.1799999475479126,-2.252000093460083,-2.809999942779541,-2.9110000133514404,V,B-V,137.6831,Arcturus,1,alf  Boo,,K2 <-> K1,,1.08 <-> 3.43,25.39 <-> 21.64,4280 <-> 4251,11.26 <-> 11.26,8.66 <-> 9.86,21.59 <-> 28.16
119221,5336,6582,321,53 B,* mu. Cas B,Beta Andraste,,17.0679,54.9202,0.29789156,0.95853755,7.6753,4.2169,1.2947,6.2811,7451.0255785,134292.13126178,-32801.12825022,3468.251,-1564.844,1.681e-05,-7.59e-06,M4V,V,9.8,11.6,1.554,0.29,0.17,3025.0,Main sequence,803.3129019251312,2,5325.0,5325,,1583143.863484079,0.08,0.17,0.1,0.15,,,,411413822074322432,J01081597+5455148,3673-1929-1,J01080+5455A,J01083+5455A,,252191219,3721,219,1030,01051+5439,646,1137,119221.0,-96.488899,5.170000076293945,5.860000133514404,4.03000020980835,3.5999999046325684,3.5,V,B-V,0.0062,Beta Andraste,2,,,M3 <-> M4,11.61 <-> 11.60,0.31 <-> 0.17,0.44 <-> 0.29,3280 <-> 3025,7.55 <-> 7.68,0.04 <-> 0.08,0.10 <-> 0.17
5325,5336,6582,321,53 A,* mu. Cas A,Alpha Andraste,,17.0679,54.9202,0.29789156,0.95853755,7.6753,4.2169,1.2947,6.2811,7451.0255785,134292.13126178,-32801.12825022,3468.251,-1564.844,1.681e-05,-7.59e-06,G5Vb,Vb,5.17,5.78,0.695,0.789,0.74,5306.0,Main sequence,20.94438734608807,1,5325,119221,,1583143.863484079,0.95,2.36,0.96,1.66,mu,,Cas,411413822074322432,J01081597+5455148,3673-1929-1,J01080+5455A,J01083+5455A,,252191219,3721,219,1030,01051+5439,646,1137,,-97.09,5.170000076293945,5.860000133514404,4.03000020980835,3.5999999046325684,3.5,V,B-V,0.445,Alpha Andraste,1,mu  Cas,,,5.78 <-> 5.78,0.93 <-> 0.74,0.93 <-> 0.79,5575 <-> 5306,7.55 <-> 7.68,0.50 <-> 0.95,1.17 <-> 2.36
68463,68682,122742,5273,538,HD 122742,Moloch,,210.8848,10.7868,3.6806333,0.18826451,15.1179,-12.7449,-7.6231,2.8294,-308.91006551,-7554.08859611,-21789.60092888,88.248,-309.491,4.3e-07,-1.5e-06,G6V,V,6.268,5.371,0.758,0.891,0.89,5410.6097978740045,Main sequence,13.571782810276874,1,68463,,,3118283.789565346,0.6579149653748483,1.879757043928138,1.3079976097333292,0.744070496554888,,,,3724242219117947904,J14033235+1047121,904-1278-1,,J14035+1047AB,,457880598,36119,3201.00,,14010+1101,8257,12022,,-8.5,6.26800012588501,7.026000022888184,5.389999866485596,4.764999866485596,4.459000110626221,V,B-V,0.6135,Moloch,1,,,G8 <-> G6,5.12 <-> 5.37,0.84 <-> 0.89,0.88 <-> 0.89,5320 <-> 5411,16.98 <-> 15.12,0.68 <-> 0.66,1.62 <-> 1.88
67711,67927,121370,5235,534 B,* eta Boo,Muphrid,Muphrid,208.6712,18.3977,3.64199883,0.3211008,11.396,-9.4877,-5.1881,3.5967,-6914.50374375,-28.24953117,-18262.06192655,-60.95,-356.29,-3e-07,-1.73e-06,G0IV,IV,2.68,2.396,0.57,2.77,1.76,6087.54723457096,,2.4493955422138742,1,67711,,,2350596.07977208,2.58840450829,7.395441452257144,5.145994677195596,2.9273622415184524,eta,,Boo,1244946371540224000,J13544106+1823514,1470-1157-1,J13547+1824A,J13547+1824A,,367758676,35643,3175.00,513,13522+1838,8204,11935,,5.77111,2.680000066757202,3.25,1.6699999570846558,1.534000039100647,1.4850000143051147,V,B-V,9.4952,Muphrid,1,eta  Boo,,,,1.1 <-> 1.76,1.05 <-> 2.77,6100 <-> 6088,,2.28 <-> 2.59,5.32 <-> 7.40
67063,67275,120136,5185,527 A,* tau Boo,Shoza,,206.8156,17.4569,3.60961274,0.30468023,15.6135,-13.2927,-6.7192,4.6839,-14385.93063957,31617.86501423,4476.51843089,-468.923,63.469,-2.27e-06,3.1e-07,F7IV-V,IV,4.49,3.522,0.49,1.476,1.35,6434.591499248499,Subgiant,4.68407060447532,1,67063,,,3220522.522522523,1.540921589104672,4.402633111727635,3.063498873577146,1.7427089400588551,tau,,Boo,1244571953471006720,J13471581+1727249,1460-132-1,J13473+1727A,J13473+1727A,9025 A,72506701,35234,3144,507,13448+1742,8140,11837,,-16.03,4.489999771118164,4.980000019073486,3.619999885559082,3.549999952316284,3.359999895095825,V,B-V,3.3651,Shoza,1,tau  Boo,,,3.53 <-> 3.52,1.22 <-> 1.35,1.14 <-> 1.48,6360 <-> 6435,15.62 <-> 15.61,1.33 <-> 1.54,3.01 <-> 4.40
65515,65721,117176,5072,9446,*  70 Vir,Bara,,202.1075,13.7788,3.52744194,0.24048522,18.0992,-16.286,-6.6155,4.3108,-18527.96205341,14324.50115012,-47994.06273777,-235.951,-575.969,-1.14e-06,-2.79e-06,G4Va,,4.97,3.682,0.71,1.832,1.31,5567.728608655219,Main sequence,5.133648255702783,1,65515,,,3733225.329450455,1.431984770482313,4.091385058520894,2.846922103220789,1.6195065856645203,,70.0,Vir,3740176925743650816,J13282584+1346447,898-1042-1,J13285+1346A,J13284+1347A,,95473936,34214,3076.00,1349,13259+1402,7991,11632,,5.017,4.96999979019165,5.679999828338623,3.799999952316284,3.4570000171661377,3.240000009536743,V,B-V,2.9062,Bara,1,70.0 Vir,,G5 <-> G4,3.69 <-> 3.68,0.93 <-> 1.31,0.93 <-> 1.83,5575 <-> 5568,17.99 <-> 18.10,1.29 <-> 1.43,3.06 <-> 4.09
64720,64924,115617,5019,506,*  61 Vir,Volii,,199.6013,-18.3112,3.48370002,-0.31959062,8.5344,-7.6327,-2.7181,-2.6813,-1779.39761893,45327.10282465,-40858.46154456,-1070.202,-1063.849,-5.19e-06,-5.16e-06,G6.5V,V,4.74,5.084,0.7,0.949,0.95,5601.696866011756,Main sequence,11.508865808265554,1,64720,,,1760350.1671892577,0.750677268469621,2.1447921956274887,1.4924179027907942,0.8489802441025476,,61.0,Vir,3507879565090229760,J13182443-1818387,6116-1517-1,J13185-1818A,J13184-1819A,,422478973,33614,3039.00,1345,13157-1802,7907,11474,,-7.824,4.739999771118164,5.440000057220459,3.3340001106262207,2.9739999771118164,2.9560000896453857,V,B-V,0.7986,Volii,1,61.0 Vir,,G5 <-> G6,5.08 <-> 5.08,0.93 <-> 0.95,0.93 <-> 0.95,5575 <-> 5602,8.55 <-> 8.53,0.68 <-> 0.75,1.62 <-> 2.14
64587,64792,115383,5011,504,* e Vir,Rutherford,,199.1938,9.4242,3.47658787,0.16448254,17.5878,-16.3859,-5.7042,2.8799,-6707.28419456,27281.21440985,15708.26321548,-335.473,191.038,-1.63e-06,9.3e-07,G0IV,IV,5.81,4.584,0.357,2.073,1.09,4351.600151062012,,8.146791381936943,1,64587,,,3627737.421668481,0.98966909800725,2.8276259943064286,1.9675564210382237,1.119268622746295,e,,Vir,3732539683617411072,J13164653+0925269,891-624-1,J13168+0925A,J13168+0925A,,397587084,33523,3034.00,,13142+0941,7894,11451,,-27.0,,5.809999942779541,4.389999866485596,4.10699987411499,4.0329999923706055,B,J-K,1.3881,Rutherford,1,e  Vir,,,3.97 <-> 4.58,1.1 <-> 1.09,1.05 <-> 2.07,6000 <-> 4352,17.56 <-> 17.59,1.11 <-> 0.99,2.60 <-> 2.83
62328,62523,111395,4864,486.1,HD 111395,Ixyll,,192.196,24.8402,3.3544536,0.43354376,17.0982,-15.1661,-3.2779,7.1828,-9238.43941612,25775.46787382,-7765.01809991,-334.908,-105.517,-1.62e-06,-5.1e-07,G5V,V,6.98,5.815,0.478,1.258,0.82,4206.399803161621,Main sequence,16.550573537859613,1,62328,,,3526750.1855151174,0.5613436929680106,1.6038391227657447,1.1160047229244974,0.6348529860947739,,,,3957887649746830848,J12484706+2450250,1990-3779-1,,,,160010717,31976,2945.00,3021,12462+2506,7674,11098,,-8.965,,6.980000019073486,5.123000144958496,4.704999923706055,4.644999980926514,B,J-K,0.4466,Ixyll,1,,,G7 <-> G5,5.15 <-> 5.82,0.87 <-> 0.82,0.90 <-> 1.26,5405 <-> 4206,16.93 <-> 17.10,0.67 <-> 0.56,1.59 <-> 1.60
61748,61941,110379,4825,482 A,* gam Vir,Porrima,Porrima,190.4151,-1.4494,3.32337075,-0.02529687,12.0202,-11.8183,-2.1723,-0.304,-6335.93236172,33896.77621482,4882.28889836,-605.176,85.701,-2.93e-06,4.2e-07,F1-F2V,V,2.74,2.34,0.36,2.089,1.78,7100.6683644758405,Main sequence,2.371983955277998,1,61748,,,2479338.0011659563,2.655766500374062,7.587904286783035,5.279916732886528,3.003545446851618,gam,,Vir,3683687763520080384,J12413962-0126580,4949-1120-1,J12417-0127A,J12417-0127A,8630 A,51735845,31564,2924,,12390-0110,7623,11013,,-19.8,2.740000009536743,3.0999999046325684,2.0899999141693115,1.9299999475479128,1.8799999952316284,V,B-V,9.9959,Porrima,1,gam  Vir,,F0 <-> F1,2.40 <-> 2.34,1.56 <-> 1.78,1.40 <-> 2.09,7500 <-> 7101,11.68 <-> 12.02,2.12 <-> 2.66,4.87 <-> 7.59
60805,,108799A,,9409 A,HD 108799A,Marduk,,187.5199,-13.3932,3.27283955,-0.23375526,24.2957,-23.4317,-3.0931,-5.6277,-2769.75881102,30503.91445389,-5238.87388907,-265.722,-46.756,-1.29e-06,-2.3e-07,G0.1,,6.49,4.562,0.61,1.077,1.07,5928.662279892813,,8.522903196687631,1,60805,,,5011353.5392801175,0.9545732093300724,2.727352026657349,1.8977824518824056,1.0795768438852007,,,,3528362362908431360,,5533-1791-1,J12301-1324A,J12301-1324A,8573 A,,,,,,,,,1.26,6.489999771118164,7.099999904632568,,,,V,B-V,1.2914,Marduk,1,,,G1 <-> G0,4.41 <-> 4.56,1.05 <-> 1.07,1.03 <-> 1.08,5915 <-> 5929,24.65 <-> 24.30,0.91 <-> 0.95,2.14 <-> 2.73
59020,59199,105452,4623,9389,* alf Crv,Alchiba,Alchiba,182.1034,-24.7289,3.178304,-0.4316003,14.9769,-13.5943,-0.4993,-6.2652,1438.04291207,-6836.87272007,-2582.12594051,96.976,-40.023,4.7e-07,-1.9e-07,F1V,V,4.01,3.133,0.32,1.358,1.48,7337.081124302865,Main sequence,3.743031873529256,1,59020,,,3089202.361553761,1.84374334524144,5.267838129261257,3.6655373649442913,2.0851859261659142,alf,,Crv,3489338019475637760,J12082481-2443440,6672-995-1,,,,421189312,,2796.00,,C12058-2426,7276,10532,,2.8,4.010000228881836,4.329999923706055,3.525000095367432,3.364000082015991,3.306999921798706,V,B-V,4.8177,Alchiba,1,alf  Crv,,F0 <-> F1,3.15 <-> 3.13,1.39 <-> 1.48,1.30 <-> 1.36,7040 <-> 7337,14.94 <-> 14.98,1.70 <-> 1.84,4.06 <-> 5.27
58401,58576,104304,4587,454,HD 104304,Nirvana,,180.1853,-10.4461,3.14482589,-0.18231936,12.7655,-12.5539,-0.0406,-2.3145,5304.64771075,-5053.57980774,-28685.03483613,83.793,-482.006,4.1e-07,-2.34e-06,G8IV,IV,5.55,5.02,0.77,1.062,0.96,5372.7941961698025,Subgiant,11.090499189543564,1,58401,,,2633081.4607351166,0.7732472969715276,2.209277991347222,1.5372892689791084,0.8745058715749419,,,,3575733210781078016,J12004444-1026452,5521-1366-1,,J12007-1028A,,152738837,29280,2767.00,,11581-1009,7221,10453,,0.28,5.550000190734863,6.320000171661377,4.28000020980835,3.910000085830689,3.869999885559082,V,B-V,0.8474,Nirvana,1,,,K0 <-> G8,5.01 <-> 5.02,0.78 <-> 0.96,0.85 <-> 1.06,5200 <-> 5373,12.76 <-> 12.77,0.72 <-> 0.77,1.73 <-> 2.21
57767,57939,103095,4550,451,HD 103095,Groombridge,,178.2449,37.7187,3.11095975,0.65831519,9.1718,-7.2517,0.2222,5.6112,-159931.53208739,-169211.39423053,-200150.00638923,4002.655,-5817.8,1.941e-05,-2.821e-05,K1V_Fe-1.5,,6.45,6.638,0.75,0.54,0.69,5436.136574148009,Main sequence,25.08594557941119,1,57767,,,1891823.92671348,0.4024712897260091,1.1499179706457403,0.8001512545743277,0.4551758633806055,,,,4034171629042489344,J11525880+3743060,3014-574-1,,,,309599261,28839,2745.00,1307,,7170,10381,,-98.008,6.449999809265137,7.199999809265137,4.936999797821045,4.5,4.373000144958496,V,B-V,0.2296,Groombridge,1,,,G8 <-> K1,6.63 <-> 6.64,0.66 <-> 0.69,0.68 <-> 0.54,4760 <-> 5436,9.09 <-> 9.17,0.32 <-> 0.40,0.76 <-> 1.15
57584,57757,102870,4540,449,* bet Vir,Lantana,Zavijava,177.6738,1.7647,3.10099328,0.03080022,11.0018,-10.9875,0.4463,0.3388,-2007.2484687,-38582.84983633,-14122.96349854,740.746,-270.927,3.59e-06,-1.31e-06,F9V,V,3.6,3.393,0.55,1.704,1.4,6170.478867816242,Main sequence,4.34682326067639,1,57584,,,2269277.0849721385,1.6358433021672614,4.673838006192176,3.252212279308722,1.8500608774510692,bet,,Vir,3796442680947600896,J11504173+0145528,273-924-1,J11507+0146A,J11507+0146A,,366661076,28736,2739.00,445,11481+0202,7160,10364,,4.455,3.5999999046325684,4.150000095367432,2.630000114440918,2.36299991607666,2.3299999237060547,V,B-V,3.7925,Lantana,1,bet  Vir,,F8 <-> F9,3.40 <-> 3.39,1.18 <-> 1.4,1.11 <-> 1.70,6130 <-> 6170,10.93 <-> 11.00,1.43 <-> 1.64,3.35 <-> 4.67
57459,57632,102647,4534,448,* bet Leo,Denebola,Denebola,177.2649,14.5721,3.09385632,0.25433039,10.9999,-10.6339,0.508,2.7675,-264.14941491,25993.56431474,-5787.13087219,-497.68,-114.67,-2.41e-06,-5.6e-07,A3Va,,2.13,1.923,0.09,1.681,2.05,9125.459334985157,Main sequence,1.6625112806869482,1,57459,,,2268890.177098229,3.52912958527216,10.083227386491885,7.016245723100602,3.991277507153037,bet,,Leo,,J11490366+1434197,870-988-1,J11490+1433A,J11491+1434A,8314 A,14725877,28642,2738.00,444,11464+1451,7151,10349,,-0.2,2.130000114440918,2.220000028610229,1.850000023841858,1.924999952316284,1.899999976158142,V,B-V,17.6513,Denebola,1,bet  Leo,,,1.93 <-> 1.92,1.78 <-> 2.05,1.73 <-> 1.68,8500 <-> 9125,,2.80 <-> 3.53,6.50 <-> 10.08
118771,,102365B,,442 B,HD 102365B,Beta Tirna,,176.6362,-40.4966,3.0828834,-0.70679825,9.3089,-7.0667,0.4154,-6.0452,,,,-1534.679,381.396,-7.44e-06,1.85e-06,M4V,V,15.43,15.586,7.469,0.016,0.11,5019.19253529818,Main sequence,2578.547937266162,1,118771,57270,,1920105.20955804,0.009889608927737,0.02825602550782,0.0196614844158581,0.011184676763512,,,,5381537023379296256,J11463269-4029476,,,J11467-4029B,,454082373,28513,,,,,,,,15.43000030517578,,8.755000114440918,8.229999542236328,7.960999965667725,V,V-K,0.0001,Beta Tirna,1,,,M5 <-> M4,15.17 <-> 15.59,0.21 <-> 0.11,0.32 <-> 0.02,3000 <-> 5019,9.24 <-> 9.31,0.01 <-> 0.01,0.02 <-> 0.03
57270,57443,102365,4523,442 A,HD 102365,Alpha Tirna,,176.6295,-40.5004,3.08276579,-0.70686458,9.3195,-7.0743,0.4166,-6.0525,-7587.39664004,68200.21633139,13536.81292925,-1530.971,403.287,-7.42e-06,1.96e-06,G2V,V,4.88,5.033,0.67,0.936,0.96,5706.318634763023,Main sequence,11.175367747847655,1,57270,118771,0.010606,1922275.7925265415,0.7685459306363404,2.1958455161038297,1.5279425049555817,0.8691888501244326,,,,5381537023379295232,J11463107-4030013,7745-1381-1,J11465-4030A,J11467-4029A,,454082369,28512,2725,,11440-4013,7133,10319,,16.947,4.880000114440918,5.550000190734863,3.740000009536743,3.369999885559082,3.309999942779541,V,B-V,0.8371,Alpha Tirna,1,,,G3 <-> G2,5.07 <-> 5.03,0.98 <-> 0.96,0.98 <-> 0.94,5745 <-> 5706,9.22 <-> 9.32,0.68 <-> 0.77,1.60 <-> 2.20
56828,56997,101501,4496,434,*  61 UMa,Kumasi,,175.2626,34.2016,3.05890886,0.59693112,9.5762,-7.8931,0.6541,5.3829,-9642.65150618,1369.50830025,-14315.02700135,-12.522,-381.196,-6e-08,-1.85e-06,G8V,V,5.34,5.434,0.74,0.847,0.87,5468.409762103408,Main sequence,14.076888892978928,1,56828,,,1975239.7505582944,0.6389603948876301,1.825601128250372,1.2703141184075504,0.7226337799324388,,,,4025850731201819648,J11410301+3412064,2525-2445-1,J11411+3412A,J11411+3412A,,101641846,28222,2699.00,1300,,7092,10258,,-5.18,5.340000152587891,6.079999923706055,4.010000228881836,3.609999895095825,3.588000059127808,V,B-V,0.5786,Kumasi,1,,,,5.40 <-> 5.43,0.84 <-> 0.87,0.88 <-> 0.85,5320 <-> 5468,9.61 <-> 9.58,0.60 <-> 0.64,1.43 <-> 1.83
119222,55203B,98230,4374,423 D,* ksi UMa B,Ursae Minoris,,169.5452,31.5291,2.9591211,0.5502869,8.7346,-7.3216,1.351,4.5676,-10380.52988459,16205.91846958,-21463.05457255,-339.398,-607.892,-1.65e-06,-2.95e-06,G2V,V,4.77,5.064,0.64,0.889,0.95,5815.2141520103805,Main sequence,11.37480059080656,2,118742.0,118742,,1801648.6281812647,0.757747047001595,2.1649915628617,1.5064732958245994,0.8569758269660895,,,,756853643637996160,,2520-2634-2,J11182+3132B,"J11182+3132Ba,Bb",8119 B,,26921,,,,6921,9946,119222.0,-15.9,4.769999980926514,5.409999847412109,,,,V,B-V,0.8137,Ursae Minoris,2,,,,4.71 <-> 5.06,0.86 <-> 0.95,0.92 <-> 0.89,5700 <-> 5815,10.42 <-> 8.73,0.79 <-> 0.76,1.85 <-> 2.16
118742,55203A,98231,4375,423 C,* ksi UMa A,Ursae Majoris,,169.5454,31.5292,2.95912584,0.55028767,,,,,,,,-453.7,-591.4,-2.2e-06,-2.87e-06,F8.5:V,V,4.25,,0.54,,,6212.866181081854,Main sequence,4.469946076237917,1,118742,119222,,,,,,,,,,756853643638639104,,2520-2634-1,J11182+3132A,J11182+3132A,8119 A,,26920,,,,6920,9947,,-26.78,4.25,4.789999961853027,,,,V,B-V,,Ursae Majoris,1,,,,,,,6000 <-> 6213,,,
54712,54872,97603,4357,419,* del Leo,Zosma,Zosma,168.5271,20.5237,2.94135259,0.35820646,17.9147,-16.4424,3.3371,6.2808,-6193.22336321,-11171.18411888,-10337.18222693,143.42,-129.88,7e-07,-6.3e-07,A5IV(n),IV,2.53,1.264,0.15,2.581,2.39,8571.321109412325,Subgiant,1.1375939744379089,1,54712,,,3695177.463274812,4.780677632579005,13.65907895022573,9.504442436198737,5.4067187511310175,del,,Leo,3990320597065900032,J11140651+2031258,1439-2479-1,J11141+2032A,J11141+2031A,,159523958,26691,2614.00,422,,6892,9902,,-20.9,2.5299999713897705,2.680000066757202,2.3299999237060547,2.2799999713897705,2.240000009536743,V,B-V,32.3907,Zosma,1,del  Leo,,A4 <-> A5,1.29 <-> 1.26,2.2 <-> 2.39,2.14 <-> 2.58,8900 <-> 8571,17.91 <-> 17.91,3.65 <-> 4.78,8.41 <-> 13.66
118720,,,,406,Wolf  359,Wolf,,164.1205,7.0147,2.86444316,0.12243001,2.4086,-2.2993,0.6541,0.2941,8440.00000038,43495.92116811,-30586.24358631,-3866.338,-2699.215,-1.874e-05,-1.309e-05,dM6,,13.507,16.598,2.034,0.014,0.07,3134.4935649310305,,9216.048223281488,1,118720,,,496808.8638309126,0.0035697967944388,0.0101994194126823,0.0070970960079915,0.0040372701841867,,,,3864972938605115392,J10562886+0700527,,,,,365006789,25782,2553.00,,,6780,9714,,19.57,13.506999969482422,15.541000366210938,7.085000038146973,6.48199987411499,6.084000110626221,V,B-V,0.0,Wolf,1,,,,16.56 <-> 16.60,0.09 <-> 0.07,0.16 <-> 0.01,2860 <-> 3134,2.39 <-> 2.41,0.00 <-> 0.00,0.00 <-> 0.01
3820,3829,,,35,Wolf   28,Van Maanen's Star,vMA 2,12.2912,5.3886,0.21452266,0.09404898,4.3144,4.1969,0.9144,0.4052,-16.28674166,25772.41760222,-55194.84881248,1231.399,-2711.883,5.97e-06,-1.315e-05,DZ7.5,,12.374,14.199,0.546,0.011,0.11,6187.357211382538,White dwarf,2316.5669020583523,1,3820,,,889916.3258262145,0.010774655875267,0.0307847310721914,0.0214210420377332,0.0121856227160757,,,,2552928187080872960,J00490996+0523173,17-1272-1,,,,257219223,2724,160.00,,,453,681,,263.0,12.37399959564209,12.920000076293944,11.687999725341797,11.571999549865724,11.498000144958496,V,B-V,0.0002,Van Maanen's Star,1,,,,14.22 <-> 14.20,0.7 <-> 0.11,0.01 <-> 0.01,6130 <-> 6187,4.26 <-> 4.31,0.01 <-> 0.01,0.02 <-> 0.03
118021,,4614B,,34 B,* eta Cas B,Carinae,,12.2716,57.8178,0.2141804,1.00911143,5.927,3.0847,0.671,5.0164,4082.06503976,33802.30780335,-7021.12628453,1144.693,-469.668,5.55e-06,-2.28e-06,K7Ve,,7.51,8.646,1.39,0.402,0.44,3966.829696423134,Main sequence,79.69916310237838,2,3814.0,3814,0.003987,1222537.4440043955,0.1596306482334267,0.4560875663812193,0.3173609316069317,0.1805346616925659,,,,425040000959067008,J00490516+5749037,3663-2669-2,J00491+5749B,J00491+5749B,671 B,445258198,2689,,,,448,678,,8.6837,7.510000228881836,8.899999618530273,,4.146999835968018,3.88100004196167,V,B-V,0.0361,Carinae,2,,,,8.64 <-> 8.65,0.57 <-> 0.44,0.66 <-> 0.40,4045 <-> 3967,5.95 <-> 5.93,0.14 <-> 0.16,0.36 <-> 0.46
3814,3821,4614A,219,34 A,* eta Cas,Eta Cassiopeia,Achird,12.2762,57.8152,0.21426059,1.0090652,5.923,3.0828,0.6708,5.0129,6362.29391694,32378.32969042,-8235.52465546,1078.609,-551.133,5.23e-06,-2.67e-06,F9V,V,3.44,4.577,0.58,1.028,1.06,6046.973231761683,Main sequence,8.596449453171775,1,3814,118021,,1221714.8506031432,0.9480341788545475,2.708669082441564,1.884782236532255,1.072181511799786,eta,,Cas,425040000951479424,J00490622+5748545,3663-2669-1,J00491+5749A,J00491+5749A,671 A,445258206,2690,155,,00461+5732,447,675,,8.404,3.440000057220459,4.019999980926514,2.369999885559082,2.0199999809265137,1.9900000095367432,V,B-V,1.2738,Eta Cassiopeia,1,eta  Cas,,G0 <-> F9,4.59 <-> 4.58,0.97 <-> 1.06,1.04 <-> 1.03,5970 <-> 6047,5.95 <-> 5.92,0.84 <-> 0.95,1.96 <-> 2.71
118493,,,,280 B,* alf CMi B,Procyon B,Procyon B,114.8245,5.2241,2.00406559,0.09117794,,,,,,,,-709.0,-1024.0,-3.44e-06,-4.96e-06,DQZ,,10.92,,-0.22,,,14086.913851062018,White dwarf,,2,37173.0,37173,,,,,,,,,,,,,J07393+0514B,J07393+0514B,6251 B,,,,,,,,,,10.920000076293944,10.699999809265137,,,,V,B-V,,Procyon B,2,,,,,,,7740 <-> 14087,,,
37173,37279,61421,2943,280,* alf CMi,Procyon A,Procyon A,114.8255,5.225,2.004083,0.09119324,3.5142,-1.4693,3.1762,0.32,10145.736932,6421.58306765,-17200.63769817,-714.59,-1036.8,-3.46e-06,-5.03e-06,F5IV-V+DQZ,IV,0.37,2.641,0.42,1.998,1.66,6775.501733074217,Subgiant,2.819793573497317,1,37173,118493,,724855.2361540624,2.312626154338373,6.607503298109638,4.597721044934623,2.6154700555017314,,,,,J07391805+0513298,187-2184-1,J07393+0514A,J07393+0514A,,471011543,18229,1805,291,07366+0520,5099,7381,,-4.50528,0.3700000047683716,0.7900000214576721,-0.3899999856948852,-0.5600000023841858,-0.6499999761581421,V,B-V,7.5797,Procyon A,1,,,F5 <-> WD,2.67 <-> 2.64,1.5 <-> 1.66,2.05 <-> 2.00,6530 <-> 6776,,1.94 <-> 2.31,4.49 <-> 6.61
36107,36208,,,273,BD+05  1668,Luyten's Star,Luyten's star,111.8521,5.2258,1.95218705,0.09120723,3.7861,-1.4034,3.4994,0.3448,-11768.54507047,1801.79881882,-65976.64063889,571.232,-3691.487,2.77e-06,-1.79e-05,M3.5V,V,9.872,11.981,1.571,0.152,0.25,3689.747923732747,Main sequence,323.7917118618269,1,36107,,,780930.7041425923,0.0520075869424862,0.1485931055499605,0.1033960359451809,0.0588181042801927,,,,3139847906304421888,J07272450+0513329,173-3208-1,,J07274+0514A,,318686860,17881,1755.00,,07247+0520,4954,7213,,18.36,9.871999740600586,11.442999839782717,5.714000225067139,5.218999862670898,4.85699987411499,V,B-V,0.0038,Luyten's Star,1,,,M1 <-> M3,11.94 <-> 11.98,0.26 <-> 0.25,0.35 <-> 0.15,3150 <-> 3690,3.80 <-> 3.79,0.03 <-> 0.05,0.08 <-> 0.15
119224,,48915B,,244 B,* alf CMa B,The Pup,Sirius BC,101.2888,-16.7169,1.76782249,-0.29176439,2.6703,-0.5006,2.508,-0.7681,,,,-461.571,-914.52,-2.24e-06,-4.43e-06,DA1.9,,8.44,11.307,-0.03,0.015,0.22,10515.558157279074,White dwarf,438.32838646181295,2,32263.0,32263,0.033246,550789.1434101241,0.0408168615793371,0.1166196045123919,0.0811478081398727,0.0461619267861551,,,,2947050466531872768,,,J06451-1643BC,J06451-1643BC,5423 B,,,,,,,,119224.0,,8.4399995803833,8.40999984741211,,,,V,B-V,0.0024,The Pup,2,,,,11.18 <-> 11.31,1.02 <-> 0.22,0.01 <-> 0.01,25200 <-> 10516,2.64 <-> 2.67,0.00 <-> 0.04,0.00 <-> 0.12
32263,32349,48915,2491,244 A,* alf CMa,Sirius,Sirius,101.2872,-16.7161,1.76779435,-0.29175126,2.6371,-0.4943,2.4768,-0.7585,7555.38374279,-2981.86799543,-14641.79693288,-546.01,-1223.07,-2.65e-06,-5.93e-06,A0mA1Va,,-1.46,1.434,0.0,1.71,2.29,10125.237191650856,,1.2548728329348298,1,32263,119224,,543932.9289839404,4.4197683975028665,12.627909707151048,8.786920504559271,4.998547592413956,,,,,J06450887-1642566,5949-2777-1,J06451-1643A,J06451-1643A,5423 A,322899250,16953,1577,257,S06430-1639,4392,6525,,-5.5,-1.4600000381469729,-1.4600000381469729,-1.3600000143051147,-1.3300000429153442,-1.350000023841858,V,B-V,27.6847,Sirius,1,,,A1 <-> A0,1.45 <-> 1.43,2.06 <-> 2.29,1.71 <-> 1.71,9940 <-> 10125,2.64 <-> 2.64,3.97 <-> 4.42,9.28 <-> 12.63
24129,24186,33793,,191,HD  33793,Kapteyn's Star,Kapteyn's,77.9191,-45.0184,1.35994527,-0.78571989,3.9339,0.582,2.7192,-2.7826,-134095.57861121,-48128.89293667,-75426.52127263,6491.223,-5708.614,3.147e-05,-2.768e-05,M1VIp,,8.853,10.879,1.58,0.253,0.32,3677.0147363402025,Main sequence,171.678679720041,1,24129,,,811431.715202208,0.0863984983485164,0.2468528524243328,0.1717684431452649,0.097712587417965,,,,4810594479417465856,J05114046-4501051,8078-1749-1,,,,200385493,14668,1181.00,,05100-4502,3085,4691,,245.234,8.852999687194824,10.43299961090088,5.821000099182129,5.315999984741211,5.048999786376953,V,B-V,0.0106,Kapteyn's Star,1,,,M0 <-> M1,10.90 <-> 10.88,0.28 <-> 0.32,0.29 <-> 0.25,3570 <-> 3677,3.91 <-> 3.93,0.05 <-> 0.09,0.13 <-> 0.25
15471,15510,20794,1008,139,* e Eri,Eridani,,49.9819,-43.0698,0.87234835,-0.7517095,6.0414,2.8379,3.38,-4.1256,-57383.56332135,66829.82296547,15149.18837847,3035.017,726.964,1.471e-05,3.52e-06,G6V,V,4.27,5.364,0.71,0.844,0.89,5567.728608655219,Main sequence,13.52311892046014,1,15471,,,1246130.8135003825,0.6598083272059174,1.885166649159764,1.3117617933736692,0.7462117986257399,e,,Eri,4847957293277762560,J03195563-4304112,7567-1183-1,,,,301051051,10637,703.00,119,F03180-4315,1851,2978,,87.882,4.269999980926514,4.980000019073486,3.032000064849853,2.7090001106262207,2.635999917984009,V,B-V,0.617,Eridani,1,e  Eri,,G8 <-> G6,5.35 <-> 5.36,0.7 <-> 0.89,0.92 <-> 0.84,5400 <-> 5568,6.04 <-> 6.04,0.61 <-> 0.66,1.46 <-> 1.89
90582,90864,171067,,1229,HD 171067,Bardeen,,278.0436,13.7366,4.8527763,0.23974828,26.0792,3.5448,-25.084,6.1927,13275.72393265,5555.15160118,14707.67057916,112.616,122.562,5.5e-07,5.9e-07,G6V,V,5.557,3.476,0.34,3.267,1.37,4372.000389099121,Main sequence,4.559142179986378,1,90582,,,5379211.940080533,1.5746091729497422,4.498883351284978,3.130472998602464,1.7808079932169705,,,,4508601275714721280,J18321046+1344113,1036-812-1,,,,50226706,,,,,,,,-46.222,,,5.896999835968018,5.625999927520752,5.557000160217285,K,J-K,3.5139,Bardeen,1,,,G8 <-> G6,5.13 <-> 3.48,0.84 <-> 1.37,0.88 <-> 3.27,5320 <-> 4372,25.98 <-> 26.08,0.68 <-> 1.57,1.62 <-> 4.50
72717,72944,,,569 A,BD+16  2708,Sagan,,223.6218,16.1011,3.90293699,0.28101642,9.9478,-6.9189,-6.5938,2.7589,7969.43740203,-10587.47398759,-5344.13733721,279.117,-117.908,1.35e-06,-5.7e-07,M3V,V,10.15,10.161,1.536,0.341,0.38,3740.1494046825055,Main sequence,113.58964090812138,1,72717,,,2051890.000726193,0.1202287425082358,0.3435106928806739,0.2390261904628022,0.1359729825986,,,,1187851653287128576,J14542923+1606039,1478-495-1,J14545+1606A,J14545+1606A,,258105174,38745,3372.00,,,65111,12519,,-7.219,10.149999618530272,11.685999870300291,6.632999897003174,5.989999771118164,5.769999980926514,V,B-V,0.0205,Sagan,1,,,M2 <-> M3,10.19 <-> 10.16,0.37 <-> 0.38,0.51 <-> 0.34,3420 <-> 3740,9.65 <-> 9.95,0.05 <-> 0.12,0.12 <-> 0.34
77172,77408,141272,,3917,HD 141272,Nirah,,237.0394,1.5717,4.13711851,0.02743205,21.665,-11.7826,-18.171,0.5942,-15409.55201373,9465.74213616,-17053.62920161,-176.036,-166.105,-8.5e-07,-8.1e-07,K0V,V,7.422,5.743,0.82,0.884,0.85,5221.101052455648,,14.990041347807283,1,77172,,,4468717.023235661,0.607626941055634,1.7360769744446685,1.208020228051082,0.6871971357176813,,,,4422809716282811904,J15480945+0134183,352-286-1,,J15482+0134A,,272595871,41229,3574.00,,15456+0143,9105,13111,,-26.361,7.421999931335449,8.241999626159668,5.991000175476074,5.610000133514404,5.500999927520752,V,B-V,0.5233,Nirah,1,,,G8 <-> K0,5.80 <-> 5.74,0.84 <-> 0.85,0.88 <-> 0.88,5320 <-> 5221,21.29 <-> 21.66,0.60 <-> 0.61,1.42 <-> 1.74
74309,74537,135204,,580,HD 135204,Ophion,,228.4621,-1.3514,3.98741519,-0.02358617,17.265,-11.4455,-12.9196,-0.4072,-77135.76144874,69726.77089416,-41209.55749347,-1270.39,-503.671,-6.16e-06,-2.44e-06,G9V,V,6.6,5.414,0.77,0.886,0.88,5372.7941961698025,Main sequence,13.916831019236422,1,74309,,,3561171.0188965914,0.6448326258874123,1.8423789311068923,1.2819886728952126,0.7292749935631448,,,,4418203587193988608,J15135096-0121047,5001-567-1,J15138-0121AB,J15138-0121AB,9544 AB,38838329,39643,3438,,15113-0109,8803,12718,,-69.54,6.599999904632568,7.369999885559082,5.285999774932861,4.986000061035156,4.765999794006348,V,B-V,0.5893,Ophion,1,,,K0 <-> G9,5.34 <-> 5.41,0.78 <-> 0.88,0.85 <-> 0.89,5200 <-> 5373,17.67 <-> 17.27,0.65 <-> 0.64,1.56 <-> 1.84
72432s,72659,131156,5544,566,* ksi Boo,GJ 566,,222.8474,19.1005,3.88942115,0.33336613,6.7123,-4.6503,-4.3134,2.1964,2845.36273892,-4086.92923623,-1996.87846853,154.98,-66.43,7.5e-07,-3.2e-07,G7Ve+K5Ve,,4.593,5.459,0.777,0.875,0.87,5350.994162635957,Main sequence,14.27775568467679,1,72432s,83865s|119220s|81444s|118742s,,1384513.397771513,0.6317588422037986,1.8050252634394248,1.255996745809933,0.7144891667781056,ksi,,Boo,,J14512328+1906034,,J14513+1906AB,J14514+1906AB,9413 AB,311180437,,3360,,14490+1918,,12488,,1.59,4.5929999351501465,5.369999885559082,2.6600000858306885,2.25,1.9700000286102293,V,B-V,0.5656,GJ 566,1,ksi  Boo,,,,,,,,,
83865s,84123,,,660,G  19-15,GJ 660,,257.9677,-1.8518,4.50238614,-0.03231924,10.1843,-2.1219,-9.9554,-0.3291,-25940.20015515,6049.55672385,-15650.38472402,-551.62,-324.34,-2.67e-06,-1.57e-06,M3V,V,11.393,11.353,1.612,0.209,0.29,3632.4685039624096,Main sequence,225.5973465899277,1,83865s,72432s|119220s|81444s|118742s,,2100670.1904470925,0.0694403811913907,0.1984010891182592,0.138054091178122,0.0785337644426442,,,,4367834169251322880,J17115234-0151057,5065-23-1,J17119-0151AB,J17119-0151AB,,142948307,44323,3900.1,,,,,,-3.1,11.392999649047852,13.005000114440918,7.461999893188477,6.916999816894531,6.656000137329102,V,B-V,0.0068,GJ 660,1,,,,,,,,,,
119220s,84709,156384,6426,667,HD 156384,GJ 667,,259.7382,-34.9898,4.53328655,-0.61068654,6.8357,-0.9977,-5.5106,-3.9198,36278.78181123,-5113.56375305,-2044.69778428,1129.76,-77.02,5.48e-06,-3.7e-07,K3V+K5V,V,5.89,6.716,1.04,0.712,0.68,4648.707153259476,Main sequence,26.243289208415625,1,119220s,72432s|83865s|81444s|118742s,,1409972.0144917632,0.3882081716095194,1.1091662045986268,0.7717948173665445,0.4390449559869565,,,,5975663422846187520,J17185698-3459236,,J17190-3459AB,J17190-3459AB,,154385728,44531,3924,,17156-3456,9982,14302,,0.0,5.889999866485596,6.929999828338623,3.900000095367432,3.2300000190734863,3.119999885559082,V,B-V,0.2136,GJ 667,1,,,,,,,,,,
81444s,81693,150680,6212,,* zet Her,HIP 81693,,250.3215,31.6027,4.36893444,0.55157149,10.7158,-3.0733,-8.5937,5.6154,-18987.47053878,16528.24075148,14773.1356651,-461.52,342.28,-2.24e-06,1.66e-06,G0IV,IV,2.8,2.65,0.63,2.667,1.66,5852.508984247449,,2.8344473915795723,1,81444s,72432s|83865s|119220s|118742s,,2210295.820831548,2.303056356832021,6.5801610195200615,4.57869537608271,2.604647070226691,zet,,Her,,J16411728+3136093,,J16413+3136AB,J16413+3136AB,10157 AB,43255143,43387,3799,,16393+3141,9600,13799,,-67.8,2.799999952316284,3.430000066757202,1.4950000047683716,1.187000036239624,1.277999997138977,V,B-V,7.5171,HIP 81693,1,zet  Her,,,,,,,,,
118742s,55203,,,,* ksi UMa,HIP 55203,Alula Australis,169.5455,31.5293,2.95912807,0.5502899,,,,,,,,-453.7,-591.4,-2.2e-06,-2.87e-06,F8.5:V+G2V,V,3.79,,0.59,,,6006.975415271707,Main sequence,4.469946076237917,1,118742s,72432s|83865s|119220s|81444s,,,,,,,,,,,J11181100+3131464,,J11182+3132AB,J11182+3132AB,8119 AB,144294174,,2625.00,,11154+3148,,,,-18.2,3.7899999618530273,4.380000114440918,2.461999893188477,2.2309999465942383,2.1419999599456787,V,B-V,,HIP 55203,1,,,,,,,,,,
