id,hip,hd,hr,gl,main_id,full_name,proper,ra,dec,rarad,decrad,dist,x,y,z,vx,vy,vz,pmra,pmdec,pmrarad,pmdecrad,spect,lum_class,mag,absmag,ci,radius,mass,temp,type,lifespan,comp,comp_primary,sibling,compdist,dist_au,inner_ohz,outer_ohz,inner_chz,outer_chz,bayer,flam,con,gaia,2mass,tyc,ccdm,wds,ads,tic,nltt,plx,fk5,iras,gcrv,web,old_bgs_id,rv,mag_V,mag_B,mag_J,mag_H,mag_K,primary_band,ci_type,lum
73018,73245,132307,,,HD 132307,Bohr,,224.54531850931,6.90495965755,3.919055127926825,0.12051428074162764,34.70354496711839,-24.553681539818914,-24.167040919298664,4.172156436533518,-17946.085788530814,20934.635755952917,15397.08917147818,-167.215,94.299,-8.106811968673105e-07,4.571744531494813e-07,G5,,6.313000202178955,3.6111310009879354,0.46199989318847656,3.2858645016094443,1.3270488192198369,4225.600128173828,,4.92927162337513,,73018,,0.0,7158119.970154951,1.479289197617921,4.226540564622631,2.9409678095499143,1.6730056401631248,,,,1160956465000504448,J14581087+0654179,333-909-1,,,,349760864,38925,,,,,,,-30.16,,,6.775000095367432,6.379000186920166,6.313000202178955,K,J-K,3.1013272820139917
73082,73309,132375A,5583,,HD 132375,Huygens,,224.71992374867585,-4.989253315179167,3.922102564244992,-0.08707889756591884,34.30720039521895,-24.284782818770864,-24.048515558562993,-2.983659134753183,-40141.07010392789,42699.140706524435,-17159.267356114593,-360.23,-105.924,-1.7464443234608815e-06,-5.135340435784649e-07,F7V,V,6.079999923706055,3.403073527029939,0.49000024795532227,1.559538058704769,1.3921712066593517,6434.591499248499,Main sequence,4.372888277687638,,73082,,0.0,7076368.03392296,1.6280381616671384,4.651537604763253,3.2366949166477634,1.8412336352187875,,,,6337304342094223744,J14585280-0459211,4995-952-1,J14589-0459A,J14589-0459A,9457 A,175838533,38950,3384,,14562-0447,8687,12557,,-24.379,6.079999923706055,6.570000171661377,5.139999866485596,4.98799991607666,4.836999893188477,V,B-V,3.7563892514803228
73489,73717,133352,,,HD 133352,Hawking,,226.02893933252372,-6.887366748689998,3.944949196143053,-0.12020722655701732,34.28449963487008,-23.631784013111808,-24.496177112227333,-4.111326605541079,-23728.377277642303,23170.089822145033,-1288.9944773095494,-204.055,-8.022,-9.892865569880637e-07,-3.8891753498606976e-08,G8V,V,7.75,5.074510922315853,0.75,1.0119749029204073,0.9474338730977844,5436.136574148009,Main sequence,11.445314490679799,,73489,,0.0,7071685.665993548,0.7540099928701777,2.1543142653433645,1.4990436763014245,0.8527493966984152,,,,6333022740735635328,J15040696-0653144,5012-808-1,J15041-0653A,J15041-0653A,9492 A,192726036,,,,,,,,-44.78,7.75,8.5,6.288000106811523,5.9079999923706055,5.794000148773193,V,B-V,0.8057413114343613
73788,,134066A,,,HD 134066A,Fermi,,226.8872730171,9.226034317560002,3.9599299450196837,0.16102467574341012,32.86284690842768,-22.169101946922066,-23.679873652674157,5.268890735925252,-21741.184582041795,21184.40530619946,3518.310622963585,-194.816,22.916,-9.444946209903536e-07,1.1109990316306125e-07,G2V,V,7.28000020980835,4.696474291509642,0.6449999809265137,1.0592237608978816,1.0336001670679449,5796.756211286872,Main sequence,9.20700911015156,,73788,,0.0,6778448.742174535,0.8973966165048219,2.5639903328709197,1.784109939956015,1.0149128400947391,,,,1167718049194619264,J15073294+0913338,919-1659-1,J15075+0914A,J15075+0914A,9507 A,449902389,,,,,8748,,,-34.2,7.28000020980835,7.925000190734863,5.8470001220703125,5.578000068664551,5.492000102996826,V,B-V,1.141327504697141
75150,75379,137052,5723,,* eps Lib,Archimedes,,231.04951580174,-10.322278854,4.032574785879029,-0.18015775231128706,28.883202107318425,-17.863513433959966,-22.09862383507117,-5.175430065507582,-4758.526583564095,8665.871201668273,-20512.781970412943,-66.816,-152.296,-3.2393310917014755e-07,-7.383518437825788e-07,F4V,V,4.920000076293945,2.6167733803431474,0.4379997253417969,2.075896693726787,1.6684863651865849,6684.148897849182,Main sequence,2.7809510535789146,,75150,,0.0,5957588.079324827,2.3384312706833748,6.6812322019525,4.649024073858614,2.6446544132728644,eps,,Lib,6316197051735920896,J15241189-1019200,5598-1052-1,,,,37018039,,3478.00,,15214-1008,8913,12860,,-11.68,4.920000076293945,5.357999801635742,4.361000061035156,4.014999866485596,4.007999897003174,V,B-V,7.749802732015113
60776,60965,108767,4757,,* del Crv,Algorab,Algorab,187.46606318416664,-16.515431261666667,3.271900038315433,-0.2882486529028845,26.27430373095113,-24.97674676086402,-3.2732018937223795,-7.469090115460732,1486.1238955928268,26483.491567078185,-16624.457041971644,-209.276,-139.184,-1.0145986792787924e-06,-6.747830739154965e-07,A0IV(n)kB9,IV,2.940000057220459,0.8423439769754673,-0.04999995231628418,1.975753061317952,2.6288487649878514,10795.073234438127,,0.8924543161373009,,60776,,0.0,5419464.161849711,5.805110496509646,16.58602999002756,11.54111253472751,6.565303537719243,del,,Crv,3520586071216143488,J12295187-1630552,6103-2395-1,J12299-1631A,J12299-1631A,8572 A,297075865,30918,2880.00,465,F12272-1614,7515,10850,,13.9,2.940000057220459,2.890000104904175,3.0199999809265137,3.049999952316284,3.049999952316284,V,B-V,47.759790074669034
74746,74975,136202,5694,,*   5 Ser,Maal,,229.82832267080124,1.7654073283511111,4.01126094494141,0.030812170518563525,25.128532443448236,-16.202220715951256,-19.191974640779943,0.7741421191810824,32629.243932733694,-30083.50308961881,-61135.9262647089,372.216,-513.483,1.8045540912786703e-06,-2.4894358341716783e-06,F8IV,IV,5.599999904632568,3.5991642762982705,0.3299999237060547,3.2142428055289347,1.3617066938702402,4384.000091552734,Subgiant,4.621586320646949,,74746,,0.0,5183131.869512557,1.5575659009100569,4.450188288314449,3.0965893506188036,1.761532864124469,,5,Ser,4421455530273467392,J15191881+0145553,336-1027-1,J15193+0146A,J15193+0146A,9584 A,461297684,39881,3457,,15167+0156,8861,12790,,54.429,,5.599999904632568,4.340000152587891,3.950000047683716,4.010000228881836,B,J-K,3.4382249655297015
55539,55705,99211,4405,,* gam Crt,Katydid,,171.2205150667429,-17.684011879005833,2.9883617348752223,-0.3086442322504409,26.520626417195974,-24.97137220304215,3.856617752254388,-8.05609678259907,1719.3941807153708,12049.85400534398,437.01893738138193,-96.811,3.65,-4.693529728189529e-07,1.769569936049806e-08,A7V(n),V,4.059999942779541,1.9420810533318038,0.19000005722045898,2.0429325954749156,2.0407598185634295,8241.214124831342,Main sequence,1.6808163474896907,,55539,,0.0,5470271.862941403,3.4983485351329553,9.9952815289513,6.95505006389528,3.95646560520989,gam,,Crt,3546521385853638912,J11245298-1741025,6088-2155-1,J11249-1741A,J11249-1741A,8153 A,334849779,,2644.00,431,F11223-1724,6963,10012,,0.58,4.059999942779541,4.25,3.6480000019073486,3.5230000019073486,3.5460000038146973,V,B-V,17.344731396353307
86475,86742,161096,6603,,* bet Oph,Celebrai,Cebalrai,265.86813295741786,4.567303668469166,4.64027429623699,0.07971448695320248,25.491735579325184,-1.8309029083198658,-25.34474000551992,2.0299092194325774,-4925.847390479873,1906.104703957341,19203.824300873493,-41.793,159.43,-2.0261818174610835e-07,7.729384517929331e-07,K2IIICN0.5,,2.75,0.7180029750930492,1.1800000667572021,12.894470258597165,2.7052020165458006,4348.3477892690225,Bright giant,0.830808141543738,,86475,,0.0,5258047.893872807,6.1472190782717115,17.56348308077632,12.221256977040188,6.952212052807292,bet,,Oph,4473334474601314560,J17432835+0434022,423-1724-1,,,,361269297,,4042.00,665,17409+0435,10239,14628,,-12.12,2.75,3.930000066757202,0.8859999775886536,0.3540000021457672,0.21899999678134918,V,B-V,53.55485033484653
71517,71743,128987,,,V* KU Lib,Kang,,220.12960970803,-16.20929238842,3.841986470535197,-0.2829055215963846,23.731773997569867,-17.423745786000527,-14.687552356990565,-6.624649848650338,-6496.698093145646,10958.074143425923,-7126.035304423228,-111.695,-66.024,-5.415126411152961e-07,-3.2009338481576e-07,G8Vk:,,7.239999771118164,5.363348752058666,0.7370004653930664,0.8723927060646648,0.8864722086385958,5478.169104676963,Main sequence,13.515657818054272,,71517,,0.0,4895029.759644593,0.6600997004184157,1.885999144052616,1.3123410710699455,0.7465413278541605,KU,,Lib,6286606170175267840,J14403109-1612335,6154-999-1,,,,466493185,,,,,,,,-22.88,7.239999771118164,7.9770002365112305,5.947000026702881,5.629000186920166,5.531000137329102,V,B-V,0.6175334672512502
55476,55642,99028,4399,9359 A,* iot Leo,Leonis,,170.98105513292123,10.52950625196611,2.9841823706034263,0.18377455270613627,23.610074891157556,-22.92551681563601,3.6388160437494586,4.314548980114891,-4240.09933304995,-16258.38468202283,-8882.457145289774,149.407,-80.702,7.243455765353244e-07,-3.912543369290177e-07,F1IV,IV,4.010000228881836,2.1445134055667934,0.39999961853027344,2.4352429914597034,1.8601529677525774,6880.243849975384,Subgiant,2.1189872882230016,,55476,,0.0,4869927.517070085,2.9065420132885262,8.304405752252933,5.778482335942665,3.2871606102667856,iot,,Leo,3915612630249291008,J11235546+1031459,858-1221-1,J11239+1032A,J11239+1032A,8148 A,396915247,27257,2640.00,,11213+1048,6956,9999,,-11.8,4.010000228881836,4.409999847412109,3.0820000171661377,2.8399999141693115,2.7899999618530273,V,B-V,11.972769947578401
0,,,,,Sol,Sol,Sol,0.0,0.0,0.0,0.0,0.0,,,,,,,,,,,G2V,V,-26.74,4.83,0.63,,,,,,nan,,,,0.0,0.84,2.4,0.95,1.67,,,,,,,,,,,,,,,,,0,,,,,,,,,
78498,78738,144087,,9541 A,HD 144087,Enlil,,241.10802513647997,-11.449382690060002,4.208128891612826,-0.19982942526239247,27.863069730118305,-13.194420017527923,-23.909565218176457,-5.530879339152155,-6827.845328328633,4469.129096881235,-2871.099977632474,-61.607,-22.227,-2.986791645211518e-07,-1.0775953690021655e-07,K1(V),V,7.429999828338623,5.204855019261106,0.7100005149841309,0.9961523779015649,0.962752152038955,5567.726999373595,Main sequence,10.995468907730473,,78498,,0.0,5747170.672447325,0.778589033254737,2.224540095013534,1.5479091494469177,0.8805471209428574,,,,4343064577465522816,J16042591-1126577,5619-1260-1,J16044-1123D,J16044-1127A,9910 A,49777149,,3637,,,9240,13312,,-31.79,7.429999828338623,8.140000343322754,6.197999954223633,5.894000053405762,5.7870001792907715,V,B-V,0.8591282351254903
119060,,,,9540 C,* ksi Sco C,Alpha Ternion,,241.09382143298,-11.37163580307,4.207880990220774,-0.198472486101241,27.89182434844698,-13.217588903943897,-23.93751957860728,-5.49948774657715,-8521.000324358309,5096.405091334755,-1543.7119311533304,-75.048,-11.957,-3.6384297139908453e-07,-5.7969171850267216e-08,G1V,V,5.849999904632568,3.6226152969897516,,,1.3235442642368531,,Main sequence,4.961966458615148,C,119058,119059|119225,0.000794,5753101.738218494,1.471486312291189,4.2042466065462545,2.9254549303884354,1.664180948424559,ksi,,Sco,4343066192373234688,,,J16044-1123C,J16044-1122C,9909 C,,,,,,9239,13313,,-31.5,,,5.849999904632568,,,J,,3.0686960987249474
119059,,144069,5977,9540 B,* ksi Sco B,Proxima Ternion,,241.09220319117998,-11.372964558680001,4.207852746573271,-0.19849567726158987,27.68779245230778,-13.121510650871471,-23.76193244651232,-5.459887867760941,-4725.109393243769,3191.6276890175473,-2385.515513913971,-43.269,-18.584,-2.097740316792851e-07,-9.009777449739616e-08,F5V,V,4.869999885559082,2.6585582314249,0.48000001907348633,2.1659866304956115,1.6525103066942317,6481.00883465622,Main sequence,2.848653050219033,B,119058,119060|119225,0.000799,5711017.138743528,2.293863863533758,6.553896752953594,4.560419823930209,2.5942507980441305,ksi,,Sco,4343066192373234048,,5619-1257-2,J16044-1123B,J16044-1122B,9909 B,,,,,,9238,13311,,-29.4,4.869999885559082,5.349999904632568,,,,V,B-V,7.457215737565218
119225,,144070,5978,9540 A,* ksi Sco A,Beta Ternion,,241.09231412321998,-11.373207404929998,4.207854682702615,-0.19849991572822842,28.04451224984295,-13.290505657703605,-24.068078054876572,-5.530347677904952,-8247.271907510525,5558.699486836044,-4206.344599088797,-74.518,-32.323,-3.61273458889204e-07,-1.567063261450353e-07,F4(V),V,5.159999847412109,2.9207603916041665,0.48000001907348633,1.9196203249133563,1.5556932266628745,6481.00883465622,Main sequence,3.3127609479526923,A,119058,119060|119059,0.000143,5784595.878578479,2.0329523890071863,5.8084353971633895,4.041702963859525,2.299172344710508,ksi,,Sco,4343066192367555200,,5619-1257-1,J16044-1123A,J16044-1122A,9909 A,,,,,,,,119225,-32.6,5.159999847412109,5.639999866485596,,,,V,B-V,5.857278083857747
71731,71957,129502,5487,9491,* mu. Vir,Heinlein,,220.7650999448383,-5.658201376752223,3.8530778675317805,-0.09875424376520243,19.163879919128426,-14.443868577312042,-12.452267706458949,-1.8894398754104738,8668.574882722165,-5720.9303195721595,-28580.130183742207,110.002,-316.139,5.333047454941117e-07,-1.532685123322876e-06,F2V,V,3.880000114440918,2.467582909913868,0.38000011444091797,2.0340430979698674,1.726798684007048,6988.564151087949,Main sequence,2.552088481957368,,71731,,0.0,3952833.9737263205,2.5047403038743172,7.156400868212335,4.97966227079775,2.8327420103340493,,,,6337717036910714112,J14430363-0539291,4997-942-1,,J14431-0540A,,185284200,38172,3325.00,545,14404-0526,8551,12388,,1.63,3.880000114440918,4.260000228881836,3.3299999237060547,3.069999933242798,3.0399999618530273,V,B-V,8.891332185164975
69479,69701,124850,5338,9473,* iot Vir,Syrma,Syrma,214.0036178170021,-6.000547078703056,3.7350677420862866,-0.10472930344429564,22.025752509834497,-18.159353529066795,-12.250306993565683,-2.302527219002119,2190.4206343136893,4828.670969278712,-43081.08615020139,-26.606,-414.866,-1.2898952799600314e-07,-2.0113271262718875e-06,F7III,III,4.079999923706055,2.365346148663404,0.5199999809265137,2.624002082521724,1.7679313014963374,6299.551342527256,Bright giant,2.406226675942222,,69479,,0.0,4543137.568445026,2.6254881129208476,7.5013946083452785,5.219720414973589,2.969302032470006,iot,,Vir,3640828731549668608,J14160086-0600016,4982-1645-1,,J14190-0636C,,6029884,36758,3241.00,525,14133-0545,8342,12135,,12.079,4.079999923706055,4.599999904632568,3.140000104904175,2.9089999198913574,2.8010001182556152,V,B-V,9.769257130227713
63947,64150,114174,,9429,HD 114174,Verne,,197.21259571841458,5.207240542767501,3.4420091216908064,0.0908834924146295,26.40773007074631,-25.120910597554552,-7.782272909571119,2.3967241393255856,-4237.874171469158,-12522.35089846724,-84812.71247786767,85.533,-680.324,4.146756858634194e-07,-3.298303827871639e-06,G3IV+D,IV,7.46999979019165,5.361344429389318,0.41099977493286133,1.4931975207230757,0.9075395430235229,4286.800270080566,Subgiant,12.744890466091032,,63947,,0.0,5446985.319942854,0.6918475386071297,1.9767072531632277,1.3754587969927459,0.7824466210437776,,,,3729017810434416128,J13085103+0512259,304-969-1,,J13088+0513AB,,381726125,33022,3002.00,3047,,7820,11339,,24.195,,7.46999979019165,5.61299991607666,5.311999797821045,5.202000141143799,B,J-K,0.6783631188729362
59092,,105590A,,9390 A,HD 105590A,Zelazny,,182.36888540855205,-11.857071711216944,3.1829375035714773,-0.20694494100581395,24.79230248592417,-24.2425793965358,-1.0028773118127936,-5.094098924605891,5543.97380878214,-36691.16274733773,-19169.550705723257,313.876,-166.66,1.521713789719367e-06,-8.079904809371526e-07,G4,,6.840000152587891,4.86841584256956,0.75,1.112727337776015,0.9934783691968339,5436.136574148009,,10.16491989798217,,59092,,0.0,5113779.462552467,0.8290793868520804,2.368798248148801,1.6482887810035407,0.9376493065589004,,,,3574377616021489024,J12092849-1151251,5522-1685-1,J12095-1151A,J12095-1151A,,152854208,29769,,,,,,,1.94,6.840000152587891,7.590000152587891,5.645999908447266,5.379000186920166,5.270999908447266,V,B-V,0.9741675591029217
119217,,,,4056,G  21-13,Nikola,,276.02161694517,1.6878192865199995,4.8174860223717895,0.029458003728435538,17.36077956844574,1.8204194506827913,-17.257498999164177,0.5113399471841237,,,,150.438,-238.457,7.293440055875636e-07,-1.156072159563366e-06,M2.5V,V,11.859999656677246,10.662153542488493,1.5399999618530273,0.2715185390144246,0.3371200989615754,3734.3173644812364,Main sequence,151.5438741592521,,119217,,0.0,3580917.8296942245,0.0954659673440444,0.27275990669726974,0.18979543507685018,0.10796746306766926,,,,4276632394156013440,J18240518+0141161,,,J18241+0141A,,169296613,46418,,,,,,,,11.859999656677246,13.399999618530273,8.29699993133545,7.736999988555908,7.486999988555908,V,B-V,0.012916313663455432
119105,,,,3969,G  17-33,Decaran,,250.44055451846003,-5.822800904940001,4.371012256867489,-0.10162704747930837,32.88251406549539,-10.95176260219452,-30.825147329986322,-3.3360034858064744,5534.492768112766,2170.348589780507,-38573.528049147935,28.795,-248.719,1.396020994754909e-07,-1.2058237395188267e-06,M0V,V,12.229999542236328,9.645174469454705,0.7300004959106445,0.19985731112957114,0.42607156663330453,5501.091332165992,,84.39051114344886,,119105,,0.0,6782505.3845116785,0.1524910631104211,0.4356887517440603,0.3031667564219086,0.17246013089869053,,,,4353154417711321984,J16414572-0549220,5061-450-1,,,,58410794,43374,,,,,,,35.51,12.229999542236328,12.960000038146973,9.020999908447266,8.430999755859375,8.204999923706055,V,B-V,0.032955675068801635
72407,72634,131023,,3868,HD 131023,Strix,,222.75964339286998,9.72366961344,3.8878892177740134,0.16971005013065227,30.037516858556337,-21.736963070219677,-20.100227763015372,5.073233622342664,-19879.388814456808,23546.41038293602,7900.998934568614,-216.196,56.34,-1.0481477860115723e-06,2.731440279371126e-07,K0V,V,5.821000099182129,3.432679961383114,0.46000003814697266,3.731184328938009,1.4149203858976929,4227.999954223633,,4.199233170516653,,72407,,0.0,6195682.587551853,1.681679746680256,4.804799276229303,3.343339496376223,1.9018997135074323,,,,1174143182830505984,J14510231+0943252,918-132-1,J14510+0943A,J14510+0943A,9410 A,349674635,38552,,,,8629,12487,,-36.19,,,6.281000137329102,5.915999889373779,5.821000099182129,K,J-K,4.008002792509311
69766,69989,125451,5365,3841,*  18 Boo,Rana,,214.81783216401,13.004301083630002,3.74927846325855,0.22696787083001002,26.10529833134933,-20.882051901222486,-14.52304475923328,5.87432381510478,6721.386548316431,-11186.939499562217,-3769.5243530692424,105.226,-31.26,5.101500440843203e-07,-1.5155275671484093e-07,F3V,V,5.395999908447266,3.3123566049851005,0.3920001983642578,1.404676906922583,1.4215572005599635,6923.129265145771,Main sequence,4.150392324510625,,69766,,0.0,5384604.295887894,1.6974928945496592,4.849979698713312,3.3747775403546796,1.9197836307406861,,18,Boo,1226844321337777536,J14191627+1300155,915-1442-1,J14192+1300A,J14193+1300A,,86433449,,3255.01,1372,14168+1314,8373,12171,,-1.2,5.395999908447266,5.788000106811523,4.738999843597412,4.538000106811523,4.394000053405762,V,B-V,4.083733173251957
69192,69414,124292,,3830,HD 124292,Bel,,213.18849303200122,-3.3200842733775,3.7208411307734104,-0.057946402014120886,21.788675989314832,-18.20377722210851,-11.906997230298314,-1.2618689206317222,-7606.536950245834,15080.405985838017,-33219.5155003817,-162.498,-322.138,-7.878125355293736e-07,-1.5617690960526367e-06,G8/K0V,V,7.039000034332275,5.347845830784509,0.7439999580383301,0.8859763307244599,0.8896422850588744,5455.451253111298,,13.395578005024134,,69192,,0.0,4494237.025932882,0.6648292521064115,1.8995121488754614,1.3217438702591753,0.7518902255965368,,,,3646061719703116032,J14124525-0319120,4979-117-1,,,,147718994,36571,,,,,,,37.819,7.039000034332275,7.7829999923706055,5.736999988555908,5.375999927520752,5.303999900817871,V,B-V,0.6264143062023392
68415,68634,122676,,3824,HD 122676,Pyraas,,210.73693809344996,14.975345581310002,3.6780534253021635,0.2613690870178437,26.645563380469337,-22.12463899917088,-13.155948840251913,6.885303706565869,-3608.1665479533185,6273.324640841296,358.16517678739933,-57.288,2.954,-2.7774006163403096e-07,1.4321396139975692e-08,G7V,V,7.139999866485596,5.011875330588669,0.7200002670288086,1.0050057275084374,0.9611971334301387,5534.195806821752,Main sequence,11.039993880108184,,68415,,0.0,5496041.961433212,0.7760759406240254,2.2173598303543582,1.5429128819549076,0.8777049328486002,,,,1231250992143084800,J14025689+1458314,907-128-1,,,,72601126,,,,,,,,-8.86,7.139999866485596,7.860000133514404,5.7179999351501465,5.353000164031982,5.252999782562256,V,B-V,0.853591079386998
65150,65355,116443,,3782,HD 116443,Khayyam,,200.92018822325,2.72527437001,3.5067188182224482,0.04756501077688871,16.579321275745613,-15.468876047665482,-5.913235461334543,0.788298271701736,836.0582992752787,-157.22654913096162,15804.96882890388,5.667,201.308,2.7474391308477403e-08,9.759687251679846e-07,K2V,V,8.180000305175781,7.082166568022451,0.5370001792907715,0.7964203034206382,0.6394157700954571,4135.599784851074,Main sequence,30.587335168543,,65150,,0.0,3419730.4865533416,0.3434361227192838,0.9812460649122394,0.6827837201681,0.3884099006944281,,,,3712538811193759744,J13234086+0243309,303-1282-1,J13237+0243B,J13237+0243B,8883 B,393713801,33956,,,,64078,,,27.496,,8.180000305175781,5.76800012588501,5.355999946594238,5.230999946594238,B,J-K,0.1671603888725269
65147,65352,116442,,3781,HD 116442,Al-Battani,,200.91314026185998,2.72332682431,3.5065958080906388,0.04753101969209065,16.588782333610364,-15.478456146516079,-5.9147154809871125,0.7881848839284576,1018.9370269550388,-660.1658702427758,15655.624248701059,12.467,199.291,6.044172162392585e-08,9.661900332200053e-07,G9V,V,7.829999923706055,6.730927380323867,0.5120000839233398,0.8416122737544242,0.6620751109333776,4165.599899291992,Main sequence,28.037019589680654,,65147,,0.0,3421681.9698183695,0.36820850011465306,1.052024286041866,0.7320335657041317,0.41642627989157194,,,,3712538708114516736,J13233916+0243239,303-1283-1,J13237+0243A,J13237+0243A,8883 A,393713800,33954,,,,64077,,,28.492,,7.829999923706055,5.609000205993652,5.21999979019165,5.0970001220703125,B,J-K,0.19214498236491284
118819,,,,3728,Ross  948B,Rivera,,187.22063044627,-10.66411555972,3.2676164289469525,-0.186123928330272,19.41547763045745,-18.92883574899605,-2.398192833545014,-3.5928567936192684,-3215.5609922488097,25608.632993284034,-117.94055128829396,-280.423,-1.317,-1.359529068977794e-06,-6.3849961802125884e-09,M2V,V,10.960000038146973,9.519259643772548,1.4499998092651367,0.4278705227054113,0.43860546193198613,3870.2959386239395,Main sequence,78.4901051595428,,118819,,0.000862,4004729.726843646,0.1615947910387196,0.4616994029677703,0.3212658345650735,0.18275601367474242,,,,3578493908382798336,J12285297-1039508,,,J12288-1040B,,98751018,30868,,,,,,,-6.38,10.960000038146973,12.40999984741211,7.6519999504089355,7.190000057220459,6.789999961853027,V,B-V,0.03700804491333256
118818,,,,3727,Ross  948A,Bolivar,,187.22148126720998,-10.663512174780001,3.2676312785737,-0.18611339727641205,19.439519766103697,-18.952277200670235,-2.4014487054758527,-3.5971046357674967,-3297.8977978527523,25556.011824242356,342.7452201558141,-279.622,3.774,-1.3556457113921067e-06,1.8296868325073887e-08,M2V,V,11.569999694824219,10.126572035264743,1.6500005722045898,0.37785841998369746,0.3813667242639884,3581.0020264761256,Main sequence,111.33789569669918,,118818,,0.000862,4009688.7732885447,0.12217008583570976,0.34905738810202785,0.24288576588766106,0.1381685494570527,,,,3578493912677730048,J12285316-1039488,,,J12288-1040A,,98751019,30870,,,,,,,-5.23,11.569999694824219,13.220000267028809,7.679999828338623,7.179999828338623,6.85699987411499,V,B-V,0.0211529618383003
56075,56242,100180,4437,3669,*  88 Leo,Charybdis,,172.93726733020958,14.364502976219722,3.018324714313781,0.25070787234755887,23.444679933229555,-22.53939622910661,2.7925434932270368,5.8163851005024245,-684.5535050895307,37026.81487108103,-20449.330725126965,-329.873,-189.925,-1.5992694342864595e-06,-9.207823838472862e-07,F9.5V,V,6.769999980926514,4.919778440291153,0.2760000228881836,1.6990697115480653,1.0046670430732156,4448.79997253418,Main sequence,9.884270226145693,,56075,,0.0,4835812.358159687,0.8478589286474819,2.4224540818499483,1.6856242986205892,0.9588880740656045,,88,Leo,3966121303915627136,J11314496+1421525,862-1208-1,J11317+1422A,"J11317+1422Aa,Ab",8196 A,219030951,27657,2665,,,7016,10105,,-4.81,,6.769999980926514,5.179999828338623,4.958000183105469,4.9039998054504395,B,J-K,1.0187992671304646
103883,104217,201092,8086,820 B,*  61 Cyg B,Bessel,,316.7302660185276,38.74204403329556,5.527985982740818,0.6761762273336311,3.496437479851779,1.9857122155251747,-1.8692610952009212,2.188123626670717,22775.048579262108,72026.16360454357,40759.29398469295,4105.976,3155.942,1.9906333391074078e-05,1.5300438583881912e-05,K7V,V,6.03000020980835,8.311871374895219,1.369999885559082,0.46145532403374984,0.47077442598800134,4000.132291181991,Main sequence,65.76091444867771,B,103879,103879,0.011516,721191.9984727561,0.18616799053803898,0.531908544394397,0.37011969547443463,0.2105471321561155,,61,Cyg,1872046574983497216,J21065473+3844265,3168-2798-1,J21069+3844B,J21069+3845B,14636 B,165602023,50560,,,,13273,18981,,-64.248,6.03000020980835,7.400000095367432,3.549999952316284,2.859999895095825,2.319999933242798,V,B-V,0.04911921868051499
103879,104214,201091,8085,820 A,*  61 Cyg A,Piazzi,,316.7247482895925,38.74941731943694,5.5278896802036686,0.6763049154534899,3.496565847852532,1.9854000508136567,-1.8693279000743037,2.18855490417801,22732.225773148002,73399.99607650598,41966.48399663148,4164.209,3249.614,2.0188654941994593e-05,1.5754573255250837e-05,K5V,V,5.210000038146973,7.4917914813864845,1.179999828338623,0.5696993294434536,0.5686183252203628,4348.348266142209,Main sequence,41.015486792775775,A,103879,103883,0.011516,721218.4762735281,0.27159451181218464,0.7759843194633848,0.5399557556266052,0.30716045978758977,,61,Cyg,1872046574983507456,J21065341+3844529,3168-2800-1,J21069+3844A,J21069+3845A,14636 A,165602000,50559,5077,,,13272,18980,,-65.82,5.210000038146973,6.389999866485596,3.119999885559082,2.5,2.680000066757202,V,B-V,0.10454021945365492
98924,99240,190248,7665,780,* del Pav,Delta Pavonis,,302.1817036316884,-66.18206743589695,5.274065667658668,-1.155094982533323,6.099256866543381,1.3118474955740194,-2.0846544935554983,-5.57980341185347,13725.933532045387,43970.46827358664,-13177.0782990262,1211.761,-1130.237,5.874783110349724e-06,-5.479543604961986e-06,G8IV,IV,3.559999942779541,4.633615323807652,0.7600002288818359,1.2544576701102652,1.0486690910969465,5404.266838749797,Subgiant,8.879813222568378,,98924,,0.0,1258062.0343217384,0.9237537646025604,2.6392964702930297,1.8365104605789,1.044721519490991,del,,Pav,6427464325637241728,J20084376-6610563,9098-1918-1,,,,409891396,48721,4754.00,754,,12460,17675,,-21.543,3.559999942779541,4.320000171661377,2.450000047683716,2.109999895095825,2.0399999618530273,V,B-V,1.2093551836981333
97338,97649,187642,7557,768,* alf Aql,Altair,Altair,297.69582729638694,8.868321196436963,5.1957723557703615,0.1547814040022278,5.12952038984355,2.3555848466845677,-4.487522011297931,0.7907879981432054,10861.70963301703,7362.432667686922,9252.738796152556,536.23,385.29,2.5997164022136648e-06,1.8679386319469312e-06,A7Vn,,0.7599999904632568,2.2096161880832796,0.2200000286102295,1.911236291920428,1.9188383123546955,8011.383319447137,Main sequence,1.960667937840953,,97338,,0.0,1058039.5280841242,3.0928299939265815,8.83665712550452,6.148840583163561,3.4978434455122054,alf,,Aql,,J19504698+0852060,1058-3399-1,J19508+0852A,J19508+0852A,13009 A,70257116,48314,4665.00,745,19483+0844,12193,17173,,-26.6,0.7599999904632568,0.9800000190734863,0.3499999940395355,0.23999999463558197,0.23999999463558197,V,B-V,13.556685616966977
91756,92043,173667,7061,9635,* 110 Her,Newton,,281.41552366368626,20.54630919062889,4.911627454155341,0.3586007445092454,19.35197961075428,3.5865569094132175,-17.762500838316907,6.791854559645764,1326.1248237013733,-10779.032217085214,-28825.42697909693,-9.086,-335.655,-4.4050171065612435e-08,-1.6273013613282128e-06,F5.5IV-V,IV,4.190000057220459,2.7563730683134686,0.46000003814697266,2.011165480621751,1.6157073222487601,6576.050088381066,Subgiant,3.0136531529374944,,91756,,0.0,3991632.3201281875,2.1928285269813372,6.26522436280382,4.359551952450992,2.4799846436098454,,110,Her,4530744134230193280,J18453972+2032466,1591-1918-1,J18457+2033A,J18457+2033A,11658 A,282038438,46972,4328.00,703,18435+2029,11212,15864,,22.772,4.190000057220459,4.650000095367432,3.319999933242798,3.2860000133514404,3.059999942779541,V,B-V,6.8147632493525245
91156,91438,172051,6998,722,HD 172051,Linnaeus,,279.7225044145699,-21.05187527402,4.8820786939586185,-0.36742453725083246,13.030928909767333,2.053739047998366,-11.986518589695011,-4.6808798609911735,-5116.936448082641,2533.8531969067717,-8836.978391096705,-74.718,-153.056,-3.6224308625142306e-07,-7.420364277590113e-07,G6V,V,5.860000133514404,5.285123256023283,0.6579999923706055,0.8210898365767271,0.9025840910956674,5749.348819447126,Main sequence,12.920544435795481,,91156,,0.0,2687822.0235729506,0.6843127548591532,1.9551792995975805,1.3604789293033164,0.7739251394240423,,,,4079684229322231040,J18385342-2103065,6279-1723-1,,J18389-2103AB,,1544160,,4289.01,,18358-2105,11091,15715,,37.135,5.860000133514404,6.51800012588501,4.789000034332275,4.309000015258789,4.2270002365112305,V,B-V,0.6636677245789733
90979,91262,172167,7001,721,* alf Lyr,Vega,Vega,279.234734787025,38.783688956244,4.873565507966733,0.6769030683558208,7.678722260615834,0.9605809997690973,-5.9081097129387015,4.809812815322351,6170.545620098091,7625.873236643884,8113.3145105661915,200.94,286.23,9.741846108215015e-07,1.3876821994398248e-06,A0V,V,0.029999999329447746,0.6035552021212593,0.0,2.5068664206616336,2.7774386824120927,10125.237191650855,,0.7778373632070944,,90979,,0.0,1583850.1574138065,6.479899133029578,18.51399752294165,12.882656609713566,7.32845735283107,alf,,Lyr,,J18365633+3847012,3105-2070-1,J18369+3847A,J18369+3846A,11510 A,157587146,46746,4293.00,699,F18352+3844,11085,15681,,-13.5,0.029999999329447746,0.029999999329447746,-0.1770000010728836,-0.028999999165534973,0.1289999932050705,V,B-V,59.50835143741139
89684,89962,168723,6869,711,* eta Ser,Leviathan,,275.3275020516146,-2.8988279698980564,4.805371432092118,-0.05059409252362416,19.068939938559875,1.76825738991222,-18.962271434112687,-0.9643641648561612,-49700.7670832269,-1426.1900830589973,-63273.62016126186,-548.903,-700.854,-2.6611568400206762e-06,-3.3978360766034274e-06,K0III-IV,III,3.25,1.8483672457374984,0.940000057220459,6.054555025155069,2.0852747063719725,4891.5723628666055,,1.5925453613535636,,89684,,0.0,3933251.1970527046,3.652631304869161,10.436089442483317,7.261778903727975,4.130952070982979,eta,,Ser,4269932382606282112,J18211862-0253554,5102-416-1,J18214-0253A,J18213-0254A,,168775356,46332,4215.00,688,18186-0255,10825,15365,,9.38,3.25,4.190000057220459,1.4900000095367432,1.0369999408721924,1.0499999523162842,V,B-V,18.908326883943015
8087,8102,10700,509,71,* tau Cet,Tau Ceti,,26.01701307163417,-15.93747989102139,0.45408253963441964,-0.2781614985687103,3.652171562950472,3.1559177905806637,1.5404041411688265,-1.0028435103197733,16713.28391242232,-25011.813131755916,14237.579898003263,-1721.728,854.963,-8.347172895493591e-06,4.144977592424521e-06,G8V,V,3.5,5.687244147073397,0.7199997901916504,0.7363673503585035,0.8227645766599943,5534.19739547371,Main sequence,16.285872737516215,,8087,,0.0,753314.458910696,0.5686309008294597,1.624659716655599,1.1304923861728542,0.6430944711761746,tau,,Cet,2452378776434276992,J01440402-1556141,5855-2292-1,J01441-1557A,J01441-1556A,,419015728,5787,365.00,59,01416-1611,979,1733,,-16.597,3.5,4.21999979019165,2.140000104904175,1.7200000286102295,1.6799999475479126,V,B-V,0.4582498602297659
119198,,165341B,,702 B,*  70 Oph B,Valo,,271.3644289008066,2.498946996844167,4.736202757113133,0.04361485292775506,5.105784189735025,0.12146089657317365,-5.09948241705748,0.22261743164761735,8091.259566491591,-925.0525583512106,-25834.0898861829,333.292,-1068.354,1.6158452140435944e-06,-5.179526354680972e-06,K4V,V,6.070000171661377,7.5296879007420445,1.190000057220459,0.5650043601551593,0.5636781622616583,4328.442301395821,Main sequence,41.92006768389072,B,88327,88327,0.002159,1053143.585373562,0.26689577931297154,0.762559369465633,0.5306142279198363,0.30184641708014637,,70,Oph,4468557611977674496,,434-5212-1,J18055+0230B,J18055+0230B,11046 B,1674663308,45900,,,,10532,,,-10.0,6.070000171661377,7.260000228881836,,,,V,B-V,0.10095430415969162
88327,,165341A,,702 A,*  70 Oph A,Narion,,271.36353505499625,2.500146281931389,4.736187156560736,0.04363578440119715,5.113326658737602,0.12156054012525998,-5.107012807471989,0.2230532186680704,5032.2945854415575,-1041.862819869811,-26820.002493985852,206.525,-1107.492,1.001261454911469e-06,-5.369272733193621e-06,K0V,V,,,,,,,,73.61540666665975,A,88327,119198,0.002159,1054699.3312791397,,,,,,70,Oph,4468557611977678336,,434-5213-1,J18055+0230A,J18055+0230A,11046 A,1674663309,45899,,,,10531,,,-9.73,,,,,,None,,
87902,88175,164259,6710,9611,* zet Ser,Schrodinger,,270.12087522471666,-3.6902715468230562,4.714498651040083,-0.06440738878472642,22.99786349848099,0.04841728290409602,-22.950127760400814,-1.4802084457130928,16860.31480953758,408.3035854653846,-4991.389666434783,154.66,-45.909,7.498128392040083e-07,-2.2257311286057685e-07,F2V,V,4.616000175476074,2.8075627158051857,0.365999698638916,1.7010437196869825,1.596775014631812,7066.629351170592,Main sequence,3.1037782035807817,,87902,,0.0,4743649.852928663,2.141739975776036,6.119257073645817,4.257983047078548,2.4222059249848025,zet,,Ser,4177224620176470912,J18002899-0341250,5100-600-1,,,,104572330,,4109.00,,17578-0341,10438,14898,,-50.7,4.616000175476074,4.98199987411499,3.927999973297119,3.6649999618530273,3.6389999389648438,V,B-V,6.500921377320203
87665,87937,,,699,NAME Barnard's star,Barnard's Star,Barnard Star,269.4520769586187,4.693364966576667,4.702825919265045,0.08191467166451645,1.828234114153841,-0.01742462446842032,-1.8220204884328526,0.14959177233030865,-6875.154574116021,7524.170827091351,89497.499440956,-801.551,10362.394,-3.886028909070296e-06,5.0238303802473686e-05,M4V,V,9.51099967956543,13.200840637305804,1.7290000915527344,0.09719676704670165,0.18789530841281152,3478.694966957273,Main sequence,653.4466853620013,,87665,,0.0,377100.35487852385,0.029655903415778263,0.08473115261650933,0.058958760362321075,0.033539414577368275,,,,4472832130942575872,J17574849+0441405,425-2502-1,J17578+0441A,,,325554331,45718,4098.00,,17553+0438,10392,14849,,-110.11,9.51099967956543,11.239999771118164,5.24399995803833,4.829999923706055,4.52400016784668,V,B-V,0.0012464180943962146
86705,86974,161797A,6623,695 A,* mu.01 Her,Andromas,,266.61478040032705,27.720711383034715,4.653305752467352,0.48381768462902675,8.338558830200258,-0.4358694604820118,-7.3686251752061125,3.8787812783719193,-13153.410353403127,-13447.664426427944,-27063.19860721793,-312.087,-773.179,-1.5130404729643174e-06,-3.748477571465899e-06,G5IV,IV,3.4200000762939453,3.8145450905965523,0.75,1.807852143216986,1.2663259041011532,5436.136574148009,Subgiant,5.541614010763547,,86705,,0.0,1719951.2194308431,1.3470082881339867,3.8485951089542474,2.677980763313997,1.523402230627723,,01,Her,4594497769763697792,J17462752+2743142,2085-3062-1,J17465+2744A,J17465+2743A,10786 A,460067868,45435,4060,667,17444+2744,10285,14673,,-17.78,3.4200000762939453,4.170000076293945,2.140000104904175,1.809999942779541,1.75,V,B-V,2.571472970949055
86469,86736,160915,6595,692,*  58 Oph,Feynman,,265.857473075892,-21.68319414243306,4.640088246206492,-0.3784431301346052,17.16923890480859,-1.1525072604548632,-15.912678748395566,-6.343590988970828,-7798.547770459875,1900.3018228315939,-3378.036644790204,-97.253,-44.614,-4.71495849289457e-07,-2.1629477569020834e-07,F5V,V,4.861000061035156,3.687244842297541,0.45200014114379883,1.2946574476157984,1.3039937678015734,6614.917029053035,Main sequence,5.1500472144841725,,86469,,0.0,3541409.7318679965,1.4283357870308886,4.080959391516824,2.8396675765971238,1.6153797591420762,,58,Oph,4117290138348536064,J17432580-2140593,6260-2072-1,,,,238115675,,4034.00,1463,17404-2139,10236,14624,,10.36,4.861000061035156,5.313000202178955,4.080999851226807,3.7869999408721924,3.877000093460083,V,B-V,2.8913592977794043
85769,86032,159561,6556,681,* alf Oph,Rasalhague,Rasalhague,263.73362272030505,12.560037391671425,4.603020064681847,0.21921400665826699,14.896469536719799,-1.5870531901172416,-14.453103525314962,3.2394236087131136,7213.268628532556,-4226.523701499539,-15269.461763278148,108.07,-221.57,5.239381451750754e-07,-1.0742016732343988e-06,A5IVnn,,2.069999933242798,1.2045831691673996,0.15000009536743164,2.6524089216898745,2.418475449274392,8571.321109412325,Subgiant,1.0993748366999023,,85769,,0.0,3072617.3990764194,4.9131797389440965,14.037656396983133,9.767869242900764,5.556572323805823,alf,,Oph,4493746564376875520,J17345606+1233361,1000-2508-1,J17349+1234A,J17349+1234AB,,289643770,45084,4000.00,656,17326+1235,10159,14516,,11.7,2.069999933242798,2.2200000286102295,1.8329999446868896,1.718000054359436,1.6829999685287476,V,B-V,34.211075888847475
119159,,158614B,,678 B,HD 158614B,Beta Marae,,262.5989715355675,-1.06258464607,4.583216665646523,-0.018545600655060123,17.093724893591563,-2.2015221241321705,-16.948399484993256,-0.3169952236687593,,,,-120.599,-208.539,-5.846804512812893e-07,-1.0110256024490152e-06,,,6.089000225067139,4.924816674347274,0.7309999465942383,1.0123029194686732,0.9583371690605155,5497.805992378168,,11.12254492518266,,85407,85407,0.0,3525833.848994035,0.7714645088664553,2.204184311047015,1.5337449164368813,0.8724896231227768,,,,4373199678620639744,,5080-2188-2,J17304-0104B,J17304-0104B,10598 B,,,,,,,,,,6.089000225067139,6.820000171661377,,,,V,B-V,0.8434771661572578
85407,,158614A,,678 A,HD 158614A,Alpha Marae,,262.59916623889455,-1.0630216316233334,4.583220063860645,-0.018553227491749442,16.470882773433125,-2.121249715669484,-16.330857468217175,-0.3055705036869926,,,,-138.312,-144.42,-6.705554986162214e-07,-7.001679182583917e-07,,,5.980999946594238,4.897415565391284,0.7090001106262207,0.9983590808075632,0.9644027574623287,5571.105459654328,,10.948481562579332,,85407,119159,0.0,3397363.439910926,0.7812610500247923,2.2321744286422636,1.5532213732635751,0.883569044670896,,,,4373199682919087616,,5080-2188-1,J17304-0104A,J17304-0104A,10598 A,,,,,,,,,,5.980999946594238,6.690000057220459,,,,V,B-V,0.8650351874799335
85264,85523,,,674,CD-46 11540,Sakharov,,262.16643990898785,-46.89519113774277,4.575667564643701,-0.818475488705677,4.552774164645615,-0.424025997879401,-3.082038224925638,-3.3240028470932717,14133.4749299857,12063.870137015669,-12984.66049602834,572.568,-880.583,2.7758879976552477e-06,-4.269186857524785e-06,M3V,V,9.406999588012695,11.115619047300584,1.565999984741211,0.22483421017117558,0.3036953171027938,3696.8618473777547,Main sequence,196.74547913617076,,85264,,0.0,939077.0798324399,0.07747391032933984,0.22135402951239955,0.154025512202378,0.08761930334865815,,,,5951824121022278144,J17283991-4653424,8346-37-1,,,,218263393,44819,3958.00,,17248-4651,,,,-2.904,9.406999588012695,10.972999572753906,5.710999965667725,5.1539998054504395,4.855000019073486,V,B-V,0.0085065288856556
84604,84862,157214,6458,672,* w Her,Nemeria,,260.1648643743333,32.46774387746111,4.540733481336614,0.5666690313559267,14.586296174743827,-2.102096817364042,-12.125505068869241,7.83028427916897,2663.885138103475,-39610.2166559021,-60769.280012618445,135.81,-1040.953,6.584254603148607e-07,-5.046682557920148e-06,G0V,V,5.389999866485596,4.570274728155776,0.6200003623962402,1.0872259953917573,1.06407570426698,5890.320632506188,,8.56187103784308,,84604,,0.0,3008639.5507420776,0.9510959677054661,2.7174170505870463,1.8908693643668195,1.0756442491907057,w,,Her,1333760419707327744,J17203955+3228056,2596-1317-1,J17206+3229A,J17207+3228A,10488 A,9728611,44643,3946.00,1456,17187+3231,10019,14326,,-78.608,5.389999866485596,6.010000228881836,4.159999847412109,3.9049999713897705,3.9100000858306885,V,B-V,1.2820061504897917
119147,,,,670 B,* ksi Oph B,Zeta Ophiuchi,,260.2522311212784,-21.111963130246668,4.542258318727562,-0.3684732681824528,17.492242190588474,-2.762841639206144,-16.082543442418494,-6.300558654087267,,,,237.822,-192.809,1.1529935926883206e-06,-9.347644104104852e-07,K3?,,,,,,,,,41.36955347678645,B,84636,84636,0.04239,3608033.941946747,,,,,ksi,,Oph,4115142276696646272,,,J17210-2107B,J17210-2107B,,,,,,,,,,,,,,,,None,,
84636,84893,156897,6445,670 A,* ksi Oph,Xi Ophiuchi,,260.251560504735,-21.112936391930834,4.542246614260861,-0.36849025480332503,17.518657370099156,-2.7671842013080514,-16.1066917952347,-6.310350787419021,22761.562477982883,2246.8284811701005,-15691.357212061828,265.543,-202.584,1.2873887932286951e-06,-9.821549477389423e-07,F2V,V,4.38700008392334,3.1694959900315443,0.36499977111816406,1.4375893536957376,1.4690967602263865,7072.277604539667,Main sequence,3.82273328048592,,84636,119147,0.04239,3613482.4638239727,1.8129260443624382,5.1797886981783945,3.6042696358157995,2.0503330263622814,ksi,,Oph,4115142276696645632,J17210038-2106463,6246-664-1,J17210-2107A,J17210-2107A,,75899957,44619,3935.00,,17180-2103,10009,14338,,-8.93,4.38700008392334,4.751999855041504,3.3550000190734863,3.135999917984009,3.066999912261963,V,B-V,4.65802273572511
119144,,156384C,,667 C,HD 156384C,Oborum Proxima,,259.7451137490841,-34.99683685371723,4.53340745088871,-0.6108100308806588,7.242897071914,-1.0562838215630979,-5.83848248220016,-4.154027538147323,38984.52063431887,-2744.377956211372,-6066.844370353226,1131.517,-215.569,5.485749220080188e-06,-1.0451080042310155e-06,M1.5V,V,10.220000267028809,10.920438699383233,1.5699996948242188,0.2467385742466896,0.3176553177254984,3691.16897654127,Main sequence,175.83676084274833,,84451,119220,0.000739,1493954.7594163094,0.08476011673860134,0.24217176211028954,0.16851118446840982,0.09585965583532295,,,,5975663354131618304,J17185868-3459483,,J17190-3459C,J17190-3459C,,154385809,44534,,,,26163,,,6.368,10.220000267028809,11.789999961853027,6.8480000495910645,6.322000026702881,6.035999774932861,V,B-V,0.010181799021458798
119220,,156384A,,667 A,HD 156384A,Oborum Prime,,259.7350633,-34.9895783,4.533232037460888,-0.6106833452193602,,,,,,,,,,,,K3,,6.369999885559082,,1.1500000953674316,,,4409.233835968339,,41.36955347678645,,84451,119144,0.000739,,,,,,,,,,,7370-850-1,J17190-3459A,J17190-3459A,,,,,,,,,119220,,6.369999885559082,7.519999980926514,,,,V,B-V,
119135,,155885,6401,663 B,*  36 Oph B,Indum,,258.83743260923,-26.602825956905555,4.517565426440001,-0.46430690328301305,5.947767891926678,-1.0295473807935185,-5.217482032695352,-2.663429429407941,-10097.228919147688,16678.475157495515,-28769.173611568065,-465.861,-1141.168,-2.2585578629536952e-06,-5.532538588444069e-06,K1V,V,5.03000020980835,6.158230149313235,0.8499999046325684,0.7551479450607407,0.772995534515732,5134.371452337879,Main sequence,19.03520408000923,B,84147,84147,0.051917,1226815.1903612853,0.5019185609602602,1.4340530313150293,0.9978619009567078,0.5676459915621991,,36,Oph,4109030160308317312,,6820-326-2,J17155-2635B,J17153-2636B,10417 B,1277142190,44416,3908.00B,,,9942,14248,,0.1,5.03000020980835,5.880000114440918,,,,V,B-V,0.35703265566385844
84147,,155886,6402,663 A,*  36 Oph A,Guniibuu,,258.8365985355513,-26.601699224429723,4.517550869108103,-0.46428723809152067,5.9522711188067365,-1.030413038910223,-5.221468763417287,-2.6653413278006526,-10991.5882954297,16968.13305798612,-28993.05632637246,-498.6,-1149.158,-2.417281014012146e-06,-5.571275201564721e-06,K2V,V,5.079999923706055,6.206586400801818,0.8499999046325684,0.738517506377958,0.764436402357955,5134.371452337879,Main sequence,19.57251345097183,A,84147,119135,0.051917,1227744.0475800745,0.4908649311299775,1.4024712317999357,0.9758862321274552,0.5551448625874745,,36,Oph,4109030160308320128,,6820-326-1,J17155-2635A,J17153-2636A,10417 A,1277142191,44415,3908.00A,,,9941,14249,,0.62,5.079999923706055,5.929999828338623,,,,V,B-V,0.3414801312545883
83865,,,,660 A,G  19-15A,Lunara,,257.9659082093625,-1.8529270178119446,4.5023544561508455,-0.03233967725997805,,,,,,,,,,,,,,,,,,,,,,,83865,,0.0,,,,,,,,,4367834134891584512,,,,J17119-0151A,,,,,,,,,,,,,,,,None,,
83344,83601,154417,6349,9583,V* V2213 Oph,Heisenberg,,256.3200777545058,0.7025615310136109,4.473629295784,0.012262011914039764,20.59002783771764,-4.869127706327659,-20.004427040592464,0.2524688398053152,-1708.5232761548118,21.191564277779616,-32637.43245281411,-17.059,-334.401,-8.270436586047574e-08,-1.6212217977670993e-06,F8.5IV-V,IV,6.590000152587891,5.0217154836650515,0.6669998168945312,2.0259590168523096,0.9813602245373978,3979.6002197265625,Subgiant,10.481631105630731,,83344,,0.0,4246998.097481429,0.8089770278554371,2.3113629367298203,1.6083233768078333,0.9149144957888873,,2213,Oph,4381502851133968128,J17051682+0042090,398-1908-1,,,,297236135,44139,3881.00,,17027+0046,9855,14137,,-16.748,,6.590000152587891,5.302999973297119,4.702000141143799,4.636000156402588,B,J-K,0.9274997613347743
83021,83276,153631,,650,HD 153631,Masada,,255.29481975039496,-13.567113177416388,4.4557351679298405,-0.23679079493662555,50.87686272913667,-12.554478736183404,-47.83720529782257,-11.934907377776781,-882.0483505996766,18818.363207438444,-74854.18045828548,-23.344,-319.192,-1.1317490571821008e-07,-1.54748648500715e-06,G0V,V,7.119999885559082,3.5873982699036695,0.619999885559082,1.7096013483709291,1.3343205448444053,5890.322448052482,,4.862387513465527,,83021,,0.0,10494106.220714007,1.4955455057708513,4.2729871593452895,2.9732868983777636,1.691390750574177,,,,4140792817780067200,J17011074-1334011,5655-99-1,,,,434710990,44008,3861.00,5499,,,,,83.21,7.119999885559082,7.739999771118164,5.964000225067139,5.663000106811523,5.579999923706055,V,B-V,3.169864455543355
82337,82588,152391,,641,HD 152391,Tidacha,,253.24501048327,-0.02642177669888889,4.419959247180618,-0.0004611469976223295,16.81223258042552,-4.846624104534494,-16.098488718511696,-0.007752910303007,-54320.326459862874,16363.550993386069,-118257.40243640722,-711.832,-1483.821,-3.451058922515632e-06,-7.193767211176327e-06,G8.5Vk:,,6.639999866485596,5.511872919461495,0.7600002288818359,0.8371523334612337,0.8566683225082489,5404.266838749797,Main sequence,14.722048016501665,,82337,,0.0,3467771.891628349,0.6164597164228416,1.761313475493833,1.2255806266977922,0.6971865840496423,,,,4381250547575102208,J16525877-0001356,5051-1354-1,,,,326927305,43724,3837.00,,16504+0003,9702,13945,,45.122,6.639999866485596,7.400000095367432,5.235000133514404,4.941999912261963,4.835000038146973,V,B-V,0.5385807567632233
119106,,,,635 B,* zet Her B,McClure,,250.31915796740543,31.604519240231113,4.368893487351022,0.5516029192519296,,,,,,,,,,,,K0V,V,,,,,,,,73.61540666665975,B,81444,81444,0.08043,,,,,,zet,,Her,1312665361414730624,,2582-3158-2,J16413+3136B,J16413+3136B,10157 B,,,,,,,,,,,,,,,None,,
81444,,,,635 A,* zet Her A,Bradbury,,250.31919789825204,31.60458387836,4.368894184275768,0.551604047400101,,,,,,,,,,,,,,2.880000114440918,,0.6399998664855957,,,5815.2141520103805,,,A,81444,119106,0.08043,,,,,,zet,,Her,1312665361415345920,,2582-3158-1,J16413+3136A,J16413+3136A,10157 A,,,,,,,,,,2.880000114440918,3.5199999809265137,,,,V,B-V,
79431,79672,146233,6060,616,*  18 Sco,Jaffa,,243.90529281485533,-8.369439479286111,4.256950422660093,-0.1460742754599424,14.136853221294059,-6.151959731089641,-12.560649005458338,-2.0576945908326874,16096.933534588674,-2516.3346786696266,-32846.07757739636,232.23,-495.378,1.1258828116406753e-06,-2.401660317206797e-06,G2Va,,5.5,4.748236255636949,0.6500000953674316,1.0408464737804723,1.0213541889426552,5778.423382587899,Main sequence,9.485474566768437,,79431,,0.0,2915935.2871406944,0.8762580785873956,2.5035945102497017,1.742084513382084,0.9910061603071736,,18,Sco,4345775217221821312,J16153726-0822096,5613-1378-1,J16156-0822A,J16156-0822A,,135656809,42344,3687.00,,16129-0814,9353,13483,,11.764,5.5,6.150000095367432,4.666999816894531,4.1620001792907715,4.190000057220459,V,B-V,1.0881919221792438
79252,,145958A,,9548 A,*  49 Ser A,Sparta,,243.32687380257198,13.526901504514443,4.246855106439615,0.23608896884675165,24.313921908545613,-10.611751261277943,-21.123795679342585,5.687072167733396,13338.90967253658,-19390.5545961215,-47055.19241145673,178.934,-419.941,8.67496512156537e-07,-2.035931420588196e-06,G9V,V,7.340000152587891,5.410725065104703,0.7799997329711914,0.897732822573498,0.8768544159645266,5341.709475081673,Main sequence,13.889329032043436,A,79252,,0.0,5015106.385565311,0.6458538801090524,1.8452968003115784,1.28401902355014,0.7304299834566664,,49,Ser,4464207428579939840,J16131843+1331379,958-1468-1,J16134+1331A,J16133+1332A,9969 A,119985828,42273,3681,,,9334,,,18.37,7.340000152587891,8.119999885559082,5.590000152587891,5.23799991607666,5.171999931335449,V,B-V,0.5911667154930815
77022,77257,141004,5868,598,* lam Ser,Kryx,,236.61089255068003,7.353068716340001,4.12963912109189,0.128335259225526,11.915911793654537,-6.50366114128252,-9.867401212406135,1.5250373591925417,-10803.78135037591,6595.6608559084625,-3916.7945287872053,-223.952,-69.763,-1.085749935118428e-06,-3.382205683524456e-07,G0-V,V,4.420000076293945,4.0393636776267865,0.6100001335144043,1.3704603827854707,1.2024406016741678,5928.662279892813,,6.3072626927206095,,77022,,0.0,2457833.2344312654,1.2145252564658089,3.470072161330883,2.4145918789260725,1.3735702305268078,lam,,Ser,4430238051199001216,J15462661+0721109,364-1224-1,,,,296740796,41151,3570.00,,15440+0730,9096,13090,,-66.395,4.420000076293945,5.03000020980835,3.430000066757202,3.069999933242798,2.989000082015991,V,B-V,2.0905209730631222
76835,77070,140573,5854,9528,* alf Ser,Serpentis,Unukalhai,236.0669754565879,6.425630220244722,4.120145976942103,0.11214840385891879,22.755717373990215,-12.622975095565167,-18.761600114264194,2.5466711790303083,12291.66729509489,-7610.319920413632,4883.032681889006,133.922,45.55,6.492721780155127e-07,2.2083263174539361e-07,K2IIIbCN1,,2.630000114440918,0.8445474584820944,1.1699998378753662,12.052830947702457,2.627515303333282,4368.44672786617,Bright giant,0.8935870465624834,,76835,,0.0,4693703.629536921,5.799222802170493,16.56920800620141,11.529407237648481,6.558644835788058,alf,,Ser,4429785739602747392,J15441605+0625324,363-1135-1,J15442+0626A,J15443+0626A,9765 A,296856546,,3557.00,582,15418+0634,9079,13072,,2.63,2.630000114440918,3.799999952316284,0.8309999704360962,0.289000004529953,0.15000000596046448,V,B-V,47.66296075568904
119039,,,,9527 B,* psi Ser B,Copernicus Minor,,236.00775777954,2.5158114040300004,4.119112433502234,0.043909192359544845,,,,,,,,,,,,,,,,,,,,,,B,76816,76816,0.012738,,,,,,psi,,Ser,4423865487962417152,,,J15439+0230B,J15440+0231B,9763 B,,,,,,,,,,,,,,,None,,
76816,77052,140538,5853,9527 A,* psi Ser,Copernicus,,236.00757736823,2.51516683165,4.119109284730867,0.04389794244924643,14.792746228959167,-8.262409411693916,-12.253020837676386,0.6491625831837236,-2713.0771189728434,1298.5760468604017,-9586.115198393685,-42.431,-136.845,-2.057112930315872e-07,-6.634432819143445e-07,G2.5V,V,4.300000190734863,3.4497561559876697,0.28999996185302734,3.217376617540103,1.3772867974635403,4432.000045776367,Main sequence,4.4919926708833335,,76816,119039,0.012738,3051222.9311234946,1.593411894872595,4.5526054139217,3.1678546005205166,1.8020729763440064,psi,,Ser,4423865487962417024,J15440182+0230548,355-1288-1,J15439+0230A,J15440+0231A,9763 A,459427073,,3556,3248,15415+0240,9078,13065,,19.072,,,4.590000152587891,4.039999961853027,4.300000190734863,K,J-K,3.598301398414788
75493,75722,137778,,586 B,HD 137778,Delta Vulpes,,232.05087894919376,-9.3578623622225,4.050051869810231,-0.16332550916923685,20.684576752190498,-12.550937315293973,-16.093904746528484,-3.3633194814779,9874.266756228099,-497.94964093234915,-34511.655833366916,82.532,-356.698,4.001264272933222e-07,-1.7293207042440925e-06,K1V,V,7.5320000648498535,5.9537668709060565,0.9170002937316895,0.8922040626989038,0.8102579724280375,4951.280572962446,Main sequence,16.9216114135216,,75489,75489,0.092946,4266500.210982683,0.5514751047818832,1.5756431565196662,1.0963850297449345,0.6236920827890345,,,,6317854118838346752,J15281221-0921279,5595-1154-1,J15282-0921B,J15282-0921B,,37149743,40296,,,,8937,12893,,7.56,7.5320000648498535,8.449000358581543,5.99399995803833,5.550000190734863,5.460999965667725,V,B-V,0.43101586053598234
75489,75718,137763,,586 A,HD 137763,Gamma Vulpes,,232.040075594818,-9.3479888311439,4.049863315706114,-0.16315318354311728,19.553362102846773,-11.867746873725368,-15.211942807472735,-3.176058829493682,8849.65755644879,254.87640887847317,-34330.60309554852,73.584,-375.345,3.5674529910764096e-07,-1.8197239113605878e-06,G9V,V,6.882999897003174,5.426892682416731,0.8210000991821289,0.9337691787111485,0.8735961909546115,5218.1587427056575,Main sequence,14.019198034320677,,75489,75493,0.092946,4033170.440791442,0.6410630560743411,1.8316087316409744,1.274494409100178,0.7250117896078857,,,,6317854874752594048,J15280961-0920525,5595-1153-1,J15282-0921A,J15282-0921A,,37149737,40292,3491,,15254-0910,8936,12892,,6.82,6.882999897003174,7.703999996185303,5.436999797821045,5.052000045776367,4.890999794006348,V,B-V,0.5824289142054617
72955,73182,131976,,570 C,HD 131976,Aranae,,224.3605554166666,-21.411549388888883,3.915830403624031,-0.37370203478949077,5.925223677193814,-3.9438860794833475,-3.8568233232965285,-2.16308854874496,31171.21424740167,-7302.272104211364,-43884.29125319734,961.78,-1677.83,4.662841022175295e-06,-8.134349385760126e-06,M1.5V,V,8.0649995803833,9.201475832341853,1.4940004348754883,0.5131058341663327,0.4719026506597049,3802.552884872095,Main sequence,65.3685660298009,,72957,72957,0.084791,1222165.1122829886,0.18706137382771057,0.534461068079173,0.37189582653842457,0.21155750611467267,,,,6232511675556408320,J14572643-2124384,6180-1230-1,J14574-2124B,J14575-2125B,9446 B,287157635,38871,,,,8667,12541,,25.9,8.0649995803833,9.559000015258789,4.550000190734863,3.9100000858306885,3.799999952316284,V,B-V,0.049591776613251815
72957,73184,131977,5568,570,HD 131977,Olympus,,224.36666996615494,-21.41547979591945,3.9159371226448783,-0.37377063333311766,5.886359127947668,-3.9175031506864704,-3.8318407826041527,-2.149276404817678,32662.163544674386,-8313.80246930439,-44785.21989639311,1031.472,-1723.619,5.000717372814152e-06,-8.356340722203372e-06,K4V,V,5.71999979019165,6.870766015366151,1.1100001335144043,0.7101936837823951,0.6560295445855576,4493.257605873131,Main sequence,28.687420797043984,,72957,72955,0.084791,1214148.723572455,0.3615148012300726,1.0328994320859217,0.7187258548264539,0.4088560252006774,,,,6232511606838403968,J14572788-2124526,6180-855-1,J14574-2124A,J14575-2125A,9446 A,287157634,38872,3375,1391,14545-2112,8668,12542,,26.987,5.71999979019165,6.829999923706055,3.8299999237060547,3.2300000190734863,3.0999999046325684,V,B-V,0.18522243694503818
118988,,131156B,,566 B,* ksi Boo B,Maheo,,222.84601533759,19.10191326331,3.8893966925907284,0.33339127987513406,6.74858094214239,-4.675507102526555,-4.3365471140855885,2.2084694234213793,1502.573678105898,-4426.0315496424255,-5502.881796848744,133.376,-182.059,6.466250953166546e-07,-8.826469396912101e-07,K5Ve,,6.815999984741211,7.669937678947274,1.1649999618530273,0.5176076836631269,0.5457656927469543,4378.568992501207,Main sequence,45.444823364042435,B,72432,72432,0.012462,1391994.7388062975,0.2502025607588328,0.7148644593109509,0.49742651960386997,0.2829671818105847,ksi,,Boo,1237090738916392832,,1481-722-2,J14513+1906B,J14514+1906B,9413 B,1101124559,,,,,8635,12490,,2.29,6.815999984741211,7.980999946594238,,,,V,B-V,0.08872069360866983
72432,,131156A,,566 A,* ksi Boo A,Cheyenne,,222.84745194146,19.10044994484,3.889421766058307,0.33336574014982734,6.753585309601235,-4.6789067633017005,-4.339918554173267,2.2099441118575442,2462.5833716404763,-3281.9713610670638,-1226.8308301276968,127.468,-40.569,6.179823030367033e-07,-1.9668406228932764e-07,G7Ve,,4.675000190734863,5.527328240064847,0.7249999046325684,0.7974212549015172,0.8536250988021218,5517.592145077337,Main sequence,14.85361147849085,A,72432,118988,0.012462,1393026.9636893487,0.612087679816143,1.7488219423318372,1.2168886015392366,0.6922420188396855,ksi,,Boo,1237090738916392704,,1481-722-1,J14513+1906A,J14514+1906A,9413 A,1101124558,,,,,8634,,,1.49,4.675000190734863,5.400000095367432,,,,V,B-V,0.5309684350661978
72341,72567,130948A,5534,564 A,HD 130948,Freya,,222.56587910560998,23.91184283892,3.8845073929885463,0.41734038775858207,18.19829591157084,-12.252665046132327,-11.253443838254071,7.376325313572096,9243.397002739212,-8423.95405006904,2495.857385560124,144.396,31.661,7.000515629749254e-07,1.5349685957609017e-07,F9IV-V,IV,5.867000102996826,4.566846490228251,0.5889997482299805,1.045675554988043,1.0649159969742,6010.951109720789,Subgiant,8.544991254210931,,72341,,0.0,3753667.975730752,0.9525987077137054,2.7217105934677295,1.893856954621295,1.0773437765809761,,,,1265976524286377856,J14501581+2354424,2016-334-1,,J14503+2355A,,198304072,,3352.10,3172,14480+2407,8622,12476,,-2.61,5.867000102996826,6.455999851226807,5.0,4.690000057220459,4.458000183105469,V,B-V,1.2860605129504272
72377,72603,130819,5530,9498,* alf01 Lib,Foucault,,222.67154950236997,-15.997210427819997,3.886351689333897,-0.27920399309982963,23.938220241201506,-16.919024849081552,-15.596878945484576,-6.597147385979064,-4076.432085298976,7586.8582338559745,-7397.170446410232,-73.505,-67.871,-3.563622962995644e-07,-3.2904789350585314e-07,F3V,V,5.159999847412109,3.2645405556896074,0.4100003242492676,1.4764866038028728,1.437295098144902,6827.434012835564,Main sequence,4.037710143914156,,72377,,0.0,4937612.354036702,1.7352864472871448,4.957961277963271,3.449914722582776,1.9625263391937948,,01,Lib,6309706875115188224,J14504122-1559498,6155-1209-1,J14508-1602B,J14509-1603B,,386886976,,3350.00,1387,14479-1547,8619,12481,,-23.47,5.159999847412109,5.570000171661377,4.389999866485596,4.190000057220459,4.139999866485596,V,B-V,4.267600700309583
119223,71681,128621,5460,559 B,* alf Cen B,Toliman,Toliman,219.89609628987276,-60.83752756558407,3.837910892540767,-1.0618151647922525,1.3474909718104888,-0.5037615491906811,-0.42115171996020173,-1.176684940603195,-18236.370977833365,14847.358978944281,2519.133247452088,-3614.39,802.98,-1.7523057208654956e-05,3.892956896573352e-06,K1V,V,1.3300000429153442,5.682370722437868,0.8799999952316284,0.9715940859617875,0.8625075944412387,5050.644709240999,Main sequence,14.474137054454406,B,71456,71456,0.000123,277939.96388724196,0.6248922543938022,1.7854064411251491,1.2423453152829163,0.7067233829453715,alf,,Cen,,,9007-5848-1,J14396-6050B,J14396-6050B,,471011144,37985,,,,8518,,119223,-22.586,1.3300000429153442,2.2100000381469727,-0.009999999776482582,-0.49000000953674316,-0.6000000238418579,V,B-V,0.5534160000019395
71456,71683,128620,5459,559 A,* alf Cen A,Alpha Centauri,Rigil Kentaurus,219.90205833170774,-60.83399268831004,3.838014949800929,-1.0617534695451667,1.3474909718104888,-0.503773412957926,-0.4212507055185516,-1.1766444282822321,-17097.19011557349,16339.393598734943,1487.8587154476415,-3679.25,473.67,-1.78375073622226e-05,2.296416963311539e-06,G2V,V,0.009999999776482582,4.362370679299007,0.7100000288337469,1.3391289163190436,1.116253753032731,5567.7286400865105,Main sequence,7.596134918222611,A,71456,119223,0.000123,277939.96388724196,1.0466588505741121,2.990453858783177,2.0808574767366275,1.1837213191016742,alf,,Cen,,J14393592-6050069,9007-5849-1,J14396-6050A,J14396-6050A,,471011145,37984,3309,,,8517,12354,,-15.252,0.009999999776482582,0.7200000286102295,-1.4539999961853027,-1.8860000371932983,-2.007999897003174,V,B-V,1.5525719238734714
70096,70319,126053,5384,547,HD 126053,Hyla,,215.81368656076452,1.2415670193588888,3.766659401352378,0.021669432371984786,17.460966010483563,-14.15619324260414,-10.214909986670726,0.3783396113624701,10146.664474439143,-15494.715917720569,-39579.46736669321,223.531,-478.275,1.0837088695209568e-06,-2.3187426333266327e-06,G1.5V,V,6.269999980926514,5.05965864621589,0.630000114440918,0.8790968775253609,0.9506795137620755,5852.508984247449,Main sequence,11.347878090548269,,70096,,0.0,3601582.7667249865,0.7591848918249927,2.1690996909285505,1.5093318682711165,0.8586019609925513,,,,3654496279558010624,J14231528+0114294,318-438-1,,J14233+0114A,,446436963,37152,3264.00,,14206+0128,8401,12208,,-19.214,6.269999980926514,6.900000095367432,5.052999973297119,4.814000129699707,4.644000053405762,V,B-V,0.8168391439559609
118959,,125455B,,544 B,HD 125455B,Bannoc Secondus,,214.89935240222871,-5.152311643768056,3.7507012598224767,-0.08992480227259375,20.473888626140653,-16.72398298417581,-11.666531112055274,-1.8386300421933486,-34318.29492927843,50958.01950499399,-11079.030099118792,-632.918,-114.623,-3.0684730542048526e-06,-5.557079856981834e-07,M4.0V,V,14.5,12.943998317589685,1.5,0.09199650270384874,0.1993426228729917,3793.5064935064934,,563.6371099582392,,69793,69793,0.099719,4223042.665536509,0.03337948428686239,0.0953699551053211,0.06636159376078594,0.0377506072291896,,,,3642410791343099008,J14193585-0509080,,J14196-0509B,J14196-0509B,,,36969,,,,,,,-9.5,14.5,16.0,10.486000061035156,9.880000114440918,9.592000007629395,V,B-V,0.0015790674195817645
69793,70016,125455,,544 A,HD 125455,Bannoc,,214.89526362406954,-5.151191700953611,3.7506298971812155,-0.08990525558304763,20.449270472275902,-16.704734730465194,-11.651331546323354,-1.836021141146044,-34231.74689041017,50932.14390926097,-11653.099102299797,-632.951,-120.707,-3.068633042719619e-06,-5.852040500568875e-07,K1V,V,7.568999767303467,6.015610671483083,0.8569998741149902,0.8126654023002566,0.7988016124338985,5114.572860875839,Main sequence,17.53487474062361,,69793,118959,0.099719,4217964.8068055175,0.5359905734626768,1.5314016384647908,1.0656003067650834,0.6061798152256463,,,,3642413746280598784,J14193488-0509041,4982-1062-1,J14196-0509A,J14196-0509A,,203230367,36962,3255,5266,,26146,12176,,-9.766,7.568999767303467,8.425999641418457,6.089000225067139,5.64300012588501,5.540999889373779,V,B-V,0.40715121150913985
69451,69673,124897,5340,541,* alf Boo,Arcturus,Arcturus,213.915300294925,19.1824091615312,3.7335263105388385,0.33479619833344426,11.257458065968704,-8.823449936636822,-5.932533072273561,3.698938316475139,-61656.65086098337,28856.679047091646,-100810.01700328322,-1093.39,-2000.06,-5.300904307883555e-06,-9.696564510399384e-06,K1.5IIIFe-0.5,,-0.05000000074505806,-0.3072016902002499,1.2299999482929707,21.63582007888774,3.425470005247373,4250.69369488885,Bright giant,0.4604681303624468,,69451,,0.0,2322017.4040301703,9.856429595753525,28.161227416438646,19.595520743938557,11.147152519006964,alf,,Boo,,J14153968+1910558,1472-1436-1,J14157+1911A,J14157+1911A,,459832522,36756,3242.00,526,14133+1925,8341,12132,,-5.229,-0.05000000074505806,1.1799999475479126,-2.252000093460083,-2.809999942779541,-2.9110000133514404,V,B-V,137.683112777843
119221,5336,6582,321,53 B,* mu. Cas B,Beta Andraste,,17.06792893936375,54.920155889239716,0.29789155648832105,0.9585375459757872,7.675298051011567,4.216850073329354,1.294689162659354,6.281095095842492,7451.025578502706,134292.13126178167,-32801.12825022409,3468.251,-1564.844,1.6814555343218292e-05,-7.586577800021707e-06,M4V,V,9.8,11.6,1.554,0.29,0.173,3025.0,Main sequence,803.3129019251312,B,5325,5325,0.000275,1583143.863484079,0.08,0.17,0.1,0.15,mu,,Cas,411413822074322432,J01081597+5455148,3673-1929-1,J01080+5455A,J01083+5455A,,252191219,3721,219,1030,01051+5439,646,1137,119221,-96.488899,5.170000076293945,5.860000133514404,4.03000020980835,3.5999999046325684,3.5,V,B-V,0.0062
5325,5336,6582,321,53 A,* mu. Cas A,Alpha Andraste,,17.06792893936375,54.920155889239716,0.29789155648832105,0.9585375459757872,7.675298051011567,4.216850073329354,1.294689162659354,6.281095095842492,7451.025578502706,134292.13126178167,-32801.12825022409,3468.251,-1564.844,1.6814555343218292e-05,-7.586577800021707e-06,G5Vb,Vb,5.17,5.78,0.695,0.789,0.744,5306.0,Main sequence,20.94438734608807,A,5325,119221,0.000275,1583143.863484079,0.95,2.36,0.96,1.66,mu,,Cas,411413822074322432,J01081597+5455148,3673-1929-1,J01080+5455A,J01083+5455A,,252191219,3721,219,1030,01051+5439,646,1137,,-97.09,5.170000076293945,5.860000133514404,4.03000020980835,3.5999999046325684,3.5,V,B-V,0.445
68463,68682,122742,5273,538,HD 122742,Moloch,,210.88475380256915,10.78676163565139,3.6806332961124637,0.1882645061699257,15.117866445744244,-12.744929115005789,-7.623077326072205,2.829374454815287,-308.91006551109234,-7554.0885961112035,-21789.600928881027,88.248,-309.491,4.278383773055433e-07,-1.5004547098027139e-06,G6V,V,6.26800012588501,5.370547603994586,0.7579998970031738,0.8913549790804797,0.8850040122150431,5410.6097978740045,Main sequence,13.571782810276874,,68463,,0.0,3118283.789565346,0.6579149653748483,1.879757043928138,1.3079976097333292,0.744070496554888,,,,3724242219117947904,J14033235+1047121,904-1278-1,,J14035+1047AB,,457880598,36119,3201.00,,14010+1101,8257,12022,,-8.5,6.26800012588501,7.026000022888184,5.389999866485596,4.764999866485596,4.459000110626221,V,B-V,0.6134525250342798
67711,67927,121370,5235,534 B,* eta Boo,Muphrid,Muphrid,208.67116216800866,18.397720717229475,3.64199883379478,0.321100801378027,11.396011396011396,-9.487671925377695,-5.188143735322999,3.596709851524057,-6914.5037437549145,-28.249531165312597,-18262.061926547547,-60.95,-356.29,-2.954939386362622e-07,-1.7273426644251658e-06,G0IV,IV,2.680000066757202,2.3962356924465116,0.5699999332427979,2.770261831096997,1.7554013610683104,6087.54723457096,,2.4493955422138742,,67711,,0.0,2350596.07977208,2.58840450829,7.395441452257144,5.145994677195596,2.9273622415184524,eta,,Boo,1244946371540223872,J13544106+1823514,1470-1157-1,J13547+1824A,J13547+1824A,,367758676,35643,3175.00,513,13522+1838,8204,11935,,5.77111,2.680000066757202,3.25,1.6699999570846558,1.534000039100647,1.4850000143051147,V,B-V,9.495235116972786
67063,67275,120136,5185,527 A,* tau Boo,Shoza,,206.8155757166775,17.456891543222227,3.609612740663654,0.3046802345927819,15.61353381110747,-13.292722097941413,-6.719173368008426,4.683875163595047,-14385.930639569826,31617.865014227908,4476.518430892145,-468.923,63.469,-2.273402857869269e-06,3.0770639526341136e-07,F7IV-V,IV,4.489999771118164,3.5224937308301074,0.49000024795532227,1.4760869371929997,1.354411482238632,6434.591499248499,Subgiant,4.68407060447532,,67063,,0.0,3220522.522522523,1.5409215891046721,4.402633111727635,3.063498873577146,1.7427089400588553,tau,,Boo,1244571953471006720,J13471581+1727249,1460-132-1,J13473+1727A,J13473+1727A,9025 A,72506701,35234,3144,507,13448+1742,8140,11837,,-16.03,4.489999771118164,4.980000019073486,3.619999885559082,3.549999952316284,3.359999895095825,V,B-V,3.3651351243889858
65515,65721,117176,5072,9446,*  70 Vir,Bara,,202.10753579536706,13.778788419113054,3.5274419427214516,0.24048522484918716,18.099187165504397,-16.2859636539162,-6.615539393032731,4.310754279069007,-18527.96205340562,14324.501150115146,-47994.06273777354,-235.951,-575.969,-1.1439227287147612e-06,-2.7923765109497834e-06,G4Va,,4.96999979019165,3.6817044344818752,0.7100000381469727,1.8321272824286128,1.3056583681743499,5567.728608655219,Main sequence,5.1336482557027825,,65515,,0.0,3733225.3294504546,1.431984770482313,4.091385058520894,2.846922103220789,1.6195065856645205,,70,Vir,3740176925743650688,J13282584+1346447,898-1042-1,J13285+1346A,J13284+1347A,,95473936,34214,3076.00,1349,13259+1402,7991,11632,,5.017,4.96999979019165,5.679999828338623,3.799999952316284,3.4570000171661377,3.240000009536743,V,B-V,2.9061513363000038
64720,64924,115617,5019,506,*  61 Vir,Volii,,199.60130827686294,-18.311193819050562,3.4837000207194677,-0.31959062211326705,8.534418456191977,-7.632742365305195,-2.718093684727821,-2.6813259949711856,-1779.3976189287384,45327.10282464948,-40858.46154456271,-1070.202,-1063.849,-5.188485711507876e-06,-5.1576854983469865e-06,G6.5V,V,4.739999771118164,5.084130105124801,0.7000002861022949,0.9488278354861707,0.9453377252838199,5601.696866011756,Main sequence,11.508865808265554,,64720,,0.0,1760350.1671892577,0.750677268469621,2.1447921956274887,1.4924179027907942,0.8489802441025476,,61,Vir,3507879565090229888,J13182443-1818387,6116-1517-1,J13185-1818A,J13184-1819A,,422478973,33614,3039.00,1345,13157-1802,7907,11474,,-7.824,4.739999771118164,5.440000057220459,3.3340001106262207,2.9739999771118164,2.9560000896453857,V,B-V,0.7986342990320459
64587,64792,115383,5011,504,* e Vir,Rutherford,,199.19381191438,9.424155594346109,3.4765878675042403,0.16448254434158271,17.58776735604852,-16.385913614022996,-5.704194586944781,2.879854114105706,-6707.284194560696,27281.21440985027,15708.263215482011,-335.473,191.038,-1.6264190004285935e-06,9.261783601180353e-07,G0IV,IV,5.809999942779541,4.583946381219674,0.35699987411499023,2.072838193726698,1.0854388502479901,4351.600151062012,,8.146791381936943,,64587,,0.0,3627737.421668481,0.98966909800725,2.8276259943064286,1.9675564210382233,1.1192686227462947,e,,Vir,3732539683617410816,J13164653+0925269,891-624-1,J13168+0925A,J13168+0925A,,397587084,33523,3034.00,,13142+0941,7894,11451,,-27.0,,5.809999942779541,4.389999866485596,4.10699987411499,4.0329999923706055,B,J-K,1.3881022159162189
62328,62523,111395,4864,486.1,HD 111395,Ixyll,,192.19603393615247,24.840227400606107,3.3544536014606177,0.43354375508468906,17.098167418416097,-15.166097468927754,-3.2779274698688567,7.182757696974615,-9238.439416121551,25775.467873816968,-7765.018099910966,-334.908,-105.517,-1.6236798031303246e-06,-5.11560851896349e-07,G5V,V,6.980000019073486,5.815252193054008,0.4780001640319824,1.2582910552088826,0.817475566088916,4206.399803161621,Main sequence,16.550573537859613,,62328,,0.0,3526750.1855151174,0.5613436929680106,1.6038391227657447,1.1160047229244974,0.6348529860947739,,,,3957887649746830976,J12484706+2450250,1990-3779-1,,,,160010717,31976,2945.00,3021,12462+2506,7674,11098,,-8.965,,6.980000019073486,5.123000144958496,4.704999923706055,4.644999980926514,B,J-K,0.44657984925590166
61748,61941,110379,4825,482 A,* gam Vir,Porrima,Porrima,190.41511762006294,-1.4494039524575002,3.3233707480423673,-0.025296871161802736,12.02016984499991,-11.818340723140004,-2.1722949099825883,-0.30404025799140755,-6335.932361721581,33896.77621482412,4882.288898355057,-605.176,85.701,-2.9339760427914455e-06,4.154901728476834e-07,F1-F2V,V,2.740000009536743,2.340446988081217,0.3599998950958252,2.0891267418252704,1.778096393944827,7100.6683644758405,Main sequence,2.371983955277998,,61748,,0.0,2479338.0011659563,2.655766500374062,7.587904286783035,5.279916732886528,3.003545446851618,gam,,Vir,3683687763520080384,J12413962-0126580,4949-1120-1,J12417-0127A,J12417-0127A,8630 A,51735845,31564,2924,,12390-0110,7623,11013,,-19.8,2.740000009536743,3.0999999046325684,2.0899999141693115,1.9299999475479126,1.8799999952316284,V,B-V,9.995883934961867
60805,,108799A,,9409 A,HD 108799A,Marduk,,187.51989333596998,-13.39319004646,3.2728395517012494,-0.23375526365605934,24.29572759630219,-23.43169385109926,-3.0931179886860156,-5.627674813823535,-2769.758811016603,30503.91445389464,-5238.873889071678,-265.722,-46.756,-1.288256609717881e-06,-2.2667948473957464e-07,G0.1,,6.489999771118164,4.56235022297929,0.6100001335144043,1.0771326153085021,1.0660190794605393,5928.662279892813,,8.522903196687631,,60805,,0.0,5011353.5392801175,0.9545732093300723,2.7273520266573494,1.8977824518824056,1.0795768438852007,,,,3528362362908431616,,5533-1791-1,J12301-1324A,J12301-1324A,8573 A,,,,,,,,,1.26,6.489999771118164,7.099999904632568,,,,V,B-V,1.2913974092555474
59020,59199,105452,4623,9389,* alf Crv,Alchiba,Alchiba,182.10340531836871,-24.728875596671113,3.1783040018992867,-0.4316002994779882,14.976875703913159,-13.594292461265514,-0.4992891268846962,-6.26519981292046,1438.0429120663794,-6836.872720066861,-2582.1259405111077,96.976,-40.023,4.701529153927836e-07,-1.940369795904696e-07,F1V,V,4.010000228881836,3.132894101339266,0.31999969482421875,1.3583984664182445,1.4815304768579205,7337.081124302865,Main sequence,3.7430318735292554,,59020,,0.0,3089202.361553761,1.8437433452414398,5.267838129261257,3.6655373649442913,2.0851859261659142,alf,,Crv,3489338019475637760,J12082481-2443440,6672-995-1,,,,421189312,,2796.00,,C12058-2426,7276,10532,,2.8,4.010000228881836,4.329999923706055,3.5250000953674316,3.364000082015991,3.306999921798706,V,B-V,4.817728915989365
58401,58576,104304,4587,454,HD 104304,Nirvana,,180.1852506163712,-10.44612975486889,3.1448258867868195,-0.1823193583130103,12.765539171695226,-12.55389512234012,-0.04058981190085156,-2.3145323649800247,5304.647710745113,-5053.579807735886,-28685.034836129795,83.793,-482.006,4.062399278121135e-07,-2.3368310317688296e-06,G8IV,IV,5.550000190734863,5.01980437770217,0.7699999809265137,1.0624080644761278,0.9594438474421917,5372.7941961698025,Subgiant,11.090499189543564,,58401,,0.0,2633081.4607351166,0.7732472969715276,2.209277991347222,1.5372892689791084,0.8745058715749419,,,,3575733210781078016,J12004444-1026452,5521-1366-1,,J12007-1028A,,152738837,29280,2767.00,,11581-1009,7221,10453,,0.28,5.550000190734863,6.320000171661377,4.28000020980835,3.9100000858306885,3.869999885559082,V,B-V,0.8473800769186136
57767,57939,103095,4550,451,HD 103095,Groombridge,,178.2448639115646,37.718681698090286,3.110959750026021,0.6583151851434013,9.171821230198038,-7.251727866951363,0.2222109904974196,5.611182575722754,-159931.53208738737,-169211.39423052876,-200150.0063892304,4002.655,-5817.8,1.9405419047614898e-05,-2.8205490339590585e-05,K1V_Fe-1.5,,6.449999809265137,6.637721903166185,0.75,0.5401663747165415,0.6921939668684338,5436.136574148009,Main sequence,25.08594557941119,,57767,,0.0,1891823.9267134797,0.4024712897260091,1.1499179706457403,0.8001512545743277,0.45517586338060556,,,,4034171629042489088,J11525880+3743060,3014-574-1,,,,309599261,28839,2745.00,1307,,7170,10381,,-98.008,6.449999809265137,7.199999809265137,4.936999797821045,4.5,4.373000144958496,V,B-V,0.22956794083576695
57584,57757,102870,4540,449,* bet Vir,Lantana,Zavijava,177.67382714942332,1.7647226497586115,3.100993278376728,0.030800220622806487,11.001765783408239,-10.987486152631583,0.4463303300507806,0.33880323962185355,-2007.2484686955681,-38582.84983633362,-14122.96349854411,740.746,-270.927,3.591237950271643e-06,-1.3134911618196325e-06,F9V,V,3.5999999046325684,3.3926879295478862,0.5500001907348633,1.7040303292475487,1.3955043900253676,6170.478867816242,Main sequence,4.34682326067639,,57584,,0.0,2269277.0849721385,1.6358433021672614,4.673838006192176,3.252212279308722,1.8500608774510694,bet,,Vir,3796442680947600768,J11504173+0145528,273-924-1,J11507+0146A,J11507+0146A,,366661076,28736,2739.00,445,11481+0202,7160,10364,,4.455,3.5999999046325684,4.150000095367432,2.630000114440918,2.36299991607666,2.3299999237060547,V,B-V,3.7924933521052866
57459,57632,102647,4534,448,* bet Leo,Denebola,Denebola,177.26490975591017,14.572058064829658,3.0938563234912504,0.25433039202307084,10.99989000109999,-10.633917793499968,0.5080101459265247,2.767543692341645,-264.14941491472064,25993.56431473908,-5787.130872190195,-497.68,-114.67,-2.4128207281459385e-06,-5.559358481283049e-07,A3Va,,2.130000114440918,1.9230584032653146,0.08999991416931152,1.6808598207113936,2.0497182109674537,9125.459334985155,Main sequence,1.6625112806869482,,57459,,0.0,2268890.1770982295,3.5291295852721594,10.083227386491883,7.016245723100602,3.991277507153037,bet,,Leo,,J11490366+1434197,870-988-1,J11490+1433A,J11491+1434A,8314 A,14725877,28642,2738.00,444,11464+1451,7151,10349,,-0.2,2.130000114440918,2.2200000286102295,1.850000023841858,1.9249999523162842,1.899999976158142,V,B-V,17.651297661059022
118771,,102365B,,442 B,HD 102365B,Beta Tirna,,176.63620781421082,-40.49655687533528,3.082883404594915,-0.7067982531957475,9.308932758786003,-7.066735056706419,0.41536003537418736,-6.045242822826034,,,,-1534.679,381.396,-7.440333753115016e-06,1.8490599872045259e-06,M4V,V,15.430000305175781,15.585500838796648,7.469000339508057,0.015569862102367726,0.10850504118054459,5019.19253529818,Main sequence,2578.547937266162,,57270,57270,0.018686,1920105.20955804,0.00988960892773701,0.028256025507820026,0.0196614844158581,0.011184676763512093,,,,5381537023379295744,J11463269-4029476,,,J11467-4029B,,454082373,28513,,,,,,,,15.430000305175781,,8.755000114440918,8.229999542236328,7.960999965667725,V,V-K,0.00013861162803794721
57270,57443,102365,4523,442 A,HD 102365,Alpha Tirna,,176.62946888804873,-40.50035718532611,3.082765788145338,-0.7068645811176839,9.31945604198974,-7.074273947293594,0.41663807845525225,-6.052546715953815,-7587.396640040117,68200.21633139325,13536.812929251008,-1530.971,403.287,-7.4223568618194734e-06,1.955190550136214e-06,G2V,V,4.880000114440918,5.033047293473842,0.6700000762939453,0.9361191919458773,0.9565226770494932,5706.318634763023,Main sequence,11.175367747847657,,57270,118771,0.018686,1922275.7925265417,0.7685459306363404,2.1958455161038297,1.5279425049555815,0.8691888501244326,,,,5381537023379295232,J11463107-4030013,7745-1381-1,J11465-4030A,J11467-4029A,,454082369,28512,2725,,11440-4013,7133,10319,,16.947,4.880000114440918,5.550000190734863,3.740000009536743,3.369999885559082,3.309999942779541,V,B-V,0.837107210172447
56828,56997,101501,4496,434,*  61 UMa,Kumasi,,175.262567794255,34.20163377929139,3.0589088635095254,0.5969311190099464,9.576232556892398,-7.893104327529323,0.6541231225195114,5.382866986932625,-9642.651506178267,1369.5083002461547,-14315.027001345328,-12.522,-381.196,-6.070836914853609e-08,-1.8480903598423067e-06,G8V,V,5.340000152587891,5.434026731182624,0.7399997711181641,0.84747168873633,0.8721623339556623,5468.409762103408,Main sequence,14.076888892978927,,56828,,0.0,1975239.7505582946,0.6389603948876301,1.825601128250372,1.2703141184075504,0.7226337799324388,,,,4025850731201819392,J11410301+3412064,2525-2445-1,J11411+3412A,J11411+3412A,,101641846,28222,2699.00,1300,,7092,10258,,-5.18,5.340000152587891,6.079999923706055,4.010000228881836,3.609999895095825,3.5880000591278076,V,B-V,0.5786144929633734
119222,55203B,98230,4374,423 D,* ksi UMa B,Ursae Minoris,,169.54515004808545,31.529117136365,2.9591210991269135,0.5502869042765353,8.734639045408768,-7.321580413258376,1.3510078750114614,4.567620521390509,-10380.529884592292,16205.918469581577,-21463.05457254798,-339.398,-607.892,-1.6454479374121428e-06,-2.9471435823703804e-06,G2V,V,4.769999980926514,5.063775167489276,0.6399998664855957,0.8887225212529994,0.9497788257584192,5815.2141520103805,Main sequence,11.374800590806561,B,118742,118742,0.000118,1801648.6281812647,0.757747047001595,2.1649915628617,1.5064732958245994,0.8569758269660895,,,,756853643637996160,,2520-2634-2,J11182+3132B,"J11182+3132Ba,Bb",8119 B,,26921,,,,6921,9946,119222,-15.9,4.769999980926514,5.409999847412109,,,,V,B-V,0.8137479977886017
118742,55203A,98231,4375,423 C,* ksi UMa A,Ursae Majoris,,169.54542151666666,31.52916086111111,2.9591258371474716,0.5502876674173194,,,,,,,,-453.7,-591.4,-2.1995996711939645e-06,-2.8671881100817955e-06,F8.5:V,V,4.25,,0.5399999618530273,,,6212.866181081854,Main sequence,4.469946076237917,A,118742,119222,0.000118,,,,,,,,,756853643638639104,,2520-2634-1,J11182+3132A,J11182+3132A,8119 A,,26920,,,,6920,9947,,-26.78,4.25,4.789999961853027,,,,V,B-V,
54712,54872,97603,4357,419,* del Leo,Zosma,Zosma,168.52708926588556,20.523718139047475,2.9413525864920964,0.35820645627766184,17.914725904693658,-16.442390780133646,3.33714729497009,6.28081504307776,-6193.223363205922,-11171.184118879446,-10337.182226933834,143.42,-129.88,6.953197814472964e-07,-6.296760090250653e-07,A5IV(n),IV,2.5299999713897705,1.263949132152832,0.15000009536743164,2.580876881801385,2.3856409821948037,8571.321109412325,Subgiant,1.1375939744379089,,54712,,0.0,3695177.463274812,4.780677632579005,13.65907895022573,9.504442436198737,5.4067187511310175,del,,Leo,3990320597065899776,J11140651+2031258,1439-2479-1,J11141+2032A,J11141+2031A,,159523958,26691,2614.00,422,,6892,9902,,-20.9,2.5299999713897705,2.680000066757202,2.3299999237060547,2.2799999713897705,2.240000009536743,V,B-V,32.39070100147563
118720,,,,406,Wolf  359,Wolf,,164.1205036259475,7.014723134801666,2.8644431583040757,0.1224300148181071,2.4085973437025054,-2.299342714959133,0.6540954918999434,0.29414848415604594,8440.000000383488,43495.9211681054,-30586.243586307563,-3866.338,-2699.215,-1.874453558193681e-05,-1.308616360256076e-05,dM6,,13.506999969482422,16.59817895418211,2.0340003967285156,0.014410600841875768,0.06519016865001705,3134.4935649310305,,9216.048223281488,,118720,,0.0,496808.8638309126,0.003569796794438839,0.010199419412682396,0.007097096007991501,0.004037270184186782,,,,3864972938605115520,J10562886+0700527,,,,,365006789,25782,2553.00,,,6780,9714,,19.57,13.506999969482422,15.541000366210938,7.085000038146973,6.48199987411499,6.084000110626221,V,B-V,1.8060443811771272e-05
3820,3829,,,35,Wolf   28,Van Maanen's Star,vMA 2,12.291243072220414,5.388609396929721,0.2145226607731894,0.09404897608032965,4.314436103201311,4.196911190352835,0.9144027086738088,0.40517037807330814,-16.28674166489685,25772.417602218484,-55194.84881247946,1231.399,-2711.883,5.969990821046014e-06,-1.3147579799683716e-05,DZ7.5,,12.37399959564209,14.19937938828441,0.5460004806518555,0.011162626355242195,0.11325621960881342,6187.357211382538,White dwarf,2316.5669020583523,,3820,,0.0,889916.3258262145,0.010774655875267011,0.030784731072191457,0.021421042037733224,0.012185622716075786,,,,2552928187080872832,J00490996+0523173,17-1272-1,,,,257219223,2724,160.00,,,453,681,,263.0,12.37399959564209,12.920000076293945,11.687999725341797,11.571999549865723,11.498000144958496,V,B-V,0.00016453119221999138
118021,,4614B,,34 B,* eta Cas B,Carinae,,12.271632750996249,57.81782624126639,0.214180396100454,1.0091114342560759,5.927028792320467,3.0846822103804183,0.6709698259774987,5.016393670614988,4082.065039761929,33802.30780334816,-7021.126284528231,1144.693,-469.668,5.54962827070318e-06,-2.2770147197935353e-06,K7Ve,,7.510000228881836,8.645815044082454,1.3899993896484375,0.40234862775019004,0.4359317446483735,3966.829696423134,Main sequence,79.69916310237838,B,3814,3814,0.000478,1222537.4440043955,0.15963064823342674,0.4560875663812193,0.31736093160693174,0.18053466169256596,eta,,Cas,425040000959067008,J00490516+5749037,3663-2669-2,J00491+5749B,J00491+5749B,671 B,445258198,2689,,,,448,678,,8.6837,7.510000228881836,8.899999618530273,,4.146999835968018,3.88100004196167,V,B-V,0.03611386600825402
3814,3821,4614A,219,34 A,* eta Cas,Eta Cassiopeia,Achird,12.276227476217503,57.81517728880999,0.21426058918378932,1.009065201313983,5.923040746966515,3.082779341882657,0.6708148391717615,5.01287249698555,6362.293916941981,32378.329690417148,-8235.524655464495,1078.609,-551.133,5.229243997678754e-06,-2.671968185109419e-06,F9V,V,3.440000057220459,4.5772764555370635,0.5799999237060547,1.02830337572316,1.0623615757753972,6046.973231761683,Main sequence,8.596449453171775,,3814,118021,0.000478,1221714.8506031432,0.9480341788545475,2.7086690824415642,1.884782236532255,1.072181511799786,eta,,Cas,425040000951479424,J00490622+5748545,3663-2669-1,J00491+5749A,J00491+5749A,671 A,445258206,2690,155,,00461+5732,447,675,,8.404,3.440000057220459,4.019999980926514,2.369999885559082,2.0199999809265137,1.9900000095367432,V,B-V,1.2737653121831298
118493,,,,280 B,* alf CMi B,Procyon B,Procyon B,114.8245,5.2241111,2.0040655869562287,0.09117793918498274,,,,,,,,-709.0,-1024.0,-3.4373289990666098e-06,-4.964492094561648e-06,DQZ,,10.920000076293945,,-0.2200002670288086,,,14086.913851062018,White dwarf,,B,37173,37173,0.016764,,,,,,,,,,,,J07393+0514B,J07393+0514B,6251 B,,,,,,,,,,10.920000076293945,10.699999809265137,,,,V,B-V,
37173,37279,61421,2943,280,* alf CMi,Procyon A,Procyon A,114.82549790798149,5.224987557059477,2.0040830037361377,0.09119323624642296,3.5141973573235874,-1.4693260722976245,3.176200034500758,0.32002703061445537,10145.736931996262,6421.583067645902,-17200.63769817306,-714.59,-1036.8,-3.464430083840633e-06,-5.026548245743668e-06,F5IV-V+DQZ,IV,0.3700000047683716,2.640869265656991,0.42000001668930054,1.9980017777282268,1.6592547647098528,6775.501733074217,Subgiant,2.819793573497317,,37173,118493,0.016764,724855.2361540624,2.312626154338373,6.607503298109638,4.597721044934623,2.6154700555017314,,,,,J07391805+0513298,187-2184-1,J07393+0514A,J07393+0514A,,471011543,18229,1805,291,07366+0520,5099,7381,,-4.50528,0.3700000047683716,0.7900000214576721,-0.38999998569488525,-0.5600000023841858,-0.6499999761581421,V,B-V,7.579704832383636
36107,36208,,,273,BD+05  1668,Luyten's Star,Luyten's star,111.85207903566794,5.225789303071388,1.9521870543733295,0.09120722935409555,3.7860588982038563,-1.4033577548858218,3.4994165481512023,0.3448373747086431,-11768.545070470655,1801.798818819086,-65976.64063889487,571.232,-3691.487,2.769410886875624e-06,-1.7896834012379977e-05,M3.5V,V,9.871999740600586,11.98106291147125,1.571000099182129,0.15151187351458414,0.2488248258899225,3689.747923732747,Main sequence,323.7917118618269,,36107,,0.0,780930.7041425923,0.0520075869424862,0.14859310554996058,0.1033960359451809,0.058818104280192726,,,,3139847906304421632,J07272450+0513329,173-3208-1,,J07274+0514A,,318686860,17881,1755.00,,07247+0520,4954,7213,,18.36,9.871999740600586,11.442999839782715,5.714000225067139,5.218999862670898,4.85699987411499,V,B-V,0.003833317884892661
119224,,48915B,,244 B,* alf CMa B,The Pup,Sirius BC,101.28876746876543,-16.716867983351943,1.7678224876168795,-0.29176438693071605,2.6703011245172097,-0.500630502022052,2.5079696505046196,-0.7680920701262052,,,,-461.571,-914.52,-2.2377593560340964e-06,-4.433718076482928e-06,DA1.9,,8.4399995803833,11.307198387151814,-0.029999732971191406,0.01464024377227568,0.22043480188065426,10515.558157279074,White dwarf,438.32838646181295,B,32263,32263,0.000101,550789.1434101241,0.04081686157933717,0.11661960451239191,0.0811478081398727,0.04616192678615513,,,,2947050466531873024,,,J06451-1643BC,J06451-1643BC,5423 B,,,,,,,,119224,,8.4399995803833,8.40999984741211,,,,V,B-V,0.002361134054969913
32263,32349,48915,2491,244 A,* alf CMa,Sirius,Sirius,101.28715533333335,-16.71611586111111,1.7677943505456015,-0.291751259921236,2.6370612589330453,-0.4943309217106078,2.476774158897385,-0.7584977185360743,7555.383742793455,-2981.867995431918,-14641.796932879015,-546.01,-1223.07,-2.6471311802261773e-06,-5.929610689546401e-06,A0mA1Va,,-1.4600000381469727,1.4343988689958742,0.0,1.7098675080180201,2.2938241093523866,10125.237191650855,,1.2548728329348298,,32263,119224,0.000101,543932.9289839404,4.4197683975028665,12.627909707151048,8.786920504559271,4.998547592413956,,,,,J06450887-1642566,5949-2777-1,J06451-1643A,J06451-1643A,5423 A,322899250,16953,1577,257,S06430-1639,4392,6525,,-5.5,-1.4600000381469727,-1.4600000381469727,-1.3600000143051147,-1.3300000429153442,-1.350000023841858,V,B-V,27.68474020346522
24129,24186,33793,,191,HD  33793,Kapteyn's Star,Kapteyn's,77.91912433145708,-45.01843381524333,1.3599452698547516,-0.7857198941671487,3.933931972874752,0.5820028179485454,2.719228577394604,-2.782604792453774,-134095.5786112119,-48128.892936666074,-75426.52127263465,6491.223,-5708.614,3.147033717532885e-05,-2.7676141673734322e-05,M1VIp,,8.852999687194824,10.878865458923068,1.5799999237060547,0.2534479671987606,0.32071070324640766,3677.0147363402025,Main sequence,171.678679720041,,24129,,0.0,811431.715202208,0.08639849834851648,0.2468528524243328,0.1717684431452649,0.09771258741796507,,,,4810594479417465600,J05114046-4501051,8078-1749-1,,,,200385493,14668,1181.00,,05100-4502,3085,4691,,245.234,8.852999687194824,10.432999610900879,5.821000099182129,5.315999984741211,5.048999786376953,V,B-V,0.01057922408854678
15471,15510,20794,1008,139,* e Eri,Eridani,,49.9818788009275,-43.069781996785,0.8723483514089403,-0.751709503960076,6.041412675608763,2.837940329104014,3.379954037367144,-4.12561177411748,-57383.56332134975,66829.82296546921,15149.188378474724,3035.017,726.964,1.4714177640000203e-05,3.5244209287411273e-06,G6V,V,4.269999980926514,5.3643074687098995,0.7100000381469727,0.8441799538415394,0.886276539132436,5567.728608655219,Main sequence,13.523118920460139,,15471,,0.0,1246130.8135003825,0.6598083272059174,1.885166649159764,1.3117617933736692,0.7462117986257399,e,,Eri,4847957293277762560,J03195563-4304112,7567-1183-1,,,,301051051,10637,703.00,119,F03180-4315,1851,2978,,87.882,4.269999980926514,4.980000019073486,3.0320000648498535,2.7090001106262207,2.635999917984009,V,B-V,0.6169884192889328
90582,90864,171067,,1229,HD 171067,Bardeen,,278.04360105177,13.736564504190001,4.852776302454955,0.23974827851069794,26.079155452629823,3.5447941854543923,-25.084002133470328,6.192707023043841,13275.723932648634,5555.1516011759,14707.670579157733,112.616,122.562,5.45977775118315e-07,5.941973438414694e-07,G6V,V,5.557000160217285,3.4755325447417693,0.3399996757507324,3.267275468882664,1.3691364905304637,4372.000389099121,Main sequence,4.559142179986378,,90582,,0.0,5379211.940080533,1.5746091729497422,4.498883351284978,3.130472998602464,1.7808079932169705,,,,4508601275714721152,J18321046+1344113,1036-812-1,,,,50226706,,,,,,,,-46.222,,,5.896999835968018,5.625999927520752,5.557000160217285,K,J-K,3.5138804528592287
72717,72944,,,569 A,BD+16  2708,Sagan,,223.62181743337788,16.101054997244447,3.9029369935060996,0.2810164227466021,9.947843456756228,-6.918856269397873,-6.593763400563442,2.758858746099823,7969.43740202994,-10587.473987593907,-5344.13733720976,279.117,-117.908,1.3531974023025035e-06,-5.716341151226317e-07,M3V,V,10.149999618530273,10.161354906430343,1.5360002517700195,0.3408817585525506,0.37832453709341596,3740.1494046825064,Main sequence,113.58964090812138,,72717,,0.0,2051890.000726193,0.12022874250823587,0.3435106928806739,0.23902619046280224,0.13597298259860008,,,,1187851653287128576,J14542923+1606039,1478-495-1,J14545+1606A,J14545+1606A,,258105174,38745,3372.00,,,65111,12519,,-7.219,10.149999618530273,11.685999870300293,6.632999897003174,5.989999771118164,5.769999980926514,V,B-V,0.020486040993639
77172,77408,141272,,3917,HD 141272,Nirah,,237.03942996345998,1.57174071884,4.137118509912879,0.027432050531420473,21.664951524670965,-11.782636676573631,-18.171034008001133,0.5942395091804534,-15409.552013726223,9465.742136159935,-17053.62920160974,-176.036,-166.105,-8.534466116779827e-07,-8.052997650069946e-07,K0V,V,7.421999931335449,5.743211323147562,0.8199996948242188,0.8840690410666608,0.8505089100171802,5221.101052455648,,14.990041347807283,,77172,,0.0,4468717.023235661,0.607626941055634,1.7360769744446685,1.208020228051082,0.6871971357176813,,,,4422809716282811776,J15480945+0134183,352-286-1,,J15482+0134A,,272595871,41229,3574.00,,15456+0143,9105,13111,,-26.361,7.421999931335449,8.241999626159668,5.991000175476074,5.610000133514404,5.500999927520752,V,B-V,0.5232575106244712
74309,74537,135204,,580,HD 135204,Ophion,,228.46206134140417,-1.3513878351905555,3.9874151863007556,-0.023586167195473684,17.265044328001313,-11.445539796638192,-12.919581266722512,-0.407178466982671,-77135.76144873613,69726.77089416397,-41209.55749346865,-1270.39,-503.671,-6.159024523447434e-06,-2.441865915781211e-06,G9V,V,6.599999904632568,5.414161415942634,0.7699999809265137,0.8859719066115668,0.8761608801819476,5372.7941961698025,Main sequence,13.916831019236422,,74309,,0.0,3561171.0188965914,0.6448326258874123,1.8423789311068923,1.2819886728952126,0.7292749935631448,,,,4418203587193988480,J15135096-0121047,5001-567-1,J15138-0121AB,J15138-0121AB,9544 AB,38838329,39643,3438,,15113-0109,8803,12718,,-69.54,6.599999904632568,7.369999885559082,5.285999774932861,4.986000061035156,4.765999794006348,V,B-V,0.5892986329490582
72432s,72659,131156,5544,566,* ksi Boo,GJ 566,,222.8474163722046,19.100472048411426,3.8894211452576877,0.33336612592992515,6.7123103772318435,-4.650313406954489,-4.313391424466037,2.196440355834063,2845.3627389229964,-4086.9292362261285,-1996.8784685298824,154.98,-66.43,7.513642429835588e-07,-3.2206172836106477e-07,G7Ve+K5Ve,,4.5929999351501465,5.458639784841186,0.7769999504089355,0.8750960700127304,0.8672334517109145,5350.994162635957,Main sequence,14.27775568467679,,,83865s|119220s|81444s|118742s,,1384513.397771513,0.6317588422037986,1.8050252634394246,1.255996745809933,0.7144891667781056,ksi,,Boo,,J14512328+1906034,,J14513+1906AB,J14514+1906AB,9413 AB,311180437,,3360,,14490+1918,,12488,,1.59,4.5929999351501465,5.369999885559082,2.6600000858306885,2.25,1.9700000286102295,V,B-V,0.5656451738983619
83865s,84123,,,660,G  19-15,GJ 660,,257.96772375,-1.8517563055555557,4.502386143312673,-0.03231924447651061,10.184336490477646,-2.1219453196425015,-9.955388277983245,-0.32909276247837915,-25940.200155147086,6049.556723849205,-15650.384724024274,-551.62,-324.34,-2.674329227736422e-06,-1.5724446933106688e-06,M3V,V,11.392999649047852,11.353335949186185,1.6120004653930664,0.2087284943213314,0.2875189045366258,3632.4685039624096,Main sequence,225.5973465899277,,,72432s|119220s|81444s|118742s,,2100670.1904470925,0.06944038119139075,0.19840108911825927,0.13805409117812206,0.07853376444264429,,,,4367834169251323136,J17115234-0151057,5065-23-1,J17119-0151AB,J17119-0151AB,,142948307,44323,3900.1,,,,,,-3.1,11.392999649047852,13.005000114440918,7.461999893188477,6.916999816894531,6.656000137329102,V,B-V,0.0068338528061304615
119220s,84709,156384,6426,667,HD 156384,GJ 667,,259.7381867998679,-34.98976154533223,4.533286552817769,-0.6106865434537465,6.835737234260716,-0.9976571843046663,-5.510627667323481,-3.9198171373920725,36278.78181123477,-5113.563753053531,-2044.6977842780054,1129.76,-77.02,5.477231043703093e-06,-3.7340349719056455e-07,K3V+K5V,V,5.889999866485596,6.716073066037242,1.0399999618530273,0.7124816024678653,0.6798180530475988,4648.7071532594755,Main sequence,26.243289208415625,,,72432s|83865s|81444s|118742s,,1409972.0144917632,0.3882081716095194,1.1091662045986268,0.7717948173665445,0.4390449559869565,,,,5975663422846187008,J17185698-3459236,,J17190-3459AB,J17190-3459AB,,154385728,44531,3924,,17156-3456,9982,14302,,0.0,5.889999866485596,6.929999828338623,3.9000000953674316,3.2300000190734863,3.119999885559082,V,B-V,0.21358501205272967
81444s,81693,150680,6212,,* zet Her,HIP 81693,,250.32150433146228,31.602718703799262,4.368934439129264,0.5515714939628917,10.715816545220747,-3.0733364420371125,-8.593657434763175,5.615369911129004,-18987.470538779813,16528.240751480815,14773.135665097414,-461.52,342.28,-2.2375121010567304e-06,1.6594202677017195e-06,G0IV,IV,2.799999952316284,2.649873602924859,0.630000114440918,2.666820261911477,1.655818153703286,5852.508984247449,,2.8344473915795723,,,72432s|83865s|119220s|118742s,,2210295.820831548,2.3030563568320215,6.5801610195200615,4.57869537608271,2.604647070226691,zet,,Her,,J16411728+3136093,,J16413+3136AB,J16413+3136AB,10157 AB,43255143,43387,3799,,16393+3141,9600,13799,,-67.8,2.799999952316284,3.430000066757202,1.4950000047683716,1.187000036239624,1.277999997138977,V,B-V,7.517104000488073
118742s,55203,,,,* ksi UMa,HIP 55203,Alula Australis,169.54554950000002,31.529288899999997,2.9591280708780263,0.5502899021175012,,,,,,,,-453.7,-591.4,-2.1995996711939645e-06,-2.8671881100817955e-06,F8.5:V+G2V,V,3.7899999618530273,,0.5900001525878906,,,6006.975415271707,Main sequence,4.469946076237917,,,72432s|83865s|119220s|81444s,,,,,,,,,,,J11181100+3131464,,J11182+3132AB,J11182+3132AB,8119 AB,144294174,,2625.00,,11154+3148,,,,-18.2,3.7899999618530273,4.380000114440918,2.4619998931884766,2.2309999465942383,2.1419999599456787,V,B-V,
