id,mod,hip,hd,hr,gl,bf,proper,ra,dec,dist,pmra,pmdec,rv,mag,absmag,spect,ci,x,y,z,vx,vy,vz,rarad,decrad,pmrarad,pmdecrad,bayer,flam,con,comp,comp_primary,base,lum,var,var_min,var_max,radius,mass,comp,compdist,AU dist,Temp,type,Outer OHZ,Inner OHZ,Outer CHZ,Inner CHZ,Special,Luminosity Class,System Location ID
0,,0,0,0,Sol,,Sol,0,0,0,0,0,0,-26.700001,4.85,G2,0.656,0.000005,0,0,0,0,0,0,0,0,0,,0,,1,0,,1,,0,0,1,1,0,0,0,5830,,1.76,0.75,1.67,0.95,,,
3814,,3821,4614,219,Gl 34A,24Eta Cas,Eta Cassiopeiae,0.81826,57.815186,5.9531,1087.109985,-559.650024,8.2,3.46,4.586,G0,0.587,3.098462,0.674227,5.038376,0.00001105,0.00003451,-0.0000015,0.21422,1.009065,5.27E-06,-2.71E-06,Eta,24,CAS,1,3814,Gl  34,1.275264,Eta,3.507,3.457,1.05,1.1,118021,0.000478,98.540192,6000,,1.96,0.84,1.86,1.06,Huge river (wide and long),I,
3820,,3829,0,0,Gl 35,,Van Maanen's Star,0.819416,5.38861,4.2626,1233.050049,-2710.560059,54,12.37,14.222,WD,0.554,4.146957,0.903519,0.400348,0.00005345,0.00003772,-0.00005057,0.214523,0.094049,5.98E-06,-1.31E-05,,0,,1,3820,,0.000178,,12.621,12.091,0.02,0.7,0,0,0,6220,,0.02,0.01,0.02,0.01,,,
5325,,5336,6582,321,Gl 53A,30Mu  Cas,Alpha Andraste,1.137477,54.920341,7.554,3421.439941,-1599.27002,-98.099998,5.17,5.779,G5,0.704,4.149699,1.274102,6.181126,-0.00004604,0.00011693,-0.00011576,0.297791,0.958541,1.66E-05,-7.75E-06,Mu,30,CAS,1,5325,Gl  53,0.425011,,0,0,0.93,0.93,118043,0.000275,56.774551,5575,,1.17,0.5,1.11,0.63,,,
8087,,8102,10700,509,Gl 71,52Tau Cet,Tau Ceti,1.734479,-15.93748,3.6502,-1721.819946,854.070007,-17,3.49,5.678,G8,0.727,3.154083,1.539508,-1.00226,0.00000207,-0.00003289,0.00001931,0.454085,-0.278161,-8.35E-06,4.14E-06,Tau,52,Cet,1,8087,,0.466445,,0,0,0.882,0.84,0,0,0,5320,,1.26,0.53,1.19,0.67,Constant lightning & no rain,I,
15471,,15510,20794,1008,Gl 139,,Eridani,3.331944,-43.069782,6.0434,3038.080078,726.340027,86.699997,4.26,5.354,G8,0.711,2.839238,3.381499,-4.127499,-0.00001715,0.00011797,-0.00004501,0.872301,-0.75171,1.47E-05,3.52E-06,,0,Eri,1,15471,,0.628637,,0,0,0.882,0.84,0,0,0,5320,,1.46,0.61,1.38,0.77,,,
24129,,24186,33793,0,Gl 191,,Kapteyn's Star,5.194169,-45.018417,3.9114,6506.049805,-5731.390137,245.5,8.86,10.898,M0,1.543,0.578997,2.705174,-2.76822,-0.00009951,0.0001243,-0.00025439,1.35983,-0.78572,3.15E-05,-2.78E-05,,0,Pic,1,24129,,0.003809,VZ,9.148,8.828,0.63,0.47,0,0,0,3700,,0.129,0.05,0.123,0.064,,,
32263,,32349,48915,2491,Gl 244A,9Alp CMa,Sirius,6.752481,-16.716116,2.6371,-546.01001,-1223.079956,-9.4,-1.44,1.454,A1,0.009,-0.494323,2.476731,-0.758485,0.00000953,-0.00001207,-0.00001221,1.767795,-0.291751,-2.65E-06,-5.93E-06,Alp,9,CMa,1,32263,Gl 244,22.824432,,-1.333,-1.523,2.34,2.98,118441,0.000101,20.882719,9725,,9.28,3.97,8.81,5.03,Habitable asteroid belt,,
36107,,36208,0,0,Gl 273,,Luyten's Star,7.456805,5.225785,3.8026,571.27002,-3694.25,18.200001,9.84,11.94,M1,1.573,-1.409549,3.514856,0.346358,-0.00001899,0.00001905,-0.00006612,1.952187,0.091207,2.77E-06,-1.79E-05,,0,CMi,1,36107,,0.001459,,0,0,0.568,0.418,0,0,0,3560,,0.08,0.03,0.08,0.04,,,
37173,,37279,61421,2943,Gl 280A,10Alp CMi,Procyon A,7.655033,5.224993,3.5142,-716.570007,-1034.579956,-4,0.4,2.671,F5,0.432,-1.469312,3.17617,0.320024,0.00001212,0.00000289,-0.00001792,2.004083,0.091193,-3.47E-06,-5.02E-06,Alp,10,CMi,1,37173,Gl 280,7.440464,,0,0,1.2,1.3,118493,0.016764,3457.782227,6675,,4.49,1.94,4.26,2.46,,,
54712,,54872,97603,4357,Gl 419,68Del Leo,Zosma,11.235138,20.523718,17.9147,143.309998,-130.429993,-20.200001,2.56,1.294,A4,0.128,-16.442202,3.337108,6.280742,0.00001259,-0.00001526,-0.00001785,2.941352,0.358206,6.95E-07,-6.32E-07,Del,68,Leo,1,54712,,26.448437,,0,0,1.86,2.32,0,0,0,8900,,8.41,3.65,7.98,4.62,Extra large moon,I,
55476,,55642,99028,4399,,78Iot Leo,Leonis,11.398736,10.529509,23.6742,140.75,-77.800003,-10,4,2.129,F2,0.423,-22.987696,3.648687,4.326252,0.00000579,-0.00001727,-0.00001065,2.984182,0.183775,6.82E-07,-3.77E-07,Iot,78,Leo,1,55476,,12.257446,,0,0,1.26,1.54,0,0,0,7170,,5.56,2.43,5.31,3.08,All Ocean,III,
55539,,55705,99211,4405,,15Gam Crt,Katydid,11.414702,-17.68401,25.239799,-97.010002,3.22,1,4.06,2.05,A9,0.216,-23.765377,3.670362,-7.667025,0.00000073,0.0000119,0.00000006,2.988362,-0.308644,-4.70E-07,1.56E-08,Gam,15,Crt,1,55539,,13.182568,,0,0,1.38,1.78,0,0,0,7525,,5.73,2.49,5.43,3.15,,,
56075,,56242,100180,4437,NN 3669A,88    Leo,Charybdis,11.529153,14.364505,23.3263,-327.880005,-188.710007,-4.2,6.27,4.431,G0,0.57,-22.42555,2.778437,5.787008,0.00000343,0.00003693,-0.00002174,3.018325,0.250708,-1.59E-06,-9.15E-07,,88,Leo,1,56075,NN 3669,1.470957,,0,0,1.05,1.1,0,0,0,6000,,2.48,0.98,2.35,1.25,Lakes of liquid sulphur,I,
56828,,56997,101501,4496,Gl 434,61    UMa,Kumasi,11.684171,34.201633,9.6117,-13.95,-380.459991,-5.9,5.31,5.396,G8,0.723,-7.922294,0.656542,5.402774,-0.0000049,0.00000106,-0.00001805,3.058909,0.596931,-6.76E-08,-1.84E-06,,61,UMa,1,56828,,0.604784,,0,0,0.882,0.84,0,0,0,5320,,1.43,0.6,1.4,0.76,Liquid methane geysers,V-e,
57270,,57443,102365,4523,Gl 442A,,Alpha Tirna,11.775376,-40.500355,9.2208,-1531.689941,403.410004,15.3,4.89,5.066,G3,0.664,-6.99949,0.412234,-5.988563,-0.00001955,0.00006973,0.00000355,3.082786,-0.706865,-7.43E-06,1.96E-06,,0,Cen,1,57270,Gl 442,0.819596,,0,0,0.976667,0.976667,118771,0.018686,3854.166016,5745,,1.6,0.68,1.52,0.86,,,
57459,,57632,102647,4534,Gl 448,94Bet Leo,Denebola,11.817663,14.57206,10.9999,-499.019989,-113.779999,-0.2,2.14,1.933,A3,0.09,-10.633926,0.508011,2.767546,-0.00000006,0.00002664,-0.00000592,3.093857,0.25433,-2.42E-06,-5.52E-07,Bet,94,Leo,1,57459,,14.6825,,0,0,2.02,2.54,0,0,0,9175,,6.5,2.8,6.17,3.56,,,
57584,,57757,102870,4540,Gl 449,5Bet Vir,Lantana,11.844922,1.764718,10.929,740.960022,-271.179993,4.3,3.59,3.397,F8,0.518,-10.914853,0.443379,0.336562,-0.00000643,-0.00003903,-0.00001423,3.100993,0.0308,3.59E-06,-1.31E-06,Bet,5,Vir,1,57584,,3.812413,,0,0,1.11,1.18,0,0,0,6130,subgiant,3.35,1.43,3.18,1.82,All Mountains,IX-c,
57767,,57939,103095,4550,Gl 451A,,Groombridge 1830,11.88282,37.718678,9.0917,4003.689941,-5813,-99.099998,6.42,6.627,G8,0.754,-7.187679,0.220247,5.561623,-0.00008204,-0.00017401,-0.00026465,3.110915,0.658315,1.94E-05,-2.82E-05,,0,UMa,1,57767,Gl 451,0.194626,CF,6.546,6.406,0.882,0.84,0,0,0,5320,,0.76,0.32,0.72,0.41,,,
58401,,58576,104304,4587,Gl 454,,Nirvana,12.012347,-10.446014,12.7632,141.979996,-483.339996,0.1,5.54,5.01,K0,0.76,-12.5516,-0.040575,-2.314084,0.00000535,-0.00000877,-0.00002943,3.144825,-0.182317,6.88E-07,-2.34E-06,,0,Vir,1,58401,,0.862979,,0,0,0.85,0.78,0,0,0,5200,,1.73,0.72,1.64,0.91,,,
59020,,59199,105452,4623,Gl 455.3,1Alp Corvi,Corvi,12.140225,-24.728874,14.9365,100.18,-39.330002,2.9,4.02,3.149,F0,0.334,-13.557668,-0.497944,-6.248321,-0.00000124,-0.0000073,-0.00000383,3.178303,-0.4316,4.86E-07,-1.91E-07,Alp,1,Crv,1,59020,,4.790711,,0,0,1.3,1.7,0,0,0,7040,subgiant,4.06,1.7,3.86,2.15,Permanent hurricane,VII-b,
59092,,59272,105590,0,Wo 9390A,,Zelazny,12.157926,-11.857064,22.2222,320.940002,-163.820007,4,6.81,5.076,G0,0.666,-21.7295,-0.898921,-4.566021,0.00000105,-0.00003456,-0.00001811,3.182937,-0.206945,1.56E-06,-7.94E-07,,0,Crv,1,59092,Wo 9390,0.812082,,6.897,6.787,1.05,1.1,0,0,0,6000,,1.56,0.67,1.48,0.85,Liquid iodine ocean,I,
60776,,60965,108767,4757,,7Del Crv,Algorab,12.497739,-16.515432,26.631201,-209.970001,-139.300003,9,2.94,0.813,B9,-0.012,-25.316093,-3.317674,-7.57057,-0.0000072,0.00002639,-0.00001986,3.2719,-0.288249,-1.02E-06,-6.75E-07,Del,7,Crv,1,60776,,41.190777,,0,0,2.6,3.3,0,0,0,10500,,24.98,10.01,23.92,12.69,,,
60805,,60994,108799,4758,Gl 469.2A,,Marduk,12.501327,-13.393184,24.6488,-261.579987,-54.16,1.9,6.37,4.411,G1,0.591,-23.772226,-3.13807,-5.709459,-0.00000448,0.00003094,-0.00000675,3.27284,-0.233755,-1.27E-06,-2.63E-07,,0,Crv,1,60805,Gl 469.2,1.498304,,0,0,1.03,1.05,0,0,0,5915,,2.14,0.91,2.03,1.15,Collision gouge,I,
61748,,61941,110379,4825,Gl 482A,29Gam Vir,Porrima,12.694345,-1.449375,11.685,-616.659973,60.66,-19.9,2.74,2.402,F0,0.368,-11.488622,-2.111702,-0.295552,0.00001361,0.00003802,0.00000395,3.323372,-0.025296,-2.99E-06,2.94E-07,Gam,29,Vir,1,61748,Gl 482,9.532351,,0,0,1.3,1.7,0,0,0,7500,,4.87,2.12,4.62,2.69,,,
62328,,62523,111395,4864,Gl 486.1,,Ixyll,12.813075,24.840225,16.9319,-334.549988,-106.059998,-8.7,6.29,5.146,G7,0.703,-15.018549,-3.246037,7.112877,-0.00000148,0.00002777,-0.00001164,3.354455,0.433544,-1.62E-06,-5.14E-07,,0,COM,1,62328,,0.761377,LW,6.323,6.283,0.898,0.87,0,0,0,5405,,1.59,0.67,1.51,0.85,,,
63947,,64150,114174,0,Wo 9429,,Verne,13.147506,5.207241,26.1301,84.519997,-669.960022,28.1,6.78,4.694,G5,0.667,-24.857048,-7.700531,2.37155,-0.00003153,-0.00002098,-0.00008191,3.442009,0.090884,4.10E-07,-3.25E-06,,0,Vir,1,63947,,1.154516,,0,0,0.93,0.93,0,0,0,5575,,1.93,0.82,1.84,1.03,,,
64587,,64792,115383,5011,Gl 504,59    Vir,Rutherford,13.279588,9.424156,17.559299,-334.51001,190.699997,-27.4,5.19,3.967,G0,0.585,-16.359161,-5.694884,2.875153,0.00001926,0.00003685,0.00001143,3.476588,0.164483,-1.62E-06,9.25E-07,,59,Vir,1,64587,,2.255278,,0,0,1.05,1.1,0,0,0,6000,,2.6,1.11,2.47,1.41,Equatorial continent,III,
64720,,64924,115617,5019,Gl 506,61    Vir,Volii,13.306763,-18.311195,8.5551,-1069.900024,-1063.780029,-8.4,4.74,5.079,G5,0.709,-7.651172,-2.724657,-2.6878,0.00000585,0.00004919,-0.00003919,3.483702,-0.319591,-5.19E-06,-5.16E-06,,61,Vir,1,64720,,0.809841,,0,0,0.93,0.93,0,0,0,5575,,1.62,0.68,1.54,0.87,Hallucinagenic atmosphere,Volii Alpha,
65147,,65352,116442,0,NN 3781A,,Minerva,13.39421,2.723325,15.4488,13.4,198.619995,28,7.06,6.116,G5,0.78,-14.415009,-5.508346,0.734032,-0.0000257,-0.0000109,0.00001622,3.506596,0.047531,6.50E-08,9.63E-07,,0,Vir,1,65147,NN 3781,0.311602,,7.078,6.918,0.93,0.93,0,0,0,5575,,1,0.42,0.95,0.54,Retrograde moon orbit,III-b,
65150,,65355,116443,0,NN 3782B,,Athena,13.394679,2.725278,16.142099,4.58,202.860001,0,7.35,6.31,G4,0.869,-15.060939,-5.757294,0.767511,0.00000083,-0.00000007,0.00001586,3.506719,0.047565,2.22E-08,9.83E-07,,0,Vir,2,65150,NN 3782,0.260615,,0,0,0.953333,0.953333,0,0,0,5660,,0.91,0.39,0.86,0.49,,,
65515,,65721,117176,5072,Gl 512.1,70    Vir,Nara,13.473837,13.778787,17.9856,-234.809998,-576.190002,5.3,4.97,3.695,G5,0.714,-16.183798,-6.57404,4.283711,-0.00002367,0.00001248,-0.0000475,3.527442,0.240485,-1.14E-06,-2.79E-06,,70,Vir,1,65515,,2.897344,,0,0,0.93,0.93,0,0,0,5575,,3.06,1.29,2.9,1.64,,,
67063,,67275,120136,5185,Gl 527A,4Tau Boo,Shoza,13.78771,17.456905,15.6177,-480.329987,54.18,-16.1,4.5,3.532,F7,0.508,-13.296143,-6.720908,4.685085,-0.00000129,0.0000401,-0.00000103,3.609614,0.30468,-2.33E-06,2.63E-07,Tau,4,Boo,1,67063,Gl 527,3.366666,,0,0,1.14,1.22,0,0,0,6360,subgiant,3.01,1.33,2.93,1.68,Month long day,II,
67711,,67927,121370,5235,Gl 534,8Eta Boo,Muphrid,13.911411,18.397717,11.396,-60.950001,-358.100006,1,2.68,2.396,G0,0.58,-9.487671,-5.188142,3.596709,-0.00000795,-0.00000051,-0.00001845,3.641999,0.321101,-2.95E-07,-1.74E-06,Eta,8,Boo,1,67711,,9.585174,,0,0,1.05,1.1,0,0,0,6100,subgiant,5.32,2.28,5.05,2.89,Fast rotation/short day,VI-b,
68415,,68634,122676,0,NN 3824,,Pyraas,14.049129,14.975343,26.8312,-58.169998,3.23,0,7.12,4.977,G5,0.74,-22.27878,-13.247604,6.933272,-0.00000377,0.00000656,0.00000041,3.678053,0.261369,-2.82E-07,1.57E-08,,0,Boo,1,68415,,0.889611,,0,0,0.93,0.93,0,0,0,5575,,1.68,0.71,1.6,0.9,Ice cap only at south pole,,
68463,,68682,122742,5273,Gl 538,,Moloch,14.058986,10.786779,16.9837,85.260002,-304.040009,-11.6,6.27,5.12,G8,0.733,-14.317802,-8.563868,3.178559,0.00000958,-0.00000245,-0.00002681,3.680634,0.188265,4.13E-07,-1.47E-06,,0,Boo,1,68463,,0.77983,,0,0,0.882,0.84,0,0,0,5320,,1.62,0.68,1.54,0.86,Constant rain,III,
69192,,69414,124292,0,NN 3830,,Bel,14.212567,-3.320084,22.050699,-160.710007,-322.140015,31.299999,7.05,5.333,G0,0.733,-18.422924,-12.050342,-1.27706,-0.00003448,-0.00000203,-0.00003623,3.720841,-0.057946,-7.79E-07,-1.56E-06,,0,Vir,1,69192,,0.640914,,0,0,1.05,1.1,0,0,0,6000,,1.39,0.59,1.32,0.75,Gas giant orbiting gas giant,IV-e,
69451,,69673,124897,5340,Gl 541,16Alp Boo,Arcturus,14.26103,19.182409,11.2575,-1093.449951,-1999.400024,-5,-0.05,-0.307,K2,1.239,-8.823448,-5.932531,3.698938,-0.00005905,0.0000322,-0.00010473,3.733529,0.334796,-5.30E-06,-9.69E-06,Alp,16,Boo,1,69451,,115.557999,,0,0,27,0.744,0,0,0,4280,giant,21.59,8.66,20.5,10.97,Asteroid belt close sun,,
69479,,69701,124850,5338,Wo 9473,99Iot Vir,Haldeman,14.266908,-6.000547,22.237,-25.84,-419.839996,14.6,4.07,2.335,F7,0.511,-18.333626,-12.367873,-2.324624,-0.00000995,-0.00000335,-0.00004657,3.735068,-0.104729,-1.25E-07,-2.04E-06,Iot,99,Vir,1,69479,,10.139113,,0,0,1.14,1.22,0,0,0,6345,,5.37,2.31,5.09,2.92,,,
69766,,69989,125451,5365,NN 3841,18    Boo,Rana,14.321188,13.004299,26.096001,105.910004,-32.220001,-3,5.41,3.327,F5,0.385,-20.874592,-14.517858,5.872224,0.00000935,-0.00000982,-0.00000466,3.749278,0.226968,5.13E-07,-1.56E-07,,18,Boo,1,69766,,4.066306,,0,0,1.2,1.3,0,0,0,6675,,3.32,1.44,3.15,1.82,,,
69793,,70016,125455,0,Gl 544A,,Bannoc Prime,14.326352,-5.151195,20.881201,-631.73999,-122.110001,-9.1,7.58,5.981,K1,0.867,-17.057505,-11.897385,-1.874795,-0.00002807,0.00005839,-0.00001148,3.75063,-0.089905,-3.06E-06,-5.92E-07,,0,Vir,1,69793,Gl 544,0.352858,,0,0,0.828,0.762,118959,0.099719,20568.44727,5035,,1.12,0.47,1.06,0.59,Giant sunspots,,
70096,,70319,126053,5384,Gl 547,,Hyla,14.387579,1.241569,17.191,223.660004,-477.480011,-18.9,6.25,5.073,G1,0.639,-13.937186,-10.056877,0.372487,0.00002588,-0.00000431,-0.0000402,3.766659,0.021669,1.08E-06,-2.31E-06,,0,Vir,1,70096,,0.814329,,0,0,1.03,1.05,0,0,0,5915,,1.58,0.67,1.5,0.85,,,
71453,,71681,128621,5460,Gl 559B,Alp2Cen,Toliman,14.660346,-60.838299,1.3248,-3678.189941,481.839996,-26.200001,1.35,5.739,K1,0.9,-0.495181,-0.413973,-1.156674,-0.00000722,0.00002476,0.00002491,3.83807,-1.061829,-1.78E-05,2.34E-06,Alp-2,0,Cen,2,71456,Gl 559,0.440961,,0,0,0.828,0.762,71456,0.000123,25.435051,5035,,1.25,0.52,1.19,0.66,,,
71456,,71683,128620,5459,Gl 559A,Alp1Cen,Alpha Centauri,14.660765,-60.833977,1.3248,-3678.189941,481.839996,-26.200001,-0.01,4.379,G2,0.71,-0.495203,-0.414084,-1.156625,-0.00000722,0.00002476,0.00002491,3.838179,-1.061753,-1.78E-05,2.34E-06,Alp-1,0,Cen,1,71456,Gl 559,1.543121,,0.113,-0.087,1,1,71453,0.000123,25.435051,5830,,2.19,0.93,2.08,1.18,,,
71517,,71743,128987,0,,,Kang,14.675308,-16.20929,23.6798,-111.940002,-65.209999,0,7.24,5.368,G6,0.71,-17.385588,-14.655385,-6.610141,-0.00000668,0.00001117,-0.00000719,3.841987,-0.282905,-5.43E-07,-3.16E-07,,0,Lib,1,71517,,0.620583,KU,7.256,7.226,0.914,0.9,0,0,0,5490,,1.43,0.6,1.36,0.76,Ellipitical orbit,VI,
71731,,71957,129502,5487,Wo 9491,107Mu  Vir,Heinlein,14.717673,-5.658207,18.2715,104.230003,-319.899994,4.7,3.87,2.561,F2,0.385,-13.771311,-11.872446,-1.801463,0.00000452,-0.00000829,-0.00002867,3.853078,-0.098754,5.05E-07,-1.55E-06,Mu,107,Vir,1,71731,,8.233794,,0,0,1.26,1.54,0,0,0,7170,,4.56,1.99,4.36,2.52,Inclined lunar orbits that cross,V a & b,
72341,,72567,130948,5534,Gl 564,,Freya,14.837723,23.911844,18.1719,144.729996,32.419998,-2.7,5.86,4.563,G2,0.576,-12.234877,-11.237106,7.365617,0.00001134,-0.0000069,0.00000149,3.884507,0.41734,7.02E-07,1.57E-07,,0,Boo,1,72341,,1.302567,HP,5.876,5.846,1,1,0,0,0,5830,,2.01,0.85,1.91,1.08,,,
72377,,72603,130819,5530,Gl 563.4,8Alp1Lib,Foucault,14.844773,-15.997237,22.9779,-135.929993,-59.470001,-23.5,5.15,3.343,F3,0.401,-16.240129,-14.971057,-6.332445,0.00000807,0.00002803,0.00000026,3.886353,-0.279204,-6.59E-07,-2.88E-07,Alp-1,8,Lib,1,72377,,4.006822,,0,0,1.24,1.46,0,0,0,7005,,3.23,1.4,3.06,1.77,Equatorial ocean,V-b,
72407,,72634,131023,0,NN 3868A,,Strix,14.850643,9.723673,29.4377,-216.259995,57.799999,-35.599998,7.4,5.055,K0,0.76,-21.30267,-19.698633,4.971874,0.00000642,0.00004797,0.00000198,3.887889,0.16971,-1.05E-06,2.80E-07,,0,Boo,1,72407,NN 3868,0.827942,,0,0,0.85,0.78,0,0,0,5200,,1.69,0.71,1.61,0.89,,,
72432,,72659,131156,5544,Gl 566A,37Xi  Boo,Cheyenne,14.856493,19.10046,6.7123,152.809998,-71.279999,2.2,4.54,5.406,G8,0.72,-4.650321,-4.313397,2.196442,0.00000127,-0.00000561,-0.00000146,3.889421,0.333366,7.41E-07,-3.46E-07,Xi,37,Boo,1,72432,Gl 566,0.599239,Xi,4.57,4.52,0.882,0.84,118988,0.012462,2570.413574,5320,,1.42,0.6,1.35,0.76,,,
72717,,72944,,,Gl 569A,,Sagan,14.90812,16.101062,9.6534,275.95,-122.11,-8.4,10.11,10.187,M2,1.5,-6.714014,-6.398547,2.67718,0.00001374,-0.00000475,-0.00000787,3.90293657,0.281016544,1.33784E-06,-5.92006E-07,,0,Boo,1,72717,Gl 569,0.007331621,CE,10.15,10.02,0.506,0.366,0,0,0,3420,,0.12,0.05,0.12,0.06,,,
72955,,73182,131976,0,Gl 570B,,Aranae,14.957361,-21.41152,5.9252,987.049988,-1666.810059,27.9,8.01,9.146,K5,1.519,-3.944034,-3.856974,-2.163168,0.00001332,-0.00002663,-0.00005499,3.915828,-0.373702,4.79E-06,-8.08E-06,,0,Lib,2,72957,Gl 570,0.019125,,0,0,0.74,0.69,72957,0.084791,17489.3125,4375,,0.28,0.11,0.26,0.14,,,
72957,,73184,131977,5568,Gl 570A,,Olympus,14.957765,-21.415476,5.8404,1034.180054,-1725.599976,29.1,5.72,6.888,K4,1.024,-3.887091,-3.802093,-2.13259,0.00001342,-0.00002784,-0.00005635,3.915934,-0.373771,5.01E-06,-8.37E-06,,0,Lib,1,72957,Gl 570,0.153038,KX,5.733,5.683,0.762,0.708,72955,0.084791,17489.3125,4540,,0.77,0.31,0.73,0.4,Extreme axial tilt,II,
73018,,73245,132307,0,,,Bohr,14.969688,6.90496,35.026299,-167.779999,94.510002,0,8.15,5.428,G5,0.78,-24.78204,-24.391802,4.210959,-0.00001861,0.00002166,0.00001593,3.919055,0.120514,-8.13E-07,4.58E-07,,0,Vir,1,73018,,0.587219,,0,0,0.93,0.93,0,0,0,5575,,1.38,0.58,1.31,0.74,,,
73082,,73309,132375,5583,,,Huygens,14.981329,-4.989256,33.7724,-358.549988,-107.529999,-29,6.08,3.437,F8,0.509,-23.906033,-23.673452,-2.937127,-0.00001922,0.00006358,-0.00001496,3.922103,-0.087079,-1.74E-06,-5.21E-07,,0,Lib,1,73082,,3.674515,,0,0,1.11,1.18,0,0,0,6180,,3.27,1.4,3.11,1.78,Variable star,,
73489,,73717,133352,0,,,Hawking,15.068596,-6.887361,33.025101,-212.490005,-10.78,0,7.72,5.126,G5,0.752,-22.763699,-23.596342,-3.960299,-0.00002434,0.00002377,-0.00000171,3.944949,-0.120207,-1.03E-06,-5.23E-08,,0,Lib,1,73489,,0.775532,,0,0,0.93,0.93,0,0,0,5575,,1.58,0.67,1.5,0.85,,,
73788,,74016,134066,0,,,Fermi,15.125819,9.226035,31.5557,-191.419998,24.719999,-34.5,6.72,4.225,G5,0.68,-21.287098,-22.737766,5.059267,0.00000284,0.00004588,-0.00000192,3.95993,0.161025,-9.28E-07,1.20E-07,,0,Boo,1,73788,,1.778279,,0,0,0.93,0.93,0,0,0,5575,,2.4,1.01,2.28,1.28,High inclination,IV,
74309,,74537,135204,,Gl 580A,,Ophion,15.230804,-1.351387,17.671,-1269.65,-503.15,-69.2,6.58,5.344,K0,0.763,-11.71425,-13.222898,-0.416737,-0.00003383,0.00012584,-0.00004142,3.987415205,-0.023586159,-6.15544E-06,-2.43934E-06,,0,Ser,1,74309,Gl 580,0.634453796,,0,0,0.85,0.78,0,0,0,5200,,1.56,0.65,1.48,0.82,,,
74746,,74975,136202,5694,,5    Ser,Maal,15.321888,1.765408,25.380699,373.23999,-513.640015,54,5.04,3.017,F8,0.54,-16.365124,-19.384937,0.781926,-0.00000178,-0.00007329,-0.00006146,4.011261,0.030812,1.81E-06,-2.49E-06,,5,Ser,1,74746,,5.410034,MQ,5.05,5.03,1.11,1.18,0,0,0,6180,,3.97,1.7,3.77,2.16,All Plains,IV,
74766,ArkCentral,74995,,,GL 581,,Ark Central,14.671041,12.813993,234.7418,-44.96,-75.28,0,10.78,3.927,G0,0.747,-175.175599,-147.331965,52.062595,-0.00004747,0.00002693,-0.00008353,3.840869591,0.223646364,-2.18E-07,-3.65E-07,,,Boo,1,71495,,2.339914561,,10.837,10.707,,,,,,,,,,,,,,
75150,,75379,137052,5723,,31Eps Lib,Archimedes,15.403303,-10.322266,31.230499,-68.519997,-152.649994,-10,4.92,2.447,F5,0.453,-19.315191,-23.894489,-5.596007,0.00000086,0.00001757,-0.0000209,4.032575,-0.180158,-3.32E-07,-7.40E-07,Eps,31,Lib,1,75150,,9.145343,,0,0,1.2,1.3,0,0,0,6675,,4.98,2.15,4.72,2.73,,,
75489,,75718,137763,0,Gl 586A,,Gamma Vulpes,15.469336,-9.348069,20.5846,72.690002,-363.369995,8.2,6.89,5.322,K2,0.788,-12.493698,-16.014261,-3.343604,0.00000425,-0.00000634,-0.00003714,4.049863,-0.163155,3.52E-07,-1.76E-06,,0,Lib,1,75489,Gl 586,0.647441,,0,0,0.806,0.744,75493,0.092946,19171.56055,4870,,1.54,0.63,1.46,0.8,Equatorial mountains,II-a,
75493,,75722,137778,0,Gl 586B,,Delta Vulpes,15.470058,-9.35786,20.4918,81.529999,-355.850006,8,7.57,6.012,K2,0.868,-12.434009,-15.943968,-3.331985,0.00000496,-0.00000681,-0.00003621,4.050052,-0.163325,3.95E-07,-1.73E-06,,0,Lib,2,75489,Gl 586,0.342926,,0,0,0.806,0.744,75489,0.092946,19171.56055,4870,,1.12,0.46,1.06,0.58,,,
76816,,77052,140538,5853,Gl 596.1A,23Psi Ser,Copernicus,15.733839,2.515173,14.6585,-44.959999,-144.729996,19.4,5.86,5.03,G5,0.684,-8.187523,-12.141967,0.643281,-0.00001398,-0.00001502,-0.0000094,4.119109,0.043898,-2.18E-07,-7.02E-07,Psi,23,Ser,1,76816,Gl 596.1,0.847227,,0,0,0.93,0.93,119039,0.012738,2627.37915,5575,,1.66,0.7,1.57,0.89,Rings around rocky planet,V,
76835,,77070,140573,5854,Gl 596.2,24Alp Ser,Serpentis,15.737798,6.425627,22.675699,134.660004,44.139999,2.7,2.63,0.852,K2,1.167,-12.5786,-18.695648,2.537718,0.00001105,-0.00001009,0.00000513,4.120146,0.112148,6.53E-07,2.14E-07,Alp,24,Ser,1,76835,,39.73745,,0,0,0.806,0.744,0,0,0,4870,,12.07,4.97,11.45,6.29,,,
77022,,77257,141004,5868,Gl 598,27Lam Ser,Kryx,15.77406,7.353073,12.1242,-225.509995,-68.519997,-68.5,4.42,4.002,G0,0.604,-6.61701,-10.039373,1.551618,0.00002689,0.00006488,-0.00001296,4.129639,0.128335,-1.09E-06,-3.32E-07,Lam,27,Ser,1,77022,,2.183735,,0,0,1.05,1.1,0,0,0,6000,,2.56,1.09,2.43,1.39,,,
77172,,77408,141272,,NN 3917,,Nirah,15.802629,1.571739,21.2902,-176.19,-166.72,-28.4,7.44,5.799,G8,0.801,-11.578688,-17.856506,0.583954,0.00000028,0.00003386,-0.000018,4.137118493,0.027432026,-8.54193E-07,-8.08281E-07,,0,Ser,1,77172,,0.417253511,V382,7.472,7.412,0.882,0.84,0,0,0,5320,,1.42,0.6,1.35,0.76,,,
78498,,78738,144087,0,Wo 9541A,,Enlil,16.073868,-11.44938,25.2589,-69.169998,-20.93,-31.5,7.44,5.428,G8,0.75,-11.961101,-21.674656,-5.013889,0.00000809,0.00003218,0.00000388,4.208128,-0.199829,-3.35E-07,-1.01E-07,,0,Sco,1,78498,Wo 9541,0.587219,,7.72,7.39,0.882,0.84,0,0,0,5320,,1.41,0.59,1.34,0.75,,,
79252,,79492,145958,0,Gl 615.1A,,Sparta,16.22179,13.526911,23.5849,183.410004,-418.700012,18.1,6.68,4.817,G8,0.764,-10.293638,-20.490568,5.516595,0.00000563,-0.0000355,-0.00004221,4.246855,0.236089,8.89E-07,-2.03E-06,,0,Her,1,79252,Gl 615.1,1.030861,,0,0,0.882,0.84,0,0,0,5320,,1.87,0.78,1.77,0.99,Giant geysers,III,
79431,,79672,146233,6060,Gl 616,18    Sco,Jaffa,16.260351,-8.369442,13.9005,232.160004,-495.839996,12,5.49,4.775,G1,0.652,-6.049152,-12.350743,-2.023308,0.00001085,-0.00001342,-0.00003484,4.25695,-0.146074,1.13E-06,-2.40E-06,,18,Sco,1,79431,,1.071519,,0,0,1.03,1.05,0,0,0,5915,,1.81,0.77,1.72,0.98,Only giant canyons are habitable,IV,
81444,,81693,150680,6212,Gl 635A,40Zet Her,Bradbury,16.688112,31.602726,10.7158,-462.579987,345.049988,-70.400002,2.81,2.66,F9,0.65,-3.073152,-8.593139,5.615032,0.00000118,0.00007468,-0.00002246,4.368938,0.551572,-2.24E-06,1.67E-06,Zet,40,Her,1,81444,Gl 635,7.516229,,0,0,1.08,1.14,119106,0.08043,16589.87109,5820,subgiant,4.82,2.05,4.58,2.6,,,
82337,,82588,152391,0,Gl 641,,Tidacha,16.883001,-0.026421,17.250299,-711.75,-1483.650024,45.400002,6.65,5.466,G8,0.749,-4.973027,-16.518349,-0.007955,-0.00007036,-0.00002726,-0.00012409,4.419959,-0.000461,-3.45E-06,-7.19E-06,,0,Oph,1,82337,,0.567022,V2292,6.677,6.617,0.882,0.84,0,0,0,5320,,1.38,0.58,1.32,0.735,Harsh winds,I,
83021,,83276,153631,0,Gl 650,,Masada,17.019655,-13.567129,27.382299,-14.86,-323.369995,83.400002,7.12,4.933,G2,0.608,-6.757095,-25.747034,-6.423637,-0.0000204,-0.00006996,-0.00006173,4.455735,-0.236791,-7.20E-08,-1.57E-06,,0,Oph,1,83021,,0.926403,,0,0,1,1,0,0,0,5830,,1.69,0.72,1.6,0.91,Corrosive rain,III,
83344,,83601,154417,6349,Gl 654.1,,Heisenberg,17.088005,0.702559,20.6654,-15.67,-335.109985,-15.8,6,4.424,F9,0.578,-4.886918,-20.077518,0.253391,0.0000022,0.00001567,-0.00003377,4.473629,0.012262,-7.60E-08,-1.62E-06,,0,Oph,1,83344,,1.480471,V2213,6.021,5.991,1.08,1.14,0,0,0,6015,,2.14,0.91,2.03,1.15,Surface half dark/half light,V-a,
83865,,84123,0,0,Gl 660A,,Lunara,17.197851,-1.851765,10.1843,-534.659973,-326.410004,0,11.45,11.41,G4,1.6,-2.121931,-9.955354,-0.329093,-0.00002571,0.00000601,-0.00001611,4.502387,-0.032319,-2.59E-06,-1.58E-06,,0,Oph,1,83865,Gl 660,0.237684,,11.547,11.377,0.953333,0.953333,0,0,0,5660,,0.87,0.368,0.825,0.467,Giant canyons,II,
84147,,84405,155885,6401,Gl 663A,36    Oph,Artemis,17.255836,-26.602829,5.9333,-473.690002,-1143.930054,0.9,4.33,5.464,K2,0.855,-1.027046,-5.204798,-2.656955,-0.00001067,0.00001628,-0.00002983,4.517567,-0.464307,-2.30E-06,-5.55E-06,,36,Oph,1,84147,Gl 663,0.568068,,0,0,0.806,0.744,119135,0.051917,10708.58008,4870,,1.44,0.59,1.37,0.75,,,
84604,,84862,157214,6458,Gl 672,72    Her,Nemeria,17.34432,32.467743,14.3266,135.399994,-1040.550049,-79.099998,5.38,4.599,G0,0.619,-2.064569,-11.909033,7.690492,0.0000143,0.00002741,-0.0001044,4.540732,0.566669,6.56E-07,-5.04E-06,,72,Her,1,84604,,1.260085,,0,0,1.05,1.1,0,0,0,6000,,1.95,0.83,1.85,1.05,,,
84636,,84893,156897,6445,Gl 670A,40Xi  Oph,Xi Ophiuchi,17.350101,-21.112932,17.355101,262.01001,-204.740005,-8.8,4.39,3.193,F2,0.394,-2.741337,-15.956245,-6.251407,0.0000242,0.00001066,-0.00001283,4.542246,-0.36849,1.27E-06,-9.93E-07,Xi,40,Oph,1,84636,Gl 670,4.600447,,0,0,30.000004,1.54,119147,0.04239,8743.561523,3900,giant,4.43,1.74,4.2,2.21,Lakes of liquid Lead,II,
85264,,85523,0,0,Gl 674,,Sakharov,17.47772,-46.895191,4.5405,573.320007,-879.840027,-10.2,9.38,11.094,M3,1.553,-0.422874,-3.073668,-3.314975,0.0000154,0.00001935,-0.00000562,4.575656,-0.818475,2.78E-06,-4.27E-06,,0,Ara,1,85264,,0.00318,,0,0,0.506,0.366,0,0,0,3600,,0.119,0.046,0.113,0.058,,,
85407,,85667,158614,6516,Gl 678A,,Alpha Marae,17.506611,-1.062922,16.342501,-126.639999,-172,-77.300003,5.31,4.243,G8,0.715,-2.10463,-16.202881,-0.303147,0.00000026,0.00007993,-0.00001216,4.58322,-0.018551,-6.14E-07,-8.34E-07,,0,Oph,1,85407,Gl 678,1.749041,,0,0,17,0.84,0,0,0,5500,giant,2.4,1.01,2.27,1.28,,,
85769,,86032,159561,6556,Gl 681,55Alp Oph,Rasalhague,17.582241,12.560035,14.8965,110.080002,-222.610001,12.6,2.08,1.215,A5,0.155,-1.587067,-14.453242,3.239454,0.00000615,-0.00001685,-0.00001289,4.60302,0.219214,5.34E-07,-1.08E-06,Alp,55,Oph,1,85769,,28.444611,,0,0,6.15,2.1,0,0,0,8040,subgiant,8.35,3.63,7.92,4.6,,,
86469,,86736,160915,6595,Gl 692,58    Oph,Feynman,17.723833,-21.683193,17.6523,-97.93,-44.57,10.2,4.86,3.626,F6,0.469,-1.184939,-16.360472,-6.522104,-0.00000896,-0.00000766,-0.0000074,4.640089,-0.378443,-4.75E-07,-2.16E-07,,58,Oph,1,86469,,3.087451,,0,0,1.17,1.26,0,0,0,6510,,2.92,1.26,2.78,1.6,Tide locked & ring fracture,I,
86475,,86742,161096,6603,,60Bet Oph,Cebalrai,17.724543,4.567303,25.094101,-40.669998,158.800003,-12,2.76,0.762,K2,1.168,-1.802333,-24.949291,1.998237,-0.00000394,0.00001409,0.00001828,4.640275,0.079714,-1.97E-07,7.70E-07,Bet,60,Oph,1,86475,,43.171783,,0,0,81,0.744,0,0,0,4870,giant,12.58,5.18,11.94,6.59,,,
86705,,86974,161797,6623,Gl 695A,86Mu  Her,Andromas,17.774319,27.720676,8.3105,-291.420013,-750,-16.700001,3.42,3.822,G5,0.75,-0.434406,-7.3437,3.865655,-0.00001166,0.00000175,-0.00003469,4.653306,0.483817,-1.41E-06,-3.64E-06,Mu,86,Her,1,86705,Gl 695,2.577508,,0,0,0.93,0.93,0,0,0,5590,subgiant,2.88,1.22,2.74,1.54,Liquid methane volcanos,VI-b,
87665,,87937,0,0,Gl 699,,Barnard's Star,17.963472,4.693388,1.8238,-797.840027,9999.990234,-111,9.54,13.235,M4,1.57,-0.017373,-1.816613,0.149123,-0.00000591,0.0001204,0.00007888,4.702826,0.081915,-3.87E-06,5.01E-05,,0,Oph,1,87665,,0.000443,V2500,9.59,9.49,0.382,0.262,0,0,0,3130,,0.05,0.02,0.04,0.02,,,
87902,,88175,164259,6710,Gl 699.2,57Zet Ser,Schrodinger,18.008059,-3.690269,23.5516,154.169998,-44.43,-42.900002,4.62,2.76,F3,0.39,0.049583,-23.502333,-1.515823,0.00001751,0.00004415,-0.00000224,4.714499,-0.064407,7.47E-07,-2.15E-07,Zet,57,Ser,1,87902,,6.854882,,0,0,1.24,1.46,0,0,0,7005,,4.22,1.83,4.01,2.32,Polar oasis & magma fields,V,
88327,,88601,165341,6752,Gl 702A,70    Oph,Narion,18.090914,2.500099,5.0834,124.559998,-962.659973,-6.9,4.03,5.499,K0,0.86,0.120862,-5.077062,0.221741,0.00000293,0.00000609,-0.00002401,4.73619,0.043635,6.04E-07,-4.67E-06,,70,Oph,1,88327,Gl 702,0.550047,V2391,4.05,4.02,0.85,0.78,119198,0.002159,445.229828,5200,,1.38,0.58,1.31,0.73,,,
89684,,89962,168723,6869,Gl 711,58Eta Ser,Leviathan,18.355167,-2.898825,18.542601,-547.570007,-700.719971,6.9,3.23,1.889,K0,0.941,1.719456,-18.438938,-0.937748,-0.00004865,-0.00000842,-0.00006326,4.805371,-0.050594,-2.65E-06,-3.40E-06,Eta,58,Ser,1,89684,,15.289737,,0,0,53,0.78,0,0,0,4890,giant,7.47,3.08,7.09,3.9,,,
90582,,90864,171067,0,GJ 1229,,Bardeen,18.53624,13.736565,25.980801,112.720001,122.93,-45.299999,7.2,5.127,G8,0.692,3.53137,-24.98901,6.169255,0.00000725,0.00005019,0.00000404,4.852776,0.239748,5.46E-07,5.96E-07,,0,Her,1,90582,,0.774819,,0,0,0.882,0.84,0,0,0,5320,,1.62,0.68,1.54,0.86,Giant volcano,II,
90979,,91262,172167,7001,Gl 721,3Alp Lyr,Vega,18.615641,38.783691,7.6787,201.020004,287.459991,-12.1,0.03,0.604,A0,-0.001,0.960565,-5.908009,4.809731,0.00000476,0.00001734,0.00000059,4.873563,0.676903,9.75E-07,1.39E-06,Alp,3,Lyr,1,90979,,49.934418,,0,0,2.5,3.2,0,0,0,10000,,15.53,6.6,14.74,8.37,,,
91156,,91438,172051,6998,Gl 722,,Linnaeus,18.648169,-21.05187,13.0839,-74.879997,-151.869995,38.599998,5.85,5.266,G5,0.673,2.062141,-12.035562,-4.700031,0.00000096,-0.0000337,-0.00002317,4.882079,-0.367424,-3.63E-07,-7.36E-07,,0,Sgr,1,91156,,0.681711,,0,0,0.93,0.93,0,0,0,5575,,1.49,0.63,1.41,0.79,Lakes of liquid Lithium,I,
91756,,92043,173667,7061,Gl 725.2,110    Her,Newton,18.761036,20.546309,19.208599,-9.25,-335.649994,22.299999,4.19,2.773,F6,0.483,3.560021,-17.631081,6.741603,0.00000555,-0.00003186,-0.00002126,4.911627,0.358601,-4.48E-08,-1.63E-06,,110,Her,1,91756,,6.773295,,0,0,1.17,1.26,0,0,0,6510,,4.33,1.87,4.11,2.37,,,
97338,,97649,187642,7557,Gl 768,53Alp Aql,Altair,19.846388,8.868322,5.1295,536.820007,385.540009,-26.1,0.76,2.21,A7,0.221,2.355468,-4.4873,0.790749,-0.00000112,0.00003087,0.00000536,5.195772,0.154781,2.60E-06,1.87E-06,Alp,53,Aql,1,97338,,11.376273,Alp,0.803,0.753,9.600001,1.94,0,0,0,7200,giant,5.39,2.34,5.11,2.96,,,
98924,,99240,190248,7665,Gl 780,Del Pav,Delta Pavonis,20.145157,-66.182068,6.1084,1210.290039,-1130.339966,-21.700001,3.55,4.62,G5,0.751,1.313772,-2.087713,-5.587991,0.00000926,0.00005259,0.00000678,5.27399,-1.155095,5.87E-06,-5.48E-06,Del,0,Pav,1,98924,,1.235947,,0,0,0.93,0.93,0,0,0,5600,subgiant,1.99,0.84,1.89,1.07,Tall mountain,Nascent,
103879,,104214,201091,8085,Gl 820A,61    Cyg,Piazzi,21.114794,38.749416,3.4865,4155.100098,3258.899902,-64.800003,5.2,7.488,K5,1.069,1.979356,-1.863636,2.181892,-0.00001456,0.0001102,0.00000149,5.52784,0.676305,2.01E-05,1.58E-05,,61,Cyg,1,103879,Gl 820,0.088064,V1803,5.682,5.002,0.74,0.69,103883,0.011516,2375.421875,4375,variable,0.59,0.24,0.56,0.3,,,
103883,,104217,201092,8086,Gl 820B,61    Cyg,Bessel,21.115164,38.742054,3.498,4107.399902,3143.719971,-64.300003,6.05,8.331,K7,1.309,1.986273,-1.869789,2.188742,-0.00001387,0.00010874,0.00000044,5.527937,0.676176,1.99E-05,1.52E-05,,61,Cyg,2,103879,Gl 820,0.040514,,0,0,0.696,0.602,103879,0.011516,2375.421875,4045,,0.41,0.16,0.39,0.21,,,
118021,,0,0,0,Gl 34B,,Carinae,0.817022,57.817364,5.9527,1097.52002,-509.450012,10.5,7.51,8.636,K7,1.39,3.098396,0.673787,5.03855,0.00001103,0.0000348,0.00000126,0.213896,1.009103,5.32E-06,-2.47E-06,,0,CAS,2,3814,Gl  34,0.030591,,0,0,0.696,0.602,3814,0.000478,98.540192,4045,,0.36,0.14,0.34,0.18,,,
118043,,0,0,0,Gl 53B,,Beta Andraste,1.135395,54.920395,7.5529,3425.070068,-1575.359985,0,11,11.609,M3,0,4.149624,1.273905,6.180949,0.00000853,0.00013373,-0.00003313,0.297246,0.958542,1.66E-05,-7.64E-06,,0,CAS,2,5325,Gl  53,0.001979,,0,0,0.444,0.314,5325,0.000275,56.774551,3280,,0.1,0.04,0.09,0.05,,,
118441,,0,0,0,Gl 244B,,Canis,6.752559,-16.71524,2.6371,-543.200012,-1203.050049,0,8.44,11.334,WD,-0.03,-0.494379,2.476814,-0.75847,0.00000768,-0.00000297,-0.00001473,1.767816,-0.291736,-2.63E-06,-5.83E-06,,0,CMa,2,32263,Gl 244,0.002549,,0,0,0.008,0.5,32263,0.000101,20.882719,25200,,0,0,0,0,,,
118493,,0,0,0,Gl 280B,,Procyon B,7.655006,5.226824,3.4974,-702.340027,-1021.919983,0,10.7,12.981,WD,0,-1.462274,3.161021,0.31861,0.00001014,0.00000644,-0.00001725,2.004076,0.091225,-3.41E-06,-4.95E-06,,0,CMi,2,37173,Gl 280,0.000559,,0,0,0.014,0.6,37173,0.016764,3457.782227,7740,,0.04,0.02,0.04,0.02,,,
118720,,0,0,0,Gl 406,,Wolf,10.941484,7.01532,2.3906,-3822.949951,-2716.830078,13,13.45,16.556999,M6,2,-2.282811,0.649334,0.292057,-0.00000433,0.00004728,-0.00002961,2.864474,0.12244,-1.85E-05,-1.32E-05,,0,,1,118720,,0.000021,,0,0,0.256667,0.173333,0,0,0,2860,,0,0,0,0,,,
118742,,55203,98231,4375,Gl 423A,53Xi  UMa,Ursae Majoris,11.303118,31.528784,10.4167,-425.23999,-581.01001,-15.9,4.33,4.241,F8,0.59,-8.73089,1.610966,5.446747,0.00000243,0.00002139,-0.00003351,2.959149,0.550281,-2.06E-06,-2.82E-06,Xi,53,UMa,1,118742,Gl 423,1.752266,,0,0,1.02,0.97,118743,0.000118,24.240282,6000,,2.29,0.98,2.18,1.24,,,
118743,,0,98230,4374,Gl 423B,53Xi  UMa,Ursae Minoris,11.303118,31.528784,10.4167,-425.23999,-581.01001,-13.6,4.8,4.711,G2,0,-8.730989,1.610983,5.446808,0.00000046,0.00002175,-0.00003228,2.959149,0.550281,-2.06E-06,-2.82E-06,Xi,53,UMa,2,118742,Gl 423,1.210658,,0,0,0.92,0.86,118742,0.000118,24.240282,5700,,1.85,0.79,1.75,1,Giant plateau habitalbe,I,
118771,,0,0,0,Gl 442B,,Beta Tirna,11.776003,-40.495552,9.2396,-1540.050049,395.420013,0,15,15.172,M5,0,-7.014188,0.412626,-6.000094,-0.00000747,0.00006953,0.00001347,3.08295,-0.706781,-7.47E-06,1.92E-06,,0,,2,57270,Gl 442,0.000074,,0,0,0.32,0.21,57270,0.018686,3854.166016,3000,,0.02,0.01,0.02,0.01,Dwarf planet in asteroid belt,,
118818,,0,0,0,NN 3727A,,Bolivar,12.481423,-10.664672,12.0482,-279.619995,14.65,0,10.96,10.555,M3,1.51,-11.746178,-1.488318,-2.229648,-0.00000221,0.00001618,0.00000084,3.267629,-0.186134,-1.36E-06,7.10E-08,,0,Vir,1,118818,NN 3727,0.005224,,0,0,0.444,0.314,118819,0.000862,177.783859,3280,,0.16,0.06,0.15,0.08,,,
118819,,0,0,0,NN 3728B,,Rivera,12.481145,-10.664674,12.0482,-279.619995,14.65,0,11,10.595,G5,0,-11.746287,-1.487463,-2.229649,-0.00000221,0.00001618,0.00000084,3.267556,-0.186134,-1.36E-06,7.10E-08,,0,Vir,2,118819,NN 3728,0.005035,,0,0,0.93,0.93,118818,0.000862,177.783859,5575,,0.13,0.05,0.12,0.07,,,
118959,,0,0,0,Gl 544B,,Bannoc Secondus,14.326332,-5.151874,20.781401,-627.150024,-127.589996,0,15.1,13.512,M4,0,-16.976093,-11.840462,-1.866087,-0.00003521,0.00005248,-0.0000128,3.750625,-0.089917,-3.04E-06,-6.19E-07,,0,,2,69793,Gl 544,0.000343,,0,0,0.382,0.262,69793,0.099719,20568.44727,3140,,0.04,0.02,0.04,0.02,,,
118988,,0,0,0,Gl 566B,,Maheo,14.856488,19.099249,6.6997,135.410004,-102.779999,3.1,6.97,7.84,K4,1.16,-4.64172,-4.305423,2.192231,-0.00000001,-0.000006,-0.00000212,3.88942,0.333345,6.56E-07,-4.98E-07,,0,Boo,2,72432,Gl 566,0.06368,,0,0,0.762,0.708,72432,0.012462,2570.413574,4540,,0.5,0.2,0.47,0.26,,,
119039,,0,0,0,Gl 596.1B,,Copernicus Minor,15.73386,2.513094,14.6714,-55.77,-149.970001,0,12,11.168,M6,0,-8.194576,-12.152574,0.643307,-0.00000355,0.00000183,-0.00001066,4.119115,0.043862,-2.70E-07,-7.27E-07,,0,Ser,2,76816,Gl 596.1,0.00297,,0,0,0.256667,0.173333,76816,0.012738,2627.37915,2860,,0.12,0.05,0.11,0.06,,,
119058,,0,144070,5978,Wo 9540A,Xi  Sco,Beta Ternion,16.072775,-11.374611,24.3309,-61.630001,-33.189999,-32.200001,4.84,2.909,F6,0.45,-11.530023,-20.879358,-4.798287,0.00000962,0.00003245,0.00000266,4.207842,-0.198524,-2.99E-07,-1.61E-07,Xi,0,Sco,1,119058,Wo 9540,5.975854,,0,0,1.17,1.26,119059,0.000143,29.423658,6510,,4.07,1.76,3.86,2.22,,,
119059,,0,144069,5977,Wo 9540B,Xi  Sco,Proxima Ternion,16.072775,-11.374611,24.3309,-61.630001,-33.189999,-29.4,5,3.069,F6,0,-11.530091,-20.87948,-4.798316,0.00000826,0.00002999,0.00000209,4.207842,-0.198524,-2.99E-07,-1.61E-07,Xi,0,Sco,2,119058,Wo 9540,5.157034,,0,0,1.17,1.26,119060,0.000799,164.835526,6510,,3.78,1.63,3.59,2.07,Volcanic oases,IV,
119060,,0,0,0,Wo 9540C,,Alpha Ternion,16.072767,-11.372747,24.3309,-67.389999,-18.940001,-31.299999,7.3,5.369,G8,0.75,-11.530152,-20.879517,-4.79752,0.00000843,0.0000317,0.00000412,4.207841,-0.198492,-3.27E-07,-9.18E-08,,0,Sco,3,119058,Wo 9540,0.620012,,0,0,0.882,0.84,119058,0.000794,163.703842,5320,,1.45,0.61,1.38,0.77,,,
119105,,0,0,0,NN 3969,,Decaran,16.696112,-5.82428,23.2558,19.17,-219.160004,0,12.06,10.227,G9,1.5,-7.745072,-21.800842,-2.359949,0.00000288,0.00000164,-0.00002458,4.371032,-0.101653,9.29E-08,-1.06E-06,,0,,1,119105,,0.007066,,0,0,0.866,0.81,0,0,0,5235,,0.16,0.07,0.15,0.08,,,
119106,,0,0,0,Gl 635B,,McClure,16.688156,31.601208,10.7956,-467.970001,391.279999,0,5.4,5.234,K0,0,-3.096312,-8.657766,5.656936,-0.00001945,0.00001835,0.00001744,4.368949,0.551545,-2.27E-06,1.90E-06,,0,Her,2,81444,Gl 635,0.702102,,0,0,0.85,0.78,81444,0.08043,16589.87109,5200,,1.56,0.65,1.48,0.82,,,
119135,,0,155886,6402,Gl 663B,36    Oph,Apollo,17.255733,-26.603214,5.9852,-492.429993,-1127.130005,0.5,5.07,6.185,K1,0.85,-1.036233,-5.250282,-2.680239,-0.00001127,0.00001668,-0.00002947,4.51754,-0.464314,-2.39E-06,-5.46E-06,,36,Oph,2,84147,Gl 663,0.292415,,0,0,0.828,0.762,84147,0.051917,10708.58008,5035,,1.02,0.42,0.97,0.54,Polar ring mountains & icy valley,I,
119143,,0,0,0,Gl 667B,,Oborum Prime,17.315628,-34.992893,6.9711,1145.079956,-185.460007,1,7.2,7.983,K5,0,-1.017406,-5.619572,-3.99778,0.00003857,-0.00000419,-0.00000572,4.533221,-0.610741,5.55E-06,-8.99E-07,,0,Sco,2,84451,Gl 667,0.055821,,0,0,0.74,0.69,119144,0.000739,152.42453,4375,,0.47,0.19,0.45,0.24,,,
119144,,0,0,0,Gl 667C,,Oborum Secondus,17.315929,-34.997665,6.9711,1167.640015,-170.339996,0.6,10.24,11.023,M2,1.57,-1.016894,-5.61931,-3.998244,0.00003933,-0.00000429,-0.00000507,4.5333,-0.610824,5.66E-06,-8.26E-07,,0,Sco,3,84451,Gl 667,0.003395,,0,0,0.506,0.366,119143,0.000739,152.42453,3420,,0.12,0.05,0.12,0.06,,,
119147,,0,0,0,Gl 670B,,Zeta Ophiuchi,17.34992,-21.115276,17.3974,230.369995,-207.429993,0,8.9,7.698,K3,0,-2.74869,-15.994834,-6.267336,0.00002022,0.00000292,-0.00001632,4.542199,-0.368531,1.12E-06,-1.01E-06,,0,Oph,2,84636,Gl 670,0.072577,,0,0,0.784,0.726,84636,0.04239,8743.561523,4705,,0.52,0.21,0.5,0.27,,,
119159,,0,0,0,Gl 678B,,Beta Marae,17.50651,-1.064706,16.447399,-118.339996,-173.479996,-73.800003,6.2,5.12,G8,0,-2.118168,-16.303766,-0.305548,0.0000004,0.00007631,-0.00001243,4.583194,-0.018583,-5.74E-07,-8.41E-07,,0,Oph,2,85407,Gl 678,0.77983,,0,0,22,0.84,0,0,0,5500,giant,1.6,0.67,1.52,0.85,No oceans & lots of rivers and lakes,I,
119198,,0,0,0,Gl 702B,,Valo,18.09099,2.498264,5.086,252.270004,-1101.47998,-10,6,7.468,K5,1.15,0.121015,-5.079214,0.221672,0.000006,0.00000917,-0.00002758,4.73621,0.043603,1.22E-06,-5.34E-06,,0,Oph,2,88327,Gl 702,0.089702,,0,0,0.74,0.69,88327,0.002159,445.229828,4375,,0.6,0.24,0.57,0.31,,,
119217,,0,0,0,NN 4056,,Nikola,18.40147,1.683412,13.8889,170.570007,-196.220001,0,11.84,11.127,G5,1.56,1.456471,-13.806294,0.408012,0.00001146,0.00000082,-0.00001321,4.817493,0.029381,8.27E-07,-9.51E-07,,0,Ser,1,119217,,0.003085,,0,0,0.93,0.93,0,0,0,5575,,0.1,0.04,0.1,0.05,Huge crater,I,
